https://blog.sina.com.cn/s/blog_6943970c0102zqiv.html	丁悦.2015-迷恋你【乐意唱片】【FLAC分轨】
https://blog.sina.com.cn/s/blog_6943970c0102zqic.html	麦伟林麦玮婷.2003-流行篇【瑞华】【WAV+CUE】
https://blog.sina.com.cn/s/blog_6943970c0102zqib.html	古天乐.2003-MR.COOL【大国文化】【WAV+CUE】
https://blog.sina.com.cn/s/blog_6943970c0102zqia.html	群星.2004-心恋 电影原声带【滚石】【FLAC分轨】
https://blog.sina.com.cn/s/blog_6943970c0102zqi9.html	张学友.1992-爱、火、花（2025环球MQAUHQCD限量版）【环球】【WAV+…
https://blog.sina.com.cn/s/blog_6943970c0102zqi8.html	包娜娜.1974-长发为君剪【银河唱片】【FLAC分轨】
https://blog.sina.com.cn/s/blog_6943970c0102zqi7.html	王瑞霞.2009-多谢!你的爱新歌+精丫喜玛拉雅】【WAV+CUE】
https://blog.sina.com.cn/s/blog_6943970c0102zqi6.html	温兆伦.1993-永远是你【飞碟】【WAV+CUE】
https://blog.sina.com.cn/s/blog_6943970c0102zqi5.html	群星.2025-临江仙影视剧原声带【东阳欢娱】【FLAC分轨】
https://blog.sina.com.cn/s/blog_6943970c0102zqi4.html	顾芮宁.2016-Elaine.Koo【环球】【FLAC分轨】
https://blog.sina.com.cn/s/blog_6943970c0102zqi3.html	关淑怡.2022-环球经典礼赞5【环球】【WAV+CUE】
https://blog.sina.com.cn/s/blog_6943970c0102zqi2.html	白举纲.2025-荒野爱人【TME影音】【FLAC分轨】
https://blog.sina.com.cn/s/blog_6943970c0102zqi1.html	潘玮柏.2003-壁虎漫步（改装版）【环球】【WAV+CUE】
https://blog.sina.com.cn/s/blog_6943970c0102zqi0.html	群星.2001-金曲大贏家VOL.3【滚石】【WAV+CUE】
https://blog.sina.com.cn/s/blog_6943970c0102zqhz.html	侧田.2005-JUSTIN【金牌大风】【WAV+CUE】
https://blog.sina.com.cn/s/blog_6943970c0102zqhy.html	李雅芳.1974-温暖在心里【银河唱片】【FLAC分轨】
https://blog.sina.com.cn/s/blog_6943970c0102zqhx.html	林子娟.2011-心痛阮甘愿【乾坤】【WAV+CUE】
https://blog.sina.com.cn/s/blog_6943970c0102zqhw.html	吕方.1993-多爱你一天【飞碟】【WAV+CUE】
https://blog.sina.com.cn/s/blog_6943970c0102zqhv.html	陈子贤.2022-玛丽Mary【华特】【FLAC分轨】
https://blog.sina.com.cn/s/blog_6943970c0102zqhu.html	陈慧琳.1996-谁愿放手精选17首【正东】【WAV+CUE】
https://blog.sina.com.cn/s/blog_6943970c0102zqht.html	邓小巧.2018-Inner.Voice（EP）【寰亚】【FLAC分轨】
https://blog.sina.com.cn/s/blog_6943970c0102zqhs.html	关淑怡.2022-环球经典礼赞4【环球】【WAV+CUE】
https://blog.sina.com.cn/s/blog_6943970c0102zqhr.html	易烊千玺.2025-楔石（EP）【羊踯躅文化】【FLAC分轨】
https://blog.sina.com.cn/s/blog_6943970c0102zqho.html	伍咏薇.1995-不想爱失去【EMI百代】【WAV+CUE】
https://blog.sina.com.cn/s/blog_6943970c0102zqhn.html	何洁.2015-Double.Double（EP）【华谊兄弟】【FLAC分轨】
https://blog.sina.com.cn/s/blog_6943970c0102zqhl.html	唐俪.2016-月娘我问你【豪记】【WAV+CUE】
https://blog.sina.com.cn/s/blog_6943970c0102zqhk.html	群星.2024-新歌唱兵团【中国文联】【FLAC分轨】
https://blog.sina.com.cn/s/blog_6943970c0102zqhj.html	梁朝伟.1989-谁愿（华星40经典）【华星】【WAV+CUE】
https://blog.sina.com.cn/s/blog_6943970c0102zqhi.html	后弦.2005-古·玩【东升世纪】【WAV+CUE】
https://blog.sina.com.cn/s/blog_6943970c0102zqhg.html	关淑怡.2021-环球经典礼赞3【环球】【WAV+CUE】
https://blog.sina.com.cn/s/blog_6943970c0102zqhf.html	邓紫棋.2025-I.AM.GLORIA【GNation】【FLAC分轨】
https://blog.sina.com.cn/s/blog_6943970c0102zqhe.html	金城武.1994-温柔超人【福隆唱片】【WAV+CUE】
https://blog.sina.com.cn/s/blog_6943970c0102zqhd.html	群星.1988-SUPER.REMIX【宝丽金】【WAV+CUE】
https://blog.sina.com.cn/s/blog_6943970c0102zqhc.html	高胜美.1987-老歌4辑【上格】【WAV+CUE】
https://blog.sina.com.cn/s/blog_6943970c0102zqhb.html	王菲.2001-王菲2001.2CD【EMI百代】【WAV+CUE】
https://blog.sina.com.cn/s/blog_6943970c0102zqha.html	洪荣宏.2023-你爱听的彼首歌【华特】【FLAC分轨】
https://blog.sina.com.cn/s/blog_6943970c0102zqh9.html	余天.1996-最后的爱·从心中走过【新笛】【WAV+CUE】
https://blog.sina.com.cn/s/blog_6943970c0102zqh8.html	谷行云.1981-云知道你是谁【风格】【FLAC分轨】
https://blog.sina.com.cn/s/blog_6943970c0102zqh7.html	陈松龄.1995-爱到一千年【环星】【WAV+CUE】
https://blog.sina.com.cn/s/blog_6943970c0102zqh6.html	群星.2025-雄狮少年音乐剧原声带精选集【广州大剧院】【FLAC分轨】
https://blog.sina.com.cn/s/blog_6943970c0102zqh5.html	关淑怡.2021-环球经典礼赞2【环球】【WAV+CUE】
https://blog.sina.com.cn/s/blog_6943970c0102zqh4.html	以捷.2025-我有我的小计谋【发现梦想】【FLAC分轨】
https://blog.sina.com.cn/s/blog_6943970c0102zqh2.html	林灵.1986-三个字（2007喜玛拉雅复刻版）【海丽唱片】【WAV+CUE】
https://blog.sina.com.cn/s/blog_6943970c0102zqh1.html	蔡小虎.2010-问感情【豪记】【WAV+CUE】
https://blog.sina.com.cn/s/blog_6943970c0102zqh0.html	凤飞飞.2012-下辈子再唱给您们听5CD【华纳】【WAV+CUE】
https://blog.sina.com.cn/s/blog_6943970c0102zqgz.html	群星.1983-流行国（台）语发烧热唱2辑【上格】【WAV+CUE】
https://blog.sina.com.cn/s/blog_6943970c0102zqgy.html	陈百强.1987-梦里人（2025环球MQAUHQCD限量版）【环球】【WAV+CUE…
https://blog.sina.com.cn/s/blog_6943970c0102zqgx.html	蔡佳麟.2017-犹原爱着你【时代创艺】【FLAC分轨】
https://blog.sina.com.cn/s/blog_6943970c0102zqgw.html	萧亚轩.2014-不解释亲吻【SONY】【WAV+CUE】
https://blog.sina.com.cn/s/blog_6943970c0102zqgv.html	谷祖琳.2002-谷祖琳【华纳】【FLAC分轨】
https://blog.sina.com.cn/s/blog_6943970c0102zqgu.html	李亚明.1993-放轻松【福茂】【WAV+CUE】
https://blog.sina.com.cn/s/blog_6943970c0102zqgt.html	符爱铃.1981-献给心爱的人3辑【风格】【FLAC分轨】
https://blog.sina.com.cn/s/blog_6943970c0102zqgs.html	关淑怡.2017-环球经典礼赞1【环球】【WAV+CUE】
https://blog.sina.com.cn/s/blog_6943970c0102zqgq.html	TWINS.2007-TWINS.PARTY.2CD【英皇娱乐】【WAV+CUE】
https://blog.sina.com.cn/s/blog_6943970c0102zqgp.html	阿妹妹.1999-想【丰华】【FLAC分轨】
https://blog.sina.com.cn/s/blog_6943970c0102zqgo.html	群星.2010-最爱民谣辑【GOLDISC】【WAV+CUE】
https://blog.sina.com.cn/s/blog_6943970c0102zqgn.html	谷行云谷诗蕾符爱铃.1981-与你齐唱NON.STOP.18【风格】【FLAC分轨…
https://blog.sina.com.cn/s/blog_6943970c0102zqgm.html	东方快车.1992-战火【EMI百代】【WAV+CUE】
https://blog.sina.com.cn/s/blog_6943970c0102zqgl.html	陈百潭.1994-百万金曲2辑【吉马】【FLAC分轨】
https://blog.sina.com.cn/s/blog_6943970c0102zqgk.html	邝美云-3【环球】【WVA+CUE】
https://blog.sina.com.cn/s/blog_6943970c0102zqgj.html	温兆伦.1990-没有你之后【娱乐唱片】【WAV+CUE】
https://blog.sina.com.cn/s/blog_6943970c0102zqgi.html	孙浩.1997-老朋友,你好吗？【英冠文化】【FLAC分轨】
https://blog.sina.com.cn/s/blog_6943970c0102zqgh.html	陈慧娴.2025-The.Fabulous.40.Priscilla.LIVE.IN.HONG.KONG.3CD【…
https://blog.sina.com.cn/s/blog_6943970c0102zqgg.html	蔡家蓁.2022-无碍【福茂】【FLAC分轨】
https://blog.sina.com.cn/s/blog_6943970c0102zqgf.html	阿杜.2004-醇情歌【海蝶】【WAV+CUE】
https://blog.sina.com.cn/s/blog_6943970c0102zqge.html	HOTCHA.2010-我们最爱的新曲+精丫星娱乐】【FLAC分轨】
https://blog.sina.com.cn/s/blog_6943970c0102zqgd.html	群星.1987-快乐天堂【百佳唱片NO.33】【滚石】【WAV+CUE】
https://blog.sina.com.cn/s/blog_6943970c0102zqgc.html	梁咏琪.1998-GIGI【EEI】【WAV+CUE】
https://blog.sina.com.cn/s/blog_6943970c0102zqgb.html	王大文.2019-国际太空站【环球】【FLAC分轨】
https://blog.sina.com.cn/s/blog_6943970c0102zqga.html	黄妃.2015-无字天书【华特】【WAV+CUE】
https://blog.sina.com.cn/s/blog_6943970c0102zqg9.html	方皓玟.2002-DO.YOU.KNOW（引进版）【擎天娱乐】【WAV+CUE】
https://blog.sina.com.cn/s/blog_6943970c0102zqg8.html	朱德宝.2019-大海我问你【华特】【FLAC分轨】
https://blog.sina.com.cn/s/blog_6943970c0102zqg7.html	邝美云.2017-环球经典礼赞2【环球】【WAV+CUE】
https://blog.sina.com.cn/s/blog_6943970c0102zqg5.html	游鸿明.1993-等不及要对你说【歌林】【WAV+CUE】
https://blog.sina.com.cn/s/blog_6943970c0102zqg4.html	高枫.1995-丰收【中唱】【FLAC分轨】
https://blog.sina.com.cn/s/blog_6943970c0102zqg3.html	群星.1979-粤语流行曲白金唱片精选（LP版）【大华唱片】【WAV+CUE…
https://blog.sina.com.cn/s/blog_6943970c0102zqg2.html	百合二重唱.1994-百万金曲1+2【吉马】【FLAC分轨】
https://blog.sina.com.cn/s/blog_6943970c0102zqg1.html	罗敏庄.2006-都市恋歌（2017MQG限量版）【乐意唱片】【WAV+CUE】
https://blog.sina.com.cn/s/blog_6943970c0102zqg0.html	黎明.2005-PERHAPS·传奇版【环球】【WAV+CUE】
https://blog.sina.com.cn/s/blog_6943970c0102zqfz.html	谢莉婷.2020-野花望露【华特】【FLAC分轨】
https://blog.sina.com.cn/s/blog_6943970c0102zqfy.html	许景淳.1995-女人哪【滚石】【WAV+CUE】
https://blog.sina.com.cn/s/blog_6943970c0102zqfx.html	蔡荣祖.2003-久久才见到蔡荣祖精丫BMG】【FLAC分轨】
https://blog.sina.com.cn/s/blog_6943970c0102zqfw.html	邝美云.2016-环球经典礼赞1【环球】【WAV+CUE】
https://blog.sina.com.cn/s/blog_6943970c0102zqfr.html	关心妍.2016-SMILE2CD【星娱乐】【WAV+CUE】
https://blog.sina.com.cn/s/blog_6943970c0102zqfq.html	冯允谦.2014-The.In-Between【英皇娱乐】【FLAC分轨】
https://blog.sina.com.cn/s/blog_6943970c0102zqfp.html	BEYOND.1995-SOUND【滚石】【WAV+CUE】
https://blog.sina.com.cn/s/blog_6943970c0102zqfo.html	群星.2010-顾嘉辉·首张精选作品专辑4CD（金碟珍藏版）【娱乐唱片】…
https://blog.sina.com.cn/s/blog_6943970c0102zqfn.html	白安.2022-没有人写歌给你过吧【相信音乐】【FLAC分轨】
https://blog.sina.com.cn/s/blog_6943970c0102zqfm.html	郑秀文.2007-Show.Mi2007演唱会2CD【东亚】【WAV+CUE】
https://blog.sina.com.cn/s/blog_6943970c0102zqfl.html	唐艾萱.2003-唐艾萱【新力博德曼】【FLAC分轨】
https://blog.sina.com.cn/s/blog_6943970c0102zqfk.html	王识贤.2007-坚强【华特】【WAV+CUE】
https://blog.sina.com.cn/s/blog_6943970c0102zqfj.html	温兆伦.1987-恋爱故事【娱乐唱片】【WAV+CUE】
https://blog.sina.com.cn/s/blog_6943970c0102zqfi.html	洪嘉豪.2025-KAHO.LIVE2024(Live)【华纳】【FLAC分轨】
https://blog.sina.com.cn/s/blog_6943970c0102zqfh.html	刘美君.1989-REMIXES【现代】【WAV+CUE】
https://blog.sina.com.cn/s/blog_6943970c0102zqfg.html	彭佳慧.2025-完整的大人【SONY】【FLAC分轨】
https://blog.sina.com.cn/s/blog_6943970c0102zqff.html	陈美龄.1982-漓江曲（2005年DSD复刻版）【华星】【WAV+CUE】
https://blog.sina.com.cn/s/blog_6943970c0102zqfe.html	甄秀珍.1977-一颗情泪（2018飞跃复刻版）【海山】【WAV+CUE】
https://blog.sina.com.cn/s/blog_6943970c0102zqfd.html	林一峰.2023-在一起【LYFMUSIC】【FLAC分轨】
https://blog.sina.com.cn/s/blog_6943970c0102zqfc.html	谭咏麟.1985-暴风女神Lorelei（宝丽金20世纪光辉印记2024复刻版）…
https://blog.sina.com.cn/s/blog_6943970c0102zqfb.html	许富凯.2017-缝梦【百是时代】【FLAC分轨】
https://blog.sina.com.cn/s/blog_6943970c0102zqfa.html	邓丽欣.2005-COLORING【金牌大风】【WAV+CUE】
https://blog.sina.com.cn/s/blog_6943970c0102zqf9.html	群星.2014-征婚启事电视原声带【滚石】【FLAC分轨】
https://blog.sina.com.cn/s/blog_6943970c0102zqf8.html	赵传.1991-赵传四·粉墨登尘滚石】【WAV+CUE】
https://blog.sina.com.cn/s/blog_6943970c0102zqf7.html	群星.2010-金曲娱乐真经典演唱会3CD【娱乐唱片】【FLAC分轨】
https://blog.sina.com.cn/s/blog_6943970c0102zqf6.html	吕珊.1999-老歌集（2021MQG限量版）【乐意唱片】【WAV+CUE】
https://blog.sina.com.cn/s/blog_6943970c0102zqf5.html	王铮亮.2011-爱的自选【少城时代】【FLAC分轨】
https://blog.sina.com.cn/s/blog_6943970c0102zqf4.html	朱俐静.2020-来日方长【SONY】【FLAC分轨】
https://blog.sina.com.cn/s/blog_6943970c0102zqf3.html	王杰.1996-哑巴的杰作【华纳】【WAV+CUE】
https://blog.sina.com.cn/s/blog_6943970c0102zqf2.html	群星.2018-搭错车音乐剧原声带2CD【相信音乐】【FLAC分轨】
https://blog.sina.com.cn/s/blog_6943970c0102zqf1.html	张韶涵.2005-欧若拉（引进版）【福茂】【WAV+CUE】
https://blog.sina.com.cn/s/blog_6943970c0102zqf0.html	林淑娟.1996-负心的人·金碟珍藏版【风格】【WAV+CUE】
https://blog.sina.com.cn/s/blog_6943970c0102zqez.html	赵英俊.2020-以电影的名义歌唱【奔跑怪物】【FLAC分轨】
https://blog.sina.com.cn/s/blog_6943970c0102zqey.html	庄振凯.2017-床头梦【豪记】【WAV+CUE】
https://blog.sina.com.cn/s/blog_6943970c0102zqex.html	甄楚倩.1992-YOURSYOLINDA【新艺宝】【WAV+CUE】
https://blog.sina.com.cn/s/blog_6943970c0102zqew.html	官恩娜.2010-Being（第2版）【Boombeat】【FLAC分轨】
https://blog.sina.com.cn/s/blog_6943970c0102zqev.html	林子祥.1997-DENON.MASTERSONIC·林子祥2辑【EMI百代】【WAV+CUE】
https://blog.sina.com.cn/s/blog_6943970c0102zqeu.html	汪明荃.1969-黄金与爱情(2014年新世纪复黑版)【百乐】【WAV+CUE】
https://blog.sina.com.cn/s/blog_6943970c0102zqet.html	林子娟.2014-爱真大【美乐帝】【FLAC分轨】
https://blog.sina.com.cn/s/blog_6943970c0102zqes.html	陈思安.1995-酒廊情调32首2CD【新雅】【WAV+CUE】
https://blog.sina.com.cn/s/blog_6943970c0102zqer.html	张镐哲.1990-走吧！朋友【宝丽金】【WAV+CUE】
https://blog.sina.com.cn/s/blog_6943970c0102zqeq.html	李泉.2009-她在北纬26°【当然音乐】【FLAC分轨】
https://blog.sina.com.cn/s/blog_6943970c0102zqep.html	群星.1991-宝丽金1990白金精选2辑【宝丽金】【WAV+CUE】
https://blog.sina.com.cn/s/blog_6943970c0102zqeo.html	林志美.1988-洒脱【SONY】【WAV+CUE】
https://blog.sina.com.cn/s/blog_6943970c0102zqen.html	吴恩琪.2001-吴恩琪【环球】【FLAC分轨】
https://blog.sina.com.cn/s/blog_6943970c0102zqem.html	谭咏麟.2025-87演唱会2025升级版3CD【环球】【WAV+CUE】
https://blog.sina.com.cn/s/blog_6943970c0102zqel.html	群星.2025-陷入我们的热恋影视原声带【D-JINMUSIC】【FLAC分轨】
https://blog.sina.com.cn/s/blog_6943970c0102zqek.html	RUBBERBAND.2010-CONCERT.#1.2CD【金牌大风】
https://blog.sina.com.cn/s/blog_6943970c0102zqej.html	杨乃文.1999-SILENCE【魔岩】【WAV+CUE】
https://blog.sina.com.cn/s/blog_6943970c0102zqei.html	祝钒刚.2002-祝钒刚【环球】【FLAC分轨】
https://blog.sina.com.cn/s/blog_6943970c0102zqeh.html	王瑞霞.2010-苦海【振扬影音】【WAV+CUE】
https://blog.sina.com.cn/s/blog_6943970c0102zqeg.html	彭羚.1997-DENON.MASTERSONIC·未完的小说（2023环球复刻版）【EMI…
https://blog.sina.com.cn/s/blog_6943970c0102zqef.html	光头李进.1995-巴山夜雨【新时代】【FLAC分轨】
https://blog.sina.com.cn/s/blog_6943970c0102zqee.html	范玮琪.2006-我们的纪念日【福茂】【WAV+CUE】
https://blog.sina.com.cn/s/blog_6943970c0102zqed.html	群星.2025-念无双影视原声带【韶愔音乐】【FLAC分轨】
https://blog.sina.com.cn/s/blog_6943970c0102zqec.html	张国荣.1989-告别当年情珍藏版4CD【华星】【WAV+CUE】
https://blog.sina.com.cn/s/blog_6943970c0102zqeb.html	马天佑.2021-REINVENTION衫。重奏【Fame.Glory.Production】【FLAC…
https://blog.sina.com.cn/s/blog_6943970c0102zqea.html	徐小凤.1996-金曲精选（2024新世纪MQG限量版）【康艺成音】【WAV+C…
https://blog.sina.com.cn/s/blog_6943970c0102zqe8.html	张玉珊.1995-情人【BMG】【WAV+CUE】
https://blog.sina.com.cn/s/blog_6943970c0102zqe7.html	王菲.1992-Coming.Home（宝丽金20世纪光辉印记）（2025再版）【环…
https://blog.sina.com.cn/s/blog_6943970c0102zqe6.html	何炅.2006-自己【中唱】【WAV+CUE】
https://blog.sina.com.cn/s/blog_6943970c0102zqe5.html	李蕙敏.1994-Debut（2024MQG限量版）【乐意唱片】【WAV+CUE】
https://blog.sina.com.cn/s/blog_6943970c0102zqe4.html	群星.2021-玲珑电视原声带【智慧大狗】【FLAC分轨】
https://blog.sina.com.cn/s/blog_6943970c0102zqe3.html	洪荣宏.2017-秋风秋雨秋夜情【华特】【FLAC分轨】
https://blog.sina.com.cn/s/blog_6943970c0102zqe2.html	陈淑桦.1992-淑桦的台湾歌【滚石】【WAV+CUE】
https://blog.sina.com.cn/s/blog_6943970c0102zqe1.html	林奕匡.2016-小众情人新曲+精丫SONY】【WAV+CUE】
https://blog.sina.com.cn/s/blog_6943970c0102zqe0.html	Cookies.2011-All.The.Best【EMI百代】【FLAC分轨】
https://blog.sina.com.cn/s/blog_6943970c0102zqdz.html	刘德华.2024-环球经典礼赞8【环球】【WAV+CUE】
https://blog.sina.com.cn/s/blog_6943970c0102zqdy.html	付思超.2025-普通的孩子【此刻潮声】【FLAC分轨】
https://blog.sina.com.cn/s/blog_6943970c0102zqdx.html	群星.1994-最新国语至尊金曲【皇星唱片】【WAV+CUE】
https://blog.sina.com.cn/s/blog_6943970c0102zqdw.html	毕书尽.2013-COME.BACK.TO.Bii【福茂】【FLAC分轨】
https://blog.sina.com.cn/s/blog_6943970c0102zqdv.html	陈星.2006-北漂【天凯】【WAV+CUE】
https://blog.sina.com.cn/s/blog_6943970c0102zqdu.html	胡灵.2023-时间的信【新鲜音乐】【FLAC分轨】
https://blog.sina.com.cn/s/blog_6943970c0102zqdt.html	郑怡.1989-周末P.S.我很寂寞【可登】【WAV+CUE】
https://blog.sina.com.cn/s/blog_6943970c0102zqds.html	李蕙敏.1996-其实（2023MQG限量版）【乐意唱片】【WAV+CUE】
https://blog.sina.com.cn/s/blog_6943970c0102zqdr.html	沈建豪.2017-千行泪【美乐帝】【FLAC分轨】
https://blog.sina.com.cn/s/blog_6943970c0102zqdq.html	龚琳娜.2025-娃娃国风童谣【龚锣文化】【FLAC分轨】
https://blog.sina.com.cn/s/blog_6943970c0102zqdp.html	刘德华.2024-环球经典礼赞7【环球】【WAV+CUE】
https://blog.sina.com.cn/s/blog_6943970c0102zqdo.html	廖俊涛.2025-耀眼的斑驳（EP）【哇唧唧哇】【FLAC分轨】
https://blog.sina.com.cn/s/blog_6943970c0102zqdn.html	江海迦.2016-GINADOLL2CD【环球】【WAV+CUE】
https://blog.sina.com.cn/s/blog_6943970c0102zqdm.html	张咪.2002-MAYA【歌莱美】【FLAC分轨】
https://blog.sina.com.cn/s/blog_6943970c0102zqdl.html	沈文程.2002-沈哥出马【云豹唱片】【WAV+CUE】
https://blog.sina.com.cn/s/blog_6943970c0102zqdk.html	詹曼铃.2011-春风【乾坤唱片】【FLAC分轨】
https://blog.sina.com.cn/s/blog_6943970c0102zqdj.html	刘德华.2024-环球经典礼赞6【环球】【WAV+CUE】
https://blog.sina.com.cn/s/blog_6943970c0102zqdi.html	群星.2005-王子变青蛙电视原声带【乔杰立】【FLAC分轨】
https://blog.sina.com.cn/s/blog_6943970c0102zqdh.html	何家劲.1994-新曲+精丫SONY】【WAV+CUE】
https://blog.sina.com.cn/s/blog_6943970c0102zqdg.html	江家荣.1992-戏正上演【风格】【FLAC分轨】
https://blog.sina.com.cn/s/blog_6943970c0102zqdf.html	林忆莲.1991-野花（2024MQG版）【星工厂】【WAV+CUE】
https://blog.sina.com.cn/s/blog_6943970c0102zqde.html	魏哲鸣.2025-Whisper秘语【SNMusic】【FLAC分轨】
https://blog.sina.com.cn/s/blog_6943970c0102zqdc.html	TOKYOD.1995-夏日狂想曲新歌+Remix【飞碟】【FLAC分轨】
https://blog.sina.com.cn/s/blog_6943970c0102zqdb.html	ECHO.1993-精选回响【BMG】【WAV+CUE】
https://blog.sina.com.cn/s/blog_6943970c0102zqda.html	周柏豪.2014-同行（EP）【华纳】【FLAC分轨】
https://blog.sina.com.cn/s/blog_6943970c0102zqd9.html	毛宁.1994-蓝蓝的夜蓝蓝的梦【新时代】【WAV+CUE】
https://blog.sina.com.cn/s/blog_6943970c0102zqd8.html	唐俪.2017-濁水溪岸【豪记】【WAV+CUE】
https://blog.sina.com.cn/s/blog_6943970c0102zqd7.html	彭正.2022-永远仝款【福茂】【FLAC分轨】
https://blog.sina.com.cn/s/blog_6943970c0102zqd6.html	李圣杰.1999-冷咖啡【友善的狗】【WAV+CUE】
https://blog.sina.com.cn/s/blog_6943970c0102zqd5.html	许巍.2000-那一年（2004太合麦田典藏系列版）【太合麦田】【WAV+CU…
https://blog.sina.com.cn/s/blog_6943970c0102zqd4.html	群星.2016-麻雀电视剧原声专辑【谭旋音乐】【FLAC分轨】
https://blog.sina.com.cn/s/blog_6943970c0102zqd3.html	黃宣.2020-浮世击【否极泰来】【FLAC分轨】
https://blog.sina.com.cn/s/blog_6943970c0102zqd2.html	邓丽君.2025-一意专心-惦记邓丽君三十年4CD【环球】【WAV+CUE】
https://blog.sina.com.cn/s/blog_6943970c0102zqd0.html	高胜美.2011-美不胜收3CD【环球】【WAV+CUE】
https://blog.sina.com.cn/s/blog_6943970c0102zqcz.html	荒山亮.2015-为你活下去【禾广娱乐】【FLAC分轨】
https://blog.sina.com.cn/s/blog_6943970c0102zqcy.html	齐秦.2000-流金十载全记录【上华】【WAV+CUE】
https://blog.sina.com.cn/s/blog_6943970c0102zqcx.html	张柏芝.2002-真我【环球】【WAV+CUE】
https://blog.sina.com.cn/s/blog_6943970c0102zqcw.html	陈茂丰.2010-鸳鸯【乾坤唱片】【FLAC分轨】
https://blog.sina.com.cn/s/blog_6943970c0102zqcv.html	黄宝欣.1992-有缘相爱【永高创意】【WAV+CUE】
https://blog.sina.com.cn/s/blog_6943970c0102zqcu.html	王祖蓝.2013-奇幻逆缘【英皇娱乐】【FLAC分轨】
https://blog.sina.com.cn/s/blog_6943970c0102zqct.html	徐小凤.1984-秋水伊人（2025新世纪MQG限量版）【康艺成音】【WAV+C…
https://blog.sina.com.cn/s/blog_6943970c0102zqcs.html	何佩.2025-LUMINOUS【HOPUI.MUSIC】【FLAC分轨】
https://blog.sina.com.cn/s/blog_6943970c0102zqcr.html	李克勤.2024-环球经典礼赞3【环球】【WAV+CUE】
https://blog.sina.com.cn/s/blog_6943970c0102zqcq.html	陈昊宇.2025-我爱我A.Love.Letter.To.Oneself【光羽+】【FLAC分轨…
https://blog.sina.com.cn/s/blog_6943970c0102zqcp.html	陈彼得.2025-8零后（EP）【FLAC分轨】
https://blog.sina.com.cn/s/blog_6943970c0102zqco.html	群星.2022-星河长明电视剧原声带【乐有奇思】【FLAC分轨】
https://blog.sina.com.cn/s/blog_6943970c0102zqcn.html	江美琪.2024-圆的？圆的＞华纳】【WAV+CUE】
https://blog.sina.com.cn/s/blog_6943970c0102zqcm.html	太一.2019-第一次做人【觉得文化】【FLAC分轨】
https://blog.sina.com.cn/s/blog_6943970c0102zqcl.html	陈晓东.1995-与我高飞【宝丽金】【WAV+CUE】
https://blog.sina.com.cn/s/blog_6943970c0102zqck.html	甲子慧.2009-伤心影【乾坤唱片】【WAV+CUE】
https://blog.sina.com.cn/s/blog_6943970c0102zqcj.html	林峰.2009-LETSGETWET【英皇娱乐】【WAV+CUE】
https://blog.sina.com.cn/s/blog_6943970c0102zqci.html	胡慧中.1980-欢颜【风格】【FLAC分轨】
https://blog.sina.com.cn/s/blog_6943970c0102zqch.html	群星.2020-宝丽金50周年至爱篇（英文篇）3CD【环球】【WAV+CUE】
https://blog.sina.com.cn/s/blog_6943970c0102zqcg.html	王颂恩.1999-爱上了影【友善的狗】【FLAC分轨】
https://blog.sina.com.cn/s/blog_6943970c0102zqcf.html	李蕙敏.1995-横滨别恋（2019MQG限量版）【乐意唱片】【WAV+CUE】
https://blog.sina.com.cn/s/blog_6943970c0102zqce.html	李克勤.2023-环球经典礼赞2【环球】【WAV+CUE】
https://blog.sina.com.cn/s/blog_6943970c0102zqcd.html	MR.周先生.2006-旋律967【摩登天空】【FLAC分轨】
https://blog.sina.com.cn/s/blog_6943970c0102zqcc.html	薰妮.2020-薰妮精选15首(ARMSHMCD)【永恒】【WAV+CUE】
https://blog.sina.com.cn/s/blog_6943970c0102zqcb.html	刘雨昕.2018-XIN（EP）【环球】【FLAC分轨】
https://blog.sina.com.cn/s/blog_6943970c0102zqca.html	李克勤.2022-环球经典礼赞1【环球】【WAV+CUE】
https://blog.sina.com.cn/s/blog_6943970c0102zqc9.html	可米小子.2011-Goodbye.Comic.Boyz【SONY】【FLAC分轨】
https://blog.sina.com.cn/s/blog_6943970c0102zqc8.html	江蕙.1998-江蕙世纪金选2CD【点将】【WAV+CUE】
https://blog.sina.com.cn/s/blog_6943970c0102zqc7.html	李泉.2000-走钢索的人【BMG】【WAV+CUE】
https://blog.sina.com.cn/s/blog_6943970c0102zqc6.html	陈子贤.2023-错过【华特】【FLAC分轨】
https://blog.sina.com.cn/s/blog_6943970c0102zqc5.html	杨乃文.2004-第一张精选2CD【滚石】【WAV+CUE】
https://blog.sina.com.cn/s/blog_6943970c0102zqc4.html	好妹妹.2025-人间好时节【春日南风】【FLAC分轨】
https://blog.sina.com.cn/s/blog_6943970c0102zqc3.html	叶树茵.2002-数叶集新歌+精选集【歌莱美】【WAV+CUE】
https://blog.sina.com.cn/s/blog_6943970c0102zqc2.html	乔任梁.2016-乔任梁新歌+精选2CD【华纳】【FLAC分轨】
https://blog.sina.com.cn/s/blog_6943970c0102zqc1.html	许冠杰.1975-天才与白痴（宝丽金20世纪光辉印记）【环球】【WAV+CU…
https://blog.sina.com.cn/s/blog_6943970c0102zqc0.html	张文绮.2013-黑白舞【华特】【FLAC分轨】
https://blog.sina.com.cn/s/blog_6943970c0102zqbz.html	邝美云.2016-环球萃取K2HD升级精选2辑【环球】【WAV+CUE】
https://blog.sina.com.cn/s/blog_6943970c0102zqby.html	康乔.1991-新情旧爱【快乐唱片】【FLAC分轨】
https://blog.sina.com.cn/s/blog_6943970c0102zqbx.html	群星.1982-猛片劲歌宝丽金3辑(2004年环球复黑王)【环球】【WAV+CUE…
https://blog.sina.com.cn/s/blog_6943970c0102zqbw.html	群星.2023-护心电视剧原声带【无限星空】【FLAC分轨】
https://blog.sina.com.cn/s/blog_6943970c0102zqbv.html	张信哲.2006-做你的男人【英皇娱乐】【WAV+CUE】
https://blog.sina.com.cn/s/blog_6943970c0102zqbu.html	麦酥.2025-HER.by.SUE【太合麦田】【FLAC分轨】
https://blog.sina.com.cn/s/blog_6943970c0102zqbt.html	吕士轩.2024-好声豪气【任意门娱乐】【FLAC分轨】
https://blog.sina.com.cn/s/blog_6943970c0102zqbs.html	小虎队.1990-星星的约会【飞碟】【WAV+CUE】
https://blog.sina.com.cn/s/blog_6943970c0102zqbr.html	王菲.1996-乐乐精丫新艺宝】【WAV+CUE】
https://blog.sina.com.cn/s/blog_6943970c0102zqbq.html	唐俪.2014-一生为你【豪记】【FLAC分轨】
https://blog.sina.com.cn/s/blog_6943970c0102zqbp.html	金元萱.1995-极度魅力（翻唱辑）【宝丽金】【WAV+CUE】
https://blog.sina.com.cn/s/blog_6943970c0102zqbo.html	蔡枫华.1987-风中追风【SONY】【WAV+CUE】
https://blog.sina.com.cn/s/blog_6943970c0102zqbn.html	洪荣宏.2022-寒冬过了是春天【华特】【FLAC分轨】
https://blog.sina.com.cn/s/blog_6943970c0102zqbm.html	曾庆瑜.1991-柔情陷阱（英专）【派森】【WAV+CUE】
https://blog.sina.com.cn/s/blog_6943970c0102zqbl.html	群星.2023-最遥远的距离电视剧原声带【TME影音】【FLAC分轨】
https://blog.sina.com.cn/s/blog_6943970c0102zqbk.html	陈慧娴.2022-环球经典礼赞4【环球】【WAV+CUE】
https://blog.sina.com.cn/s/blog_6943970c0102zqbj.html	小男孩乐团.2025-Dark.Side.of.the.Sun【滚石】【FLAC分轨】
https://blog.sina.com.cn/s/blog_6943970c0102zqbi.html	王识贤.1998-只要你越头【滚石】【FLAC分轨】
https://blog.sina.com.cn/s/blog_6943970c0102zqbh.html	刘锡明.1992-一生全属你【华纳】【WAV+CUE】
https://blog.sina.com.cn/s/blog_6943970c0102zqbg.html	群星.1995-中国纯金金曲【中唱】【WAV+CUE】
https://blog.sina.com.cn/s/blog_6943970c0102zqbf.html	FACE.TO.FACE.1990-FACE.TO.FACE【嘉音】【WAV+CUE】
https://blog.sina.com.cn/s/blog_6943970c0102zqbe.html	林子娟.2008-表白【乾坤】【FLAC分轨】
https://blog.sina.com.cn/s/blog_6943970c0102zqbd.html	张楚.2018-一部分【数字文化】【WAV+CUE】
https://blog.sina.com.cn/s/blog_6943970c0102zqbc.html	冯允谦.2012-今天开始【英皇娱乐】【FLAC分轨】
https://blog.sina.com.cn/s/blog_6943970c0102zqbb.html	孟庭苇.1992-冬季到台北来看雨（2020环球NEWXRCD限量版）【上华】…
https://blog.sina.com.cn/s/blog_6943970c0102zqba.html	周治平.2025-风花雪月作品辑·叁·大河悠悠【华纳】【FLAC分轨】
https://blog.sina.com.cn/s/blog_6943970c0102zqb9.html	陈慧娴.2022-环球经典礼赞3【环球】【WAV+CUE】
https://blog.sina.com.cn/s/blog_6943970c0102zqb7.html	群星.1982-夜长梦多影视名曲（2007年环球复黑王）【环球】【WAV+CU…
https://blog.sina.com.cn/s/blog_6943970c0102zqb6.html	张学友.1993-祝福（2020宝丽金伍拾24KGOLD）【环球】【WAV+CUE】
https://blog.sina.com.cn/s/blog_6943970c0102zqb5.html	办桌二人组.2004-失恋的人唱失恋的歌【华特】【FLAC分轨】
https://blog.sina.com.cn/s/blog_6943970c0102zqb4.html	尚雯婕.2013-恩赐之地2CD【星外星】【WAV+CUE】
https://blog.sina.com.cn/s/blog_6943970c0102zqb3.html	白安.2018-1990s【相信音乐】【FLAC分轨】
https://blog.sina.com.cn/s/blog_6943970c0102zqb2.html	付笛声任静.2000-你是幸福的我是快乐的【泰达】【WAV+CUE】
https://blog.sina.com.cn/s/blog_6943970c0102zqb1.html	达闻西乐队.2025-独立人格消亡史【摩登天空】【FLAC分轨】
https://blog.sina.com.cn/s/blog_6943970c0102zqb0.html	罗美玲.2014-With.You【大声音乐】【WAV+CUE】
https://blog.sina.com.cn/s/blog_6943970c0102zqaz.html	群星.2025-蛮好的人生电视剧原声带【引元音音乐】【FLAC分轨】
https://blog.sina.com.cn/s/blog_6943970c0102zqay.html	陈慧娴.2021-环球经典礼赞2【环球】【WAV+CUE】
https://blog.sina.com.cn/s/blog_6943970c0102zqax.html	古巨基.1998-路边摊（国）【艺能动音】【WAV+CUE】
https://blog.sina.com.cn/s/blog_6943970c0102zqaw.html	韩宝仪.1996-旧情绵绵2CD【荣机构】【WAV+CUE】
https://blog.sina.com.cn/s/blog_6943970c0102zqav.html	林立芳.1993-半路缘【好歌传播】【FLAC分轨】
https://blog.sina.com.cn/s/blog_6943970c0102zqau.html	群星.1989-89白金精丫EMI百代】【WAV+CUE】
https://blog.sina.com.cn/s/blog_6943970c0102zqat.html	黄莺莺.1998-为爱疯狂【环球】【WAV+CUE】
https://blog.sina.com.cn/s/blog_6943970c0102zqas.html	耀乐团.2013-我们就喜欢这样【大牌佳音】【FLAC分轨】
https://blog.sina.com.cn/s/blog_6943970c0102zqar.html	刘依纯.1996-放你自由去【滚石】【WAV+CUE】
https://blog.sina.com.cn/s/blog_6943970c0102zqaq.html	王源.2021-夏野了【时代峰峻】【FLAC分轨】
https://blog.sina.com.cn/s/blog_6943970c0102zqap.html	蔡荣祖.1995-忽略【巨石】【WAV+CUE】
https://blog.sina.com.cn/s/blog_6943970c0102zqao.html	陈慧娴.2021-环球经典礼赞1【环球】【WAV+CUE】
https://blog.sina.com.cn/s/blog_6943970c0102zqan.html	戴爱玲.2025-别害怕【华纳】【FLAC分轨】
https://blog.sina.com.cn/s/blog_6943970c0102zqam.html	陈乃荣.2012-同种异类【滚石】【FLAC分轨】
https://blog.sina.com.cn/s/blog_6943970c0102zqal.html	刘德华.2024-环球经典礼赞5【环球】【WAV+CUE】
https://blog.sina.com.cn/s/blog_6943970c0102zqak.html	徐佳莹.2017-心里学【亚神】【WAV+CUE】
https://blog.sina.com.cn/s/blog_6943970c0102zqaj.html	群星.2023-一念关山影视剧原声大碟【银河方舟】【FLAC分轨】
https://blog.sina.com.cn/s/blog_6943970c0102zqai.html	群星.2021-PolyGram.50.GOLDEN.Hits半世纪之歌【环球】【WAV分轨】
https://blog.sina.com.cn/s/blog_6943970c0102zqah.html	翁立友.2022-爱情的高手【豪记】【FLAC分轨】
https://blog.sina.com.cn/s/blog_6943970c0102zqag.html	吕雯.2008-Linda【EQ唱片】【FLAC分轨】
https://blog.sina.com.cn/s/blog_6943970c0102zqaf.html	张智成.2002-May.I.Love.U【华研国际】【WAV+CUE】
https://blog.sina.com.cn/s/blog_6943970c0102zqae.html	李蕙敏.1996-我为我生存（2022MQG限量版）【乐意唱片】【WAV+CUE】
https://blog.sina.com.cn/s/blog_6943970c0102zqad.html	林忆莲.1994-Sandy94（2024MQG版）【星工厂】【WAV+CUE】
https://blog.sina.com.cn/s/blog_6943970c0102zqac.html	豹小子.1992-说变就变【飞图】【WAV+CUE】
https://blog.sina.com.cn/s/blog_6943970c0102zqab.html	徐小凤.2016-环球萃取K2HD升级精选2辑【环球】【WAV+CUE】
https://blog.sina.com.cn/s/blog_6943970c0102zqaa.html	方怡萍.2013-梦袂醒【豪记】【WAV+CUE】
https://blog.sina.com.cn/s/blog_6943970c0102zqa9.html	答案商店.2024-答案商店【福茂】【FLAC分轨】
https://blog.sina.com.cn/s/blog_6943970c0102zqa8.html	群星.1998-Thats.Asian.Pop!【滚石】【WAV+CUE】
https://blog.sina.com.cn/s/blog_6943970c0102zqa7.html	洪荣宏.1990-国语情歌辑2辑【金企鹅】【FLAC分轨】
https://blog.sina.com.cn/s/blog_6943970c0102zqa6.html	陈百强.1989-一生何求【华纳】【WAV+CUE】
https://blog.sina.com.cn/s/blog_6943970c0102zqa5.html	王中平.2005-我们那一年【擎天娱乐】【WAV+CUE】
https://blog.sina.com.cn/s/blog_6943970c0102zqa4.html	谢津.1994-谢津【华纳】【FLAC分轨】
https://blog.sina.com.cn/s/blog_6943970c0102zqa3.html	何耀珊.2003-孤单旅行【环球】【WAV+CUE】
https://blog.sina.com.cn/s/blog_6943970c0102zqa2.html	陈子贤.2025-贪心【华特】【FLAC分轨】
https://blog.sina.com.cn/s/blog_6943970c0102zqa1.html	李乐诗.1994-感动你2CD【飞图】【WAV+CUE】
https://blog.sina.com.cn/s/blog_6943970c0102zqa0.html	张震岳.1997-这个下午很无聊【魔岩】【WAV+CUE】
https://blog.sina.com.cn/s/blog_6943970c0102zq9z.html	群星.2004-香草恋人馆电视剧原声带【滚石】【FLAC分轨】
https://blog.sina.com.cn/s/blog_6943970c0102zq9y.html	张瑶.2005-七天【世纪星碟】【WAV+CUE】
https://blog.sina.com.cn/s/blog_6943970c0102zq9x.html	孙淑媚.2007-爱你的机会【华特】【FLAC分轨】
https://blog.sina.com.cn/s/blog_6943970c0102zq9w.html	张学友.1985-Smile（宝丽金20世纪光辉印记）【环球】【WAV+CUE】
https://blog.sina.com.cn/s/blog_6943970c0102zq9v.html	周思洁.1985-90分钟系列【大联机构】【FLAC分轨】
https://blog.sina.com.cn/s/blog_6943970c0102zq9u.html	群星.2025-淮水竹亭影视原声带【恒星引力】【FLAC分轨】
https://blog.sina.com.cn/s/blog_6943970c0102zq9t.html	江美琪.2018-我们都是有歌的人【SONY】【WAV+CUE】
https://blog.sina.com.cn/s/blog_6943970c0102zq9s.html	Zpecial.2025-Young.AND.Lost【华纳】【FLAC分轨】
https://blog.sina.com.cn/s/blog_6943970c0102zq9r.html	温岚.2013-温岚【种子音乐】【WAV+CUE】
https://blog.sina.com.cn/s/blog_6943970c0102zq9q.html	赵咏华.1990-最好只到这里【全美唱片】【WAV+CUE】
https://blog.sina.com.cn/s/blog_6943970c0102zq9p.html	群星.1991-宝丽金91超白金精丫宝丽金】【WAV+CUE】
https://blog.sina.com.cn/s/blog_6943970c0102zq9o.html	谢宇威.2020-那三年【好有感觉音乐】【FLAC分轨】
https://blog.sina.com.cn/s/blog_6943970c0102zq9n.html	成龙.1995-JACKIE.CHAN（日版）【VICTOR】【WAV+CUE】
https://blog.sina.com.cn/s/blog_6943970c0102zq9m.html	董育君.2019-风中女人花【豪记】【FLAC分轨】
https://blog.sina.com.cn/s/blog_6943970c0102zq9l.html	张秀卿.2007-甭搁黑白花【喜玛拉雅】【WAV+CUE】
https://blog.sina.com.cn/s/blog_6943970c0102zq9k.html	林峰.2008-YOUR.LOVE【英皇娱乐】【WAV+CUE】
https://blog.sina.com.cn/s/blog_6943970c0102zq9j.html	钟舒漫.2011-ITS.A.BEAUTIFUL.DAY【英皇娱乐】【FLAC分轨】
https://blog.sina.com.cn/s/blog_6943970c0102zq9i.html	旺福.2018-旺情歌【弯的音乐】【WAV+CUE】
https://blog.sina.com.cn/s/blog_6943970c0102zq9h.html	群星.2025-折腰影视原声专辑【晨音文化】【FLAC分轨】
https://blog.sina.com.cn/s/blog_6943970c0102zq9g.html	秦凡淇.2025-羽毛剑【ABY】【FLAC分轨】
https://blog.sina.com.cn/s/blog_6943970c0102zq9e.html	甄妮.2013-春去春又回·阿婴【枫潮】【WAV+CUE】
https://blog.sina.com.cn/s/blog_6943970c0102zq9d.html	杨林.1996-溺爱【宝丽金】【WAV+CUE】
https://blog.sina.com.cn/s/blog_6943970c0102zq9c.html	吕士轩.2020-市井小明【种子音乐】【FLAC分轨】
https://blog.sina.com.cn/s/blog_6943970c0102zq9b.html	刘德华.1993-真情盼望珍藏版【NEWMELODY】【WAV+CUE】
https://blog.sina.com.cn/s/blog_6943970c0102zq9a.html	群星.2023-脱轨影视原声带【D-JinMUSIC】【FLAC分轨】
https://blog.sina.com.cn/s/blog_6943970c0102zq99.html	江志丰.2018-相逢十里亭新歌+精丫乾坤唱片】【WAV+CUE】
https://blog.sina.com.cn/s/blog_6943970c0102zq98.html	詹曼玲.2014-关心【豪记】【FLAC分轨】
https://blog.sina.com.cn/s/blog_6943970c0102zq97.html	梁汉文.1997-偷吻【华星】【WAV+CUE】
https://blog.sina.com.cn/s/blog_6943970c0102zq96.html	包娜娜.1974-你能了解我的爱【银河唱片】【FLAC分轨】
https://blog.sina.com.cn/s/blog_6943970c0102zq95.html	BEYOND.1990-命运派对【新艺宝】【WAV+CUE】
https://blog.sina.com.cn/s/blog_6943970c0102zq94.html	魏嘉莹.2025-你不必无时无刻维持完美的笑容【相信音乐】【FLAC分轨…
https://blog.sina.com.cn/s/blog_6943970c0102zq92.html	刘至佳.2025-Moments【SONY】【FLAC分轨】
https://blog.sina.com.cn/s/blog_6943970c0102zq91.html	谢金燕.1994-痴情一场空【冠登】【WAV+CUE】
https://blog.sina.com.cn/s/blog_6943970c0102zq90.html	马旭成.1999-感谢爱过我的人【中唱】【FLAC分轨】
https://blog.sina.com.cn/s/blog_6943970c0102zq8z.html	江淑娜.1993-戏说淑娜【点将】【WAV+CUE】
https://blog.sina.com.cn/s/blog_6943970c0102zq8y.html	谭咏麟.1987-墙上的肖像（宝丽金20世纪光辉印记）【环球】【WAV+CU…
https://blog.sina.com.cn/s/blog_6943970c0102zq8x.html	萧秉治.2018-凡人【相信音乐】【FLAC分轨】
https://blog.sina.com.cn/s/blog_6943970c0102zq8w.html	陈慧琳.1996-正东优质音响系列·谁愿放手精选17首（2023环球复刻版…
https://blog.sina.com.cn/s/blog_6943970c0102zq8v.html	韩昕哲.2025-韩昕哲【发现梦想】【FLAC分轨】
https://blog.sina.com.cn/s/blog_6943970c0102zq8u.html	蒋志光.1993-多情多寂寞（国专）【BMG】【WAV+CUE】
https://blog.sina.com.cn/s/blog_6943970c0102zq8t.html	林姗.2025-追分车站【豪记】【FLAC分轨】
https://blog.sina.com.cn/s/blog_6943970c0102zq8s.html	吕方.1992-弯弯的月亮【华纳】【WAV+CUE】
https://blog.sina.com.cn/s/blog_6943970c0102zq8r.html	群星.1985-青春火花DYNAMITE（2010环球复黑版）【宝丽金】【WAV+CU…
https://blog.sina.com.cn/s/blog_6943970c0102zq8q.html	露云娜.1977-OH,My.Love【EMI百代】【FLAC分轨】
https://blog.sina.com.cn/s/blog_6943970c0102zq8p.html	王杰.1994-候鸟【飞碟】【WAV+CUE】
https://blog.sina.com.cn/s/blog_6943970c0102zq8o.html	群星.2012-绝对达令电视剧原声带【华研国际】【FLAC分轨】
https://blog.sina.com.cn/s/blog_6943970c0102zq8n.html	佟大为.2007-大世界小作为【海蝶】【FLAC分轨】
https://blog.sina.com.cn/s/blog_6943970c0102zq8m.html	张学友.1992-真情流露（宝丽金20世纪光辉印记）【环球】【WAV+CUE…
https://blog.sina.com.cn/s/blog_6943970c0102zq8l.html	Zpecial.2018-The.Impulse.to.Travel【后青年文化】【FLAC分轨】
https://blog.sina.com.cn/s/blog_6943970c0102zq8k.html	辛晓琪.1994-味道（2014年K2HD限量版）【滚石】【WAV+CUE】
https://blog.sina.com.cn/s/blog_6943970c0102zq8j.html	蔡国权.1990-怀念你一世纪（2020宝丽金伍拾24KGOLD）【环球】【WAV…
https://blog.sina.com.cn/s/blog_6943970c0102zq8i.html	洪荣宏.2025-思念春天【华特】【FLAC分轨】
https://blog.sina.com.cn/s/blog_6943970c0102zq8g.html	李克勤.1993-红日精选（2020宝丽金伍拾24KGOLD）【环球】【WAV+CUE…
https://blog.sina.com.cn/s/blog_6943970c0102zq8f.html	潘越云.1986-精选辑4CD【滚石】【WAV+CUE】
https://blog.sina.com.cn/s/blog_6943970c0102zq8h.html	陈盈洁.1996-古早味台湾情歌【华伦唱片】【WAV+CUE】
https://blog.sina.com.cn/s/blog_6943970c0102zq8e.html	许富凯.2015-少年梦【华特】【FLAC分轨】
https://blog.sina.com.cn/s/blog_6943970c0102zq8d.html	群星.2021-华星合唱极品珍藏（ARM24K金碟限量版）【华星】【WAV+CU…
https://blog.sina.com.cn/s/blog_6943970c0102zq8c.html	袁泉.2009-SHORT.STAY【大国文化】【FLAC分轨】
https://blog.sina.com.cn/s/blog_6943970c0102zq8b.html	王菀之伍仲衡.2021-仍然记得嗰一次【寰亚】【WAV+CUE】
https://blog.sina.com.cn/s/blog_6943970c0102zq8a.html	群星.2025-亲爱的仇敌影视剧原声专辑【华纳】【FLAC分轨】
https://blog.sina.com.cn/s/blog_6943970c0102zq89.html	陈奕迅.2010-品尝正是时候2CD【新世纪】【WAV+CUE】
https://blog.sina.com.cn/s/blog_6943970c0102zq88.html	闫泽欢.2025-自由狗【联合娱乐】【FLAC分轨】
https://blog.sina.com.cn/s/blog_6943970c0102zq87.html	群星.2006-福建冠军歌2CD（南方金点系列）【南方】【WAV+CUE】
https://blog.sina.com.cn/s/blog_6943970c0102zq86.html	周华健.1994-今夜阳光灿烂【滚石】【WAV+CUE】
https://blog.sina.com.cn/s/blog_6943970c0102zq85.html	吴申梅.2012-思念无罪【环球】【FLAC分轨】
https://blog.sina.com.cn/s/blog_6943970c0102zq84.html	欧得洋.2007-101封情书【华纳】【WAV+CUE】
https://blog.sina.com.cn/s/blog_6943970c0102zq83.html	罗文.1986-几许风雨（2005华星DSD复刻版）【华星】【WAV+CUE】
https://blog.sina.com.cn/s/blog_6943970c0102zq82.html	范文芳.1999-想你【EMI百代】【WAV+CUE】
https://blog.sina.com.cn/s/blog_6943970c0102zq81.html	陈茂丰.2012-无解【乾坤唱片】【FLAC分轨】
https://blog.sina.com.cn/s/blog_6943970c0102zq80.html	王菲.1999-菲感情生活2CD【福茂】【WAV+CUE】
https://blog.sina.com.cn/s/blog_6943970c0102zq7z.html	群星.2025-化外之医影集原声带【华研国际】【FLAC分轨】
https://blog.sina.com.cn/s/blog_6943970c0102zq7y.html	琳谊.2025-名侦探琳谊MyRingWorld【相信音乐】【FLAC分轨】
https://blog.sina.com.cn/s/blog_6943970c0102zq7x.html	黎明.1993-我的另一半（2020环球伍拾24KGOLD）【宝丽金】【WAV+CUE…
https://blog.sina.com.cn/s/blog_6943970c0102zq7w.html	叶振棠叶丽仪.1997-DENONMASTERSONIC·双叶【EMI百代】【WAV+CUE】
https://blog.sina.com.cn/s/blog_6943970c0102zq7v.html	光头李进.1994-你在他乡还好吗【新时代】【FLAC分轨】
https://blog.sina.com.cn/s/blog_6943970c0102zq7u.html	金城武.1992-分手的夜里【福隆唱片】【WAV+CUE】
https://blog.sina.com.cn/s/blog_6943970c0102zq7t.html	林子娟.2005-心一半【升辉影音】【FLAC分轨】
https://blog.sina.com.cn/s/blog_6943970c0102zq7s.html	邓丽君.2008-传奇的诞生3CD【环球】【WAV+CUE】
https://blog.sina.com.cn/s/blog_6943970c0102zq7r.html	林承光.2000-昨夜青春【滚石】【FLAC分轨】
https://blog.sina.com.cn/s/blog_6943970c0102zq7q.html	群星.1992-许冠杰光荣引退汇群星（2020宝丽金伍拾24KGOLD）【环球…
https://blog.sina.com.cn/s/blog_6943970c0102zq7p.html	FS.2017-我们走在相思湖畔【时大音乐】【FLAC分轨】
https://blog.sina.com.cn/s/blog_6943970c0102zq7o.html	张立基.2002-星声传集·张立基【EMI百代】【WAV+CUE】
https://blog.sina.com.cn/s/blog_6943970c0102zq7n.html	刘铭沁.2025-我想“说点话儿”【华纳】【FLAC分轨】
https://blog.sina.com.cn/s/blog_6943970c0102zq7l.html	荒山亮.2007-复活【动脉音乐】【WAV+CUE】
https://blog.sina.com.cn/s/blog_6943970c0102zq7k.html	蔡济文.1990-DAY.BREAK【BMG】【WAV+CUE】
https://blog.sina.com.cn/s/blog_6943970c0102zq7j.html	办桌二人组.2002-再会啦!车站【华特】【FLAC分轨】
https://blog.sina.com.cn/s/blog_6943970c0102zq7i.html	安心亚.2013-单身极品【美妙音乐】【WAV+CUE】
https://blog.sina.com.cn/s/blog_6943970c0102zq7h.html	Mr.2013-New.Beginning【环球】【FLAC分轨】
https://blog.sina.com.cn/s/blog_6943970c0102zq7g.html	巫启贤.1997-DENON.MASTERSONIC·巫启贤【EMI百代】【WAV+CUE】
https://blog.sina.com.cn/s/blog_6943970c0102zq7f.html	翁立友.2007-我问天【豪记】【WAV+CUE】
https://blog.sina.com.cn/s/blog_6943970c0102zq7e.html	丁佩均.2016-青春【时代创艺】【FLAC分轨】
https://blog.sina.com.cn/s/blog_6943970c0102zq7d.html	杨林.1992-倾心【宝丽金】【WAV+CUE】
https://blog.sina.com.cn/s/blog_6943970c0102zq7c.html	群星.2025-沙尘暴网络剧影视原声专辑【天浩盛世】【FLAC分轨】
https://blog.sina.com.cn/s/blog_6943970c0102zq7b.html	许飞.2025-廿年笨蛋书【讯飞音乐】【FLAC分轨】
https://blog.sina.com.cn/s/blog_6943970c0102zq79.html	欧阳菲菲.1993-拥抱【飞碟】【WAV+CUE】
https://blog.sina.com.cn/s/blog_6943970c0102zq78.html	高胜美.1993-为什么我的真换来我的疼（2020环球24KGOLD版）【上华…
https://blog.sina.com.cn/s/blog_6943970c0102zq77.html	群星.2004-战神电视原声带【SONY】【FLAC分轨】
https://blog.sina.com.cn/s/blog_6943970c0102zq76.html	柳影虹.1981-少年黄飞鸿（2005年复黑版）【永恒】【WAV+CUE】
https://blog.sina.com.cn/s/blog_6943970c0102zq75.html	王大文.2015-快乐不快乐【环球】【FLAC分轨】
https://blog.sina.com.cn/s/blog_6943970c0102zq74.html	刘家昌.2005-流行真金典藏2CD（南方金点系列）【南方】【WAV+CUE】
https://blog.sina.com.cn/s/blog_6943970c0102zq73.html	群星.2021-无神之地不下雨电视原声带【滚石】【FLAC分轨】
https://blog.sina.com.cn/s/blog_6943970c0102zq72.html	蔡义德.2014-一句话【豪记】【FLAC分轨】
https://blog.sina.com.cn/s/blog_6943970c0102zq71.html	龙千玉.2003-阿郎【豪记】【WAV+CUE】
https://blog.sina.com.cn/s/blog_6943970c0102zq70.html	李中浩.1986-夜舞者EP（2015年环球复刻版）【新艺宝】【WAV+CUE】
https://blog.sina.com.cn/s/blog_6943970c0102zq6z.html	朱兴东.2025-了了青山见【简单快乐】【FLAC分轨】
https://blog.sina.com.cn/s/blog_6943970c0102zq6y.html	张雨生.1998-华纳国语超极品音色系列·精选16首【华纳】【WAV+CUE】…
https://blog.sina.com.cn/s/blog_6943970c0102zq6x.html	曾宝仪.2000-想爱【丰华】【WAV+CUE】
https://blog.sina.com.cn/s/blog_6943970c0102zq6w.html	辛龙.2009-唱作俱佳【金牌大风】【FLAC分轨】
https://blog.sina.com.cn/s/blog_6943970c0102zq6u.html	裘海正.2016-非我勇敢【希奇全人】【WAV+CUE】
https://blog.sina.com.cn/s/blog_6943970c0102zq6t.html	蒋芸.2024-痊愈【水母音乐】【FLAC分轨】
https://blog.sina.com.cn/s/blog_6943970c0102zq6s.html	蔡旻佑.2019-变心记【容合音乐】【WAV+CUE】
https://blog.sina.com.cn/s/blog_6943970c0102zq6r.html	丁悦.2014-19Nineteen【乐意唱片】【FLAC分轨】
https://blog.sina.com.cn/s/blog_6943970c0102zq6q.html	林楚麒.1989-这就是爱【华星】【WAV+CUE】
https://blog.sina.com.cn/s/blog_6943970c0102zq6p.html	彭健新.1982-可爱的笑容（2007环球复黑王）【宝丽金】【WAV+CUE】
https://blog.sina.com.cn/s/blog_6943970c0102zq6o.html	许书豪.2023-最美的地方【华纳】【FLAC分轨】
https://blog.sina.com.cn/s/blog_6943970c0102zq6n.html	杜德伟.1998-华纳我爱经典系列2CD【华纳】【WAV+CUE】
https://blog.sina.com.cn/s/blog_6943970c0102zq6l.html	群星.2025-榜上佳婿影视原声带【嘉尤音乐】【FLAC分轨】
https://blog.sina.com.cn/s/blog_6943970c0102zq6k.html	金海心.2006-独立日【华纳】【WAV+CUE】
https://blog.sina.com.cn/s/blog_6943970c0102zq6j.html	蒋丽萍.2018-环球萃取K2HD升级精丫环球】【WAV+CUE】
https://blog.sina.com.cn/s/blog_6943970c0102zq6i.html	郑融.2007-Super.Girl【星娱乐】【FLAC分轨】
https://blog.sina.com.cn/s/blog_6943970c0102zq6h.html	蔡佳麟.2015-飞仔麟【时代创艺】【FLAC分轨】
https://blog.sina.com.cn/s/blog_6943970c0102zq6g.html	叶倩文.1991-爱的诗篇【第一唱片】【WAV+CUE】
https://blog.sina.com.cn/s/blog_6943970c0102zq6f.html	陈乃荣.2009-Paradise【相信音乐】【FLAC分轨】
https://blog.sina.com.cn/s/blog_6943970c0102zq6e.html	吕方.1999-华纳我爱经典系列2CD【华纳】【WAV+CUE】
https://blog.sina.com.cn/s/blog_6943970c0102zq6d.html	群星.2019-带着爸爸去留学电视原声带【智慧大狗】【FLAC分轨】
https://blog.sina.com.cn/s/blog_6943970c0102zq6c.html	陈奕迅.1998-我的快乐时代（2011华星40金碟版）【华星】【WAV+CUE…
https://blog.sina.com.cn/s/blog_6943970c0102zq6b.html	Raidas.1987-传说（2025新世纪MQG版）【艺视】【WAV+CUE】
https://blog.sina.com.cn/s/blog_6943970c0102zq6a.html	袁一琦.2025-一个人生活【丝芭文化】【FLAC分轨】
https://blog.sina.com.cn/s/blog_6943970c0102zq69.html	谭咏麟.1984-雾之恋（2020环球伍拾24KGOLD）【宝丽金】【WAV+CUE】
https://blog.sina.com.cn/s/blog_6943970c0102zq68.html	关正杰.1983-天籁（2002环球从头认识版）【宝丽金】【WAV+CUE】
https://blog.sina.com.cn/s/blog_6943970c0102zq67.html	叶倩文.1998-华纳我爱经典系列2CD【华纳】【WAV+CUE】
https://blog.sina.com.cn/s/blog_6943970c0102zq66.html	艾妮.2020-Closer【英皇娱乐】【FLAC分轨】
https://blog.sina.com.cn/s/blog_6943970c0102zq65.html	群星.1997-滚石男性经典情歌全记录·驿动男人心2辑【滚石】【WAV+CU…
https://blog.sina.com.cn/s/blog_6943970c0102zq64.html	潘越云.1988-情字这条路【滚石】【WAV+CUE】
https://blog.sina.com.cn/s/blog_6943970c0102zq63.html	群星.2020-风犬少年的天空青春剧原声专辑【TME影音】【FLAC分轨】
https://blog.sina.com.cn/s/blog_6943970c0102zq62.html	王瑞霞.2012-情字【振扬影音】【WAV+CUE】
https://blog.sina.com.cn/s/blog_6943970c0102zq61.html	张玮.2015-张玮是谁【梦想强音】【FLAC分轨】
https://blog.sina.com.cn/s/blog_6943970c0102zq60.html	梁汉文.1995-移情别恋（2011华星40金碟版）【华星】【WAV+CUE】
https://blog.sina.com.cn/s/blog_6943970c0102zq5z.html	凌雪怡.2025-平凡人的情歌【Amusic】【FLAC分轨】
https://blog.sina.com.cn/s/blog_6943970c0102zq5y.html	群星.1997-宝丽金88极品音色系列·极品珍藏【宝丽金】【WAV+CUE】
https://blog.sina.com.cn/s/blog_6943970c0102zq5x.html	蔡幸娟.1989-说出来谁会相信【飞碟】【WAV+CUE】
https://blog.sina.com.cn/s/blog_6943970c0102zq5w.html	叶胜钦.2017-一言难揪华特】【FLAC分轨】
https://blog.sina.com.cn/s/blog_6943970c0102zq5v.html	群星.1985-宝丽金十五周年特辑（2020宝丽金伍拾24KGOLD）【环球】…
https://blog.sina.com.cn/s/blog_6943970c0102zq5u.html	杜德伟.1992-狂风【滚石】【WAV+CUE】
https://blog.sina.com.cn/s/blog_6943970c0102zq5t.html	龙燕玲.2009-福建情歌集【华声】【FLAC分轨】
https://blog.sina.com.cn/s/blog_6943970c0102zq5s.html	苏永康.2011-和那谁的【华星】【WAV+CUE】
https://blog.sina.com.cn/s/blog_6943970c0102zq5r.html	唐宁.2015-凡花【亚神】【FLAC分轨】
https://blog.sina.com.cn/s/blog_6943970c0102zq5q.html	潘美辰.1993-为何爱情让我痛【金点】【WAV+CUE】
https://blog.sina.com.cn/s/blog_6943970c0102zq5p.html	BEYOND.1999-华纳我爱经典系列2CD【华纳】【WAV+CUE】
https://blog.sina.com.cn/s/blog_6943970c0102zq5o.html	石玺彤.2025-向你的孤岛起航【龙悦谦】【FLAC分轨】
https://blog.sina.com.cn/s/blog_6943970c0102zq5m.html	张信哲.2021-就懂了【潮水音乐】【FLAC分轨】
https://blog.sina.com.cn/s/blog_6943970c0102zq5l.html	群星.1997-美丽新世界·光荣岁月【滚石】【WAV+CUE】
https://blog.sina.com.cn/s/blog_6943970c0102zq5k.html	张文绮.2012-乱乱乱【华特】【FLAC分轨】
https://blog.sina.com.cn/s/blog_6943970c0102zq5j.html	罗大佑.1995-自选辑3CD【音乐工厂】【WAV+CUE】
https://blog.sina.com.cn/s/blog_6943970c0102zq5i.html	姚琛.2021-Awaken：醒【泛领文化】【FLAC分轨】
https://blog.sina.com.cn/s/blog_6943970c0102zq5h.html	菊梓乔.2017-忘記我自己【星梦娱乐】【WAV+CUE】
https://blog.sina.com.cn/s/blog_6943970c0102zq5g.html	孙悦.2000-大家一起来新歌+精丫浪花】【FLAC分轨】
https://blog.sina.com.cn/s/blog_6943970c0102zq5f.html	MR.周先生.2003-梦里舞蹈的人【摩登天空】【WAV+CUE】
https://blog.sina.com.cn/s/blog_6943970c0102zq5e.html	关淑怡.1991-Montage（2020宝丽金伍拾24KGOLD）【环球】【WAV+CUE…
https://blog.sina.com.cn/s/blog_6943970c0102zq5d.html	群星.2023-无眠之境影视原声带【芒果TV】【FLAC分轨】
https://blog.sina.com.cn/s/blog_6943970c0102zq5c.html	林子祥.1997-华纳我爱经典系列2CD【华纳】【WAV+CUE】
https://blog.sina.com.cn/s/blog_6943970c0102zq59.html	王志文.1994-想说爱你不容易【京文】【WAV+CUE】
https://blog.sina.com.cn/s/blog_6943970c0102zq58.html	群星.1995-金曲精丫宝丽金】【WAV+CUE】
https://blog.sina.com.cn/s/blog_6943970c0102zq57.html	温岚.2008-魔力High.Q（EP）【种子音乐】【WAV+CUE】
https://blog.sina.com.cn/s/blog_6943970c0102zq56.html	郭书瑶.2010-Honey【种子音乐】【FLAC分轨】
https://blog.sina.com.cn/s/blog_6943970c0102zq55.html	黄思婷.2013-满天星【豪记】【WAV+CUE】
https://blog.sina.com.cn/s/blog_6943970c0102zq54.html	苏醒.2024-Nothing.More【星伦文化】【FLAC分轨】
https://blog.sina.com.cn/s/blog_6943970c0102zq53.html	王杰.1995-梦在无梦的夜里【飞碟】【WAV+CUE】
https://blog.sina.com.cn/s/blog_6943970c0102zq52.html	袁小迪.2008-再会！马路英雄【华特】【FLAC分轨】
https://blog.sina.com.cn/s/blog_6943970c0102zq51.html	张惠妹.2000-不顾一切【丰华】【WAV+CUE】
https://blog.sina.com.cn/s/blog_6943970c0102zq50.html	周启生.1999-华纳我爱经典系列2CD【华纳】【WAV+CUE】
https://blog.sina.com.cn/s/blog_6943970c0102zq4z.html	家家.2025-你给我的【相信音乐】【FLAC分轨】
https://blog.sina.com.cn/s/blog_6943970c0102zq4w.html	邓丽君.2003-The.Legend.of.Teresa.Teng.3CD【艾回】【WAV+CUE】
https://blog.sina.com.cn/s/blog_6943970c0102zq4v.html	荒山亮.2005-无情的坦白【动脉音乐】【FLAC分轨】
https://blog.sina.com.cn/s/blog_6943970c0102zq4u.html	群星.2022-TVB经典55传承【TVBMUSIC】【WAV+CUE】
https://blog.sina.com.cn/s/blog_6943970c0102zq4t.html	丁一.2016-沙枣花【久歌文化】【FLAC分轨】
https://blog.sina.com.cn/s/blog_6943970c0102zq4s.html	詹曼铃.2010-背影【乾坤唱片】【WAV+CUE】
https://blog.sina.com.cn/s/blog_6943970c0102zq4r.html	张信哲.1998-到处留情【SONY】【WAV+CUE】
https://blog.sina.com.cn/s/blog_6943970c0102zq4q.html	黄宥杰.2016-倾听者【米乐士娱乐】【FLAC分轨】
https://blog.sina.com.cn/s/blog_6943970c0102zq4p.html	太极乐队.1998-华纳我爱经典系列4CD【华纳】【WAV+CUE】
https://blog.sina.com.cn/s/blog_6943970c0102zq4o.html	群星.2022-拜托了！8小时影视原声带【讯通诒合】【FLAC分轨】
https://blog.sina.com.cn/s/blog_6943970c0102zq4n.html	费玉清.2005-浮声旧梦（引进版）【华纳】【WAV+CUE】
https://blog.sina.com.cn/s/blog_6943970c0102zq4m.html	郑宜农.2025-圆缺【边走边听】【FLAC分轨】
https://blog.sina.com.cn/s/blog_6943970c0102zq4l.html	群星.2004-撞球小子电视剧原声带【滚石】【FLAC分轨】
https://blog.sina.com.cn/s/blog_6943970c0102zq4k.html	李龙基.1981-情谜（2014环球复黑王·百代篇）【EMI百代】【WAV+CUE…
https://blog.sina.com.cn/s/blog_6943970c0102zq4j.html	俞思远B.I.Z.2004-为爱高歌【上腾娱乐】【FLAC分轨】
https://blog.sina.com.cn/s/blog_6943970c0102zq4i.html	群星.1980-宝丽金十周年特辑（2020宝丽金伍拾24KGOLD）【环球】【W…
https://blog.sina.com.cn/s/blog_6943970c0102zq4h.html	陆虎.2013-花吃泡面男【天娱传媒】【FLAC分轨】
https://blog.sina.com.cn/s/blog_6943970c0102zq4g.html	方皓玟.2003-梦的捕手【擎天娱乐】【WAV+CUE】
https://blog.sina.com.cn/s/blog_6943970c0102zq4f.html	彭正.2021-浪子心声【福茂】【FLAC分轨】
https://blog.sina.com.cn/s/blog_6943970c0102zq4e.html	苏芮.1999-华纳我爱经典系列2CD【华纳】【WAV+CUE】
https://blog.sina.com.cn/s/blog_6943970c0102zq4d.html	温拿乐队.1983-温拿十周年纪念集【宝丽金】【WAV+CUE】
https://blog.sina.com.cn/s/blog_6943970c0102zq4c.html	群星.2024-三大队电影原声大碟【听见时代】【FLAC分轨】
https://blog.sina.com.cn/s/blog_6943970c0102zq4b.html	青木.2024-三哥的文艺复兴【青之木】【FLAC分轨】
https://blog.sina.com.cn/s/blog_6943970c0102zq49.html	许书豪.2015-不安于适【种子音乐】【FLAC分轨】
https://blog.sina.com.cn/s/blog_6943970c0102zq48.html	吴俊宏.2019-心爱的别走【豪记】【WAV+CUE】
https://blog.sina.com.cn/s/blog_6943970c0102zq47.html	吕珊.2006-金嗓子国语精丫环星】【FLAC分轨】
https://blog.sina.com.cn/s/blog_6943970c0102zq46.html	群星.1996-恋恋情深·缘来情牵女人心3【滚石】【WAV+CUE】
https://blog.sina.com.cn/s/blog_6943970c0102zq45.html	黄小琥.1994-飞越彩虹【可登】【FLAC分轨】
https://blog.sina.com.cn/s/blog_6943970c0102zq44.html	S.H.E.2016-永远都在（15周年纪念EP）【华研国际】【WAV+CUE】
https://blog.sina.com.cn/s/blog_6943970c0102zq43.html	王识贤.2002-命中注定【华特】【WAV+CUE】
https://blog.sina.com.cn/s/blog_6943970c0102zq42.html	群星.2025-落花时节又逢君影视原声带【芒果TV】【FLAC分轨】
https://blog.sina.com.cn/s/blog_6943970c0102zq41.html	杜德伟.2016-NEW.XRCD精丫华星】【WAV+CUE】
https://blog.sina.com.cn/s/blog_6943970c0102zq40.html	陈乃荣.2025-WHISPER【Heartbeats0693】【FLAC分轨】
https://blog.sina.com.cn/s/blog_6943970c0102zq3y.html	徐小凤.2005-金光灿烂徐小凤3CD【SONY】【WAV+CUE】
https://blog.sina.com.cn/s/blog_6943970c0102zq3w.html	金城武.1995-偷偷的醉【EMI百代】【WAV+CUE】
https://blog.sina.com.cn/s/blog_6943970c0102zq3v.html	群星.2021-曾经相爱的我们影视原声带【乐动时代】【FLAC分轨】
https://blog.sina.com.cn/s/blog_6943970c0102zq3u.html	刘德华.2024-环球经典礼赞VOL.4【环球】【WAV+CUE】
https://blog.sina.com.cn/s/blog_6943970c0102zq3t.html	邓丽君.1987-我只在乎你（宝丽金20世纪光辉印记版）【环球】【WAV+…
https://blog.sina.com.cn/s/blog_6943970c0102zq3s.html	群星.1995-当爱情遇上秋天·再续情牵女人心【滚石】【WAV+CUE】
https://blog.sina.com.cn/s/blog_6943970c0102zq3r.html	赖晏驹.2023-I,【滚石】【FLAC分轨】
https://blog.sina.com.cn/s/blog_6943970c0102zq3q.html	黄妃.2022-无闩【米乐士娱乐】【FLAC分轨】
https://blog.sina.com.cn/s/blog_6943970c0102zq3p.html	张宇巫启贤.2004-王者风范双王绝赞{情}歌经典双整齐收录2CD【EMI百…
https://blog.sina.com.cn/s/blog_6943970c0102zq3o.html	曹策勋.2025-Deeper【StreetVoice】【FLAC分轨】
https://blog.sina.com.cn/s/blog_6943970c0102zq3n.html	郭采洁.2007-隐形超人【华纳】【WAV+CUE】
https://blog.sina.com.cn/s/blog_6943970c0102zq3m.html	彭家丽.1991-我感觉我真的变了【SONY】【WAV+CUE】
https://blog.sina.com.cn/s/blog_6943970c0102zq3l.html	腾格尔.2007-天与地【天弦唱片】【WAV+CUE】
https://blog.sina.com.cn/s/blog_6943970c0102zq3k.html	林美惠.1990-心内话【风格】【FLAC分轨】
https://blog.sina.com.cn/s/blog_6943970c0102zq3j.html	郑钧.2001-郑钧=ZJ【EMI百代】【WAV+CUE】
https://blog.sina.com.cn/s/blog_6943970c0102zq3i.html	乔毓明.2015-Beautiful.Melody【艾回】【FLAC分轨】
https://blog.sina.com.cn/s/blog_6943970c0102zq3h.html	叶启田.1996-专辑2辑【英伦唱片】【WAV+CUE】
https://blog.sina.com.cn/s/blog_6943970c0102zq3g.html	群星.1995-音乐女情·情牵女人心【滚石】【WAV+CUE】
https://blog.sina.com.cn/s/blog_6943970c0102zq3f.html	张清芳.1985-激情过后【台湾百佳唱片NO.97】【点将】【WAV+CUE】
https://blog.sina.com.cn/s/blog_6943970c0102zq3e.html	刘德华.2024-环球经典礼赞3【环球】【WAV+CUE】
https://blog.sina.com.cn/s/blog_6943970c0102zq3d.html	任嘉伦.2025-36·启【种子音乐】【FLAC分轨】
https://blog.sina.com.cn/s/blog_6943970c0102zq3c.html	马兆骏.1992-男人的心【歌林】【WAV+CUE】
https://blog.sina.com.cn/s/blog_6943970c0102zq3b.html	李春波.2015-岁月【中唱】【FLAC分轨】
https://blog.sina.com.cn/s/blog_6943970c0102zq3a.html	伍思凯.1990-特别的爱给特别的你【可登】【WAV+CUE】
https://blog.sina.com.cn/s/blog_6943970c0102zq39.html	王彩桦.2010-有唱有保庇【环球】【FLAC分轨】
https://blog.sina.com.cn/s/blog_6943970c0102zq38.html	许冠杰.1976-鬼马双星（宝丽金20世纪光辉印记）（2025再版）【环球…
https://blog.sina.com.cn/s/blog_6943970c0102zq37.html	蔡枫华.1984-高温境界（2006经典复刻版）【SONY】【WAV+CUE】
https://blog.sina.com.cn/s/blog_6943970c0102zq36.html	谢帝.2018-蔡镇鸿【第四音乐】【FLAC分轨】
https://blog.sina.com.cn/s/blog_6943970c0102zq35.html	陈慧琳.2003-Red新曲＋精选3CD【正东】【WAV+CUE】
https://blog.sina.com.cn/s/blog_6943970c0102zq34.html	群星.2018-扶摇电视原声带【索雅音乐】【FLAC分轨】
https://blog.sina.com.cn/s/blog_6943970c0102zq33.html	刘德华.2024-环球经典礼赞2【环球】【WAV+CUE】
https://blog.sina.com.cn/s/blog_6943970c0102zq32.html	张碧晨.2025-ECHOES.OF.NOW【馨新文化】【FLAC分轨】
https://blog.sina.com.cn/s/blog_6943970c0102zq2z.html	盘尼西林.2017-与世界温暖相拥【独音唱片】【FLAC分轨】
https://blog.sina.com.cn/s/blog_6943970c0102zq2y.html	163braces.2025-海螺记【滚石】【FLAC分轨】
https://blog.sina.com.cn/s/blog_6943970c0102zq2x.html	陈小云.1993-痴情花（引进版）【厦门音像】【WAV+CUE】
https://blog.sina.com.cn/s/blog_6943970c0102zq2w.html	张玉华.2002-属于自己【环球】【FLAC分轨】
https://blog.sina.com.cn/s/blog_6943970c0102zq2v.html	谢雷.1989-酒国英雄【名冠】【FLAC分轨】
https://blog.sina.com.cn/s/blog_6943970c0102zq2u.html	杨林.1988-柔情篇（引进版）【快乐】【WAV+CUE】
https://blog.sina.com.cn/s/blog_6943970c0102zq2t.html	刘德华.2017-环球经典礼赞1【环球】【WAV+CUE】
https://blog.sina.com.cn/s/blog_6943970c0102zq2s.html	群星.2023-步云衢影视剧原声带【光影岁月】【FLAC分轨】
https://blog.sina.com.cn/s/blog_6943970c0102zq2r.html	芝麻龙眼.1988-动不动就说爱我+重新爱一次（喜玛拉雅双碟复刻版）…
https://blog.sina.com.cn/s/blog_6943970c0102zq2q.html	木吉他.1994-梦田【宝丽金】【FLAC分轨】
https://blog.sina.com.cn/s/blog_6943970c0102zq2o.html	吕方.2006-华纳No.1系列2CD【华纳】【WAV+CUE】
https://blog.sina.com.cn/s/blog_6943970c0102zq2n.html	群星.2011-新还珠格格电视剧原声带【美妙音乐】【WAV+CUE】
https://blog.sina.com.cn/s/blog_6943970c0102zq2m.html	潘协庆潘美辰.2015-触动心弦Vol.1+vol.2【瑞华】【FLAC分轨】
https://blog.sina.com.cn/s/blog_6943970c0102zq2l.html	刘秋仪.2006-满堂喝采【皇星全音】【WAV+CUE】
https://blog.sina.com.cn/s/blog_6943970c0102zq2k.html	黄西田.2000-头家甲薪劳【豪记】【FLAC分轨】
https://blog.sina.com.cn/s/blog_6943970c0102zq2j.html	文慧如.2025-回到那天（EP）【乐子中心】【FLAC分轨】
https://blog.sina.com.cn/s/blog_6943970c0102zq2i.html	高慧君.2001-忘了【环球】【WAV+CUE】
https://blog.sina.com.cn/s/blog_6943970c0102zq2h.html	群星.2024-大梦归离电视原声带【韶愔音乐】【FLAC分轨】
https://blog.sina.com.cn/s/blog_6943970c0102zq2g.html	邓紫棋.2015-新的心跳【蜂鸟音乐】【WAV+CUE】
https://blog.sina.com.cn/s/blog_6943970c0102zq2f.html	吴蓓雅.2016-我是比较幽默【三十而立】【FLAC分轨】
https://blog.sina.com.cn/s/blog_6943970c0102zq2d.html	梁博.2025-精气神【森林孩子】【FLAC分轨】
https://blog.sina.com.cn/s/blog_6943970c0102zq2c.html	邝美云.1998-真情精丫EMI百代】【WAV+CUE】
https://blog.sina.com.cn/s/blog_6943970c0102zq2b.html	刘凤瑶.2016-刘凤瑶首张同名创作专辑【华纳】【FLAC分轨】
https://blog.sina.com.cn/s/blog_6943970c0102zq2a.html	彭佳慧.1997-JULIA.2CD【巨石】【WAV+CUE】
https://blog.sina.com.cn/s/blog_6943970c0102zq29.html	于湉.2018-Live.Your.Life（EP）【天娱传媒】【FLAC分轨】
https://blog.sina.com.cn/s/blog_6943970c0102zq28.html	张国荣.2000-DCS声选辑（宝丽金20世纪光辉印记）【环球】【WAV+CUE…
https://blog.sina.com.cn/s/blog_6943970c0102zq27.html	甲子慧.1994-梦の十七【歌林】【FLAC分轨】
https://blog.sina.com.cn/s/blog_6943970c0102zq25.html	群星.2022-反转人生影视剧原声集【完美青春】【FLAC分轨】
https://blog.sina.com.cn/s/blog_6943970c0102zq24.html	萧丽珠.2001-真情流行金曲2CD【南方】【WAV+CUE】
https://blog.sina.com.cn/s/blog_6943970c0102zq23.html	亚森.2025-眼里有星星的人【潮音悦动】【FLAC分轨】
https://blog.sina.com.cn/s/blog_6943970c0102zq22.html	水木年华.2004-毕业纪念册【水木同创】【WAV+CUE】
https://blog.sina.com.cn/s/blog_6943970c0102zq21.html	林忆莲1998-忆往情深...新曲+精丫飞碟】【WAV+CUE】
https://blog.sina.com.cn/s/blog_6943970c0102zq20.html	江伦.1988-江伦88【大联机构】【FLAC分轨】
https://blog.sina.com.cn/s/blog_6943970c0102zq1z.html	陈雷.1992-码头酒【金圆唱片】【WAV+CUE】
https://blog.sina.com.cn/s/blog_6943970c0102zq1y.html	叶瑷菱.1996-情色红唇(VS十个男人系列)【BMG博德曼】【WAV+CUE】
https://blog.sina.com.cn/s/blog_6943970c0102zq1x.html	杨静.2022-无巢的燕仔【豪记】【FLAC分轨】
https://blog.sina.com.cn/s/blog_6943970c0102zq1w.html	郑智化.1998-最后的夜都市【丰华】【WAV+CUE】
https://blog.sina.com.cn/s/blog_6943970c0102zq1v.html	黄小琥.1993-放纵玫瑰【可登】【FLAC分轨】
https://blog.sina.com.cn/s/blog_6943970c0102zq1u.html	杨宗玮.2013-初·爱（影音典藏版）【环球】【WAV+CUE】
https://blog.sina.com.cn/s/blog_6943970c0102zq1t.html	许冠杰.1978-财神到（宝丽金20世纪光辉印记）（2024再版）【环球】…
https://blog.sina.com.cn/s/blog_6943970c0102zq1s.html	群星.2025-吃饭跑步和恋爱影视原声带【嘉尤音乐】【FLAC分轨】
https://blog.sina.com.cn/s/blog_6943970c0102zq1q.html	莫文蔚.2011-我的-五光十色最精彩选辑3CD【滚石】【WAV+CUE】
https://blog.sina.com.cn/s/blog_6943970c0102zq1p.html	群星.2025-哪吒之魔童闹海电影原声大碟【FLAC分轨】
https://blog.sina.com.cn/s/blog_6943970c0102zq1o.html	王杰.1996-手足情深【波丽佳音】【WAV+CUE】
https://blog.sina.com.cn/s/blog_6943970c0102zq1n.html	江美琪.2022-你好，路人（EP）【制造家】【FLAC分轨】
https://blog.sina.com.cn/s/blog_6943970c0102zq1m.html	苏慧伦.1998-失恋万岁后苏慧伦时代新歌+精选16首【滚石】【WAV+CUE…
https://blog.sina.com.cn/s/blog_6943970c0102zq1l.html	江志丰.2020-人生有几年【乾坤唱片】【WAV+CUE】
https://blog.sina.com.cn/s/blog_6943970c0102zq1k.html	沙宝亮.2019-消失的唱片店之岁月如刀【诚利千代】【FLAC分轨】
https://blog.sina.com.cn/s/blog_6943970c0102zq1j.html	温兆伦.1996-感觉(国语新歌+精选)【飞碟】【WAV+CUE】
https://blog.sina.com.cn/s/blog_6943970c0102zq1i.html	群星.1998-2019-摩登天空精选系列9CD【摩登天空】【FLAC分轨】
https://blog.sina.com.cn/s/blog_6943970c0102zq1h.html	王靖雯.2021-环球经典礼赞3【环球】【WAV+CUE】
https://blog.sina.com.cn/s/blog_6943970c0102zq1g.html	王一浩.2025-ToU【太合麦田】【FLAC分轨】
https://blog.sina.com.cn/s/blog_6943970c0102zq1f.html	李娜.2001-信天游【中唱】【WAV+CUE】
https://blog.sina.com.cn/s/blog_6943970c0102zq1e.html	蔡琴.2008-不悔【环球】【WAV+CUE】
https://blog.sina.com.cn/s/blog_6943970c0102zq1d.html	群星.1997-金曲廿载情·第二十届十大中文金曲【RTHK】【WAV+CUE】
https://blog.sina.com.cn/s/blog_6943970c0102zq1c.html	S.H.E.2008-我的电台FM.S.H.E【华研国际】【WAV+CUE】
https://blog.sina.com.cn/s/blog_6943970c0102zq1b.html	詹雅雯.1993-酒中情【雅鹂】【FLAC分轨】
https://blog.sina.com.cn/s/blog_6943970c0102zq1a.html	群星.2025-异人之下之决战！碧游村网络影视剧原声专辑【鲸鱼之声】…
https://blog.sina.com.cn/s/blog_6943970c0102zq19.html	叶胜钦.2013-漂泊男儿【华特】【FLAC分轨】
https://blog.sina.com.cn/s/blog_6943970c0102zq18.html	于台烟.1987-是你在说抱歉吗（喜玛拉雅飞跃复刻版）【银河唱片】【…
https://blog.sina.com.cn/s/blog_6943970c0102zq17.html	雪村.2003-雪村音乐评书之全是高科技【中唱】【FLAC分轨】
https://blog.sina.com.cn/s/blog_6943970c0102zq16.html	王靖雯.2021-环球经典礼赞2【环球】【WAV+CUE】
https://blog.sina.com.cn/s/blog_6943970c0102zq15.html	黄诗扶.2025-今日无事【万象凡音】【FLAC分轨】
https://blog.sina.com.cn/s/blog_6943970c0102zq14.html	林淑容.1990-合唱集【瑞华】【WAV+CUE】
https://blog.sina.com.cn/s/blog_6943970c0102zq13.html	郭富城.1991-我是不是该安静的走开（国）【飞碟】【WAV+CUE】
https://blog.sina.com.cn/s/blog_6943970c0102zq12.html	吴秀波.2000-爱之战【中唱】【WAV+CUE】
https://blog.sina.com.cn/s/blog_6943970c0102zq11.html	辛隆.1991-深情·奇怪·小伙子【歌林】【FLAC分轨】
https://blog.sina.com.cn/s/blog_6943970c0102zq10.html	陈淑桦.1998-失乐园【滚石】【WAV+CUE】
https://blog.sina.com.cn/s/blog_6943970c0102zq0z.html	周亮.1995-你哪里下雪了吗？【中唱】【FLAC分轨】
https://blog.sina.com.cn/s/blog_6943970c0102zq0y.html	张宇.2004-不甘寂寞【EMI百代】【WAV+CUE】
https://blog.sina.com.cn/s/blog_6943970c0102zq0x.html	方怡萍.2017-红颜花【鸿谷】【FLAC分轨】
https://blog.sina.com.cn/s/blog_6943970c0102zq0w.html	草蜢.2024-环球经典礼赞3【环球】【WAV+CUE】
https://blog.sina.com.cn/s/blog_6943970c0102zq0v.html	HOTCHA.2011-三个人在途上（EP）【星娱乐】【FLAC分轨】
https://blog.sina.com.cn/s/blog_6943970c0102zq0t.html	群星.2025-值得爱电视剧原声带【光羽+】【FLAC分轨】
https://blog.sina.com.cn/s/blog_6943970c0102zq0s.html	何方.1994-心疼【林杰唱片】【WAV+CUE】
https://blog.sina.com.cn/s/blog_6943970c0102zq0r.html	郑钧.2019-听上去不错【地球娱乐】【FLAC分轨】
https://blog.sina.com.cn/s/blog_6943970c0102zq0q.html	群星.1989-情歌組合【华冠】【FLAC分轨】
https://blog.sina.com.cn/s/blog_6943970c0102zq0p.html	蔡幸娟.1992-别再伤心了好吗【飞碟】【WAV+CUE】
https://blog.sina.com.cn/s/blog_6943970c0102zq0o.html	罗文.2002-92-96精粹【星威】【WAV+CUE】
https://blog.sina.com.cn/s/blog_6943970c0102zq0n.html	侯磊.2019-不再清澈【美妙音乐】【FLAC分轨】
https://blog.sina.com.cn/s/blog_6943970c0102zq0m.html	草蜢.2023-环球经典礼赞2【环球】【WAV+CUE】
https://blog.sina.com.cn/s/blog_6943970c0102zq0l.html	王识贤.2000-一片天【华特】【FLAC分轨】
https://blog.sina.com.cn/s/blog_6943970c0102zq0k.html	群星.2023-归路电视原声带【韶愔】【FLAC分轨】
https://blog.sina.com.cn/s/blog_6943970c0102zq0j.html	庄学忠.2008-怀念经典金曲2CD【皇星全音】【WAV+CUE】
https://blog.sina.com.cn/s/blog_6943970c0102zq0i.html	艾薇.2025-当大人【环球】【FLAC分轨】
https://blog.sina.com.cn/s/blog_6943970c0102zq0h.html	许冠杰.1988-SAMANDFRIENDS【宝丽金】【WAV+CUE】
https://blog.sina.com.cn/s/blog_6943970c0102zq0g.html	陈妃平.2004-淡妆【柏菲】【FLAC分轨】
https://blog.sina.com.cn/s/blog_6943970c0102zq0f.html	群星.2006-中国电影百年·寻音集4CD【中唱】【FLAC+CUE】
https://blog.sina.com.cn/s/blog_6943970c0102zq0e.html	杨小萍.2014-丽风金典系列2CD【丽风】【WAV+CUE】
https://blog.sina.com.cn/s/blog_6943970c0102zq0d.html	群星.2021-夜色暗涌时影视原声带【快乐阳光互动娱乐】【FLAC分轨】
https://blog.sina.com.cn/s/blog_6943970c0102zq0c.html	满舒克.2021-StarDust星尘【摩登天空】【FLAC分轨】
https://blog.sina.com.cn/s/blog_6943970c0102zq0b.html	林慧萍.1990-说时依旧【歌林】【WAV+CUE】
https://blog.sina.com.cn/s/blog_6943970c0102zq0a.html	林子娟.1997-花言巧语【大旗】【FLAC分轨】
https://blog.sina.com.cn/s/blog_6943970c0102zq09.html	陈彦允.2014-允文允舞【福茂】【FLAC分轨】
https://blog.sina.com.cn/s/blog_6943970c0102zq08.html	草蜢.2017-环球经典礼赞3CD【环球】【WAV+CUE】
https://blog.sina.com.cn/s/blog_6943970c0102zq07.html	彭正.2025-九级龙卷风【福茂】【FLAC分轨】
https://blog.sina.com.cn/s/blog_6943970c0102zq06.html	王菲.1998-TECHNOFAYE@菲电子时代【新艺宝】【WAV+CUE】
https://blog.sina.com.cn/s/blog_6943970c0102zq05.html	群星.2023-不完美受害人电视原声带【SONY】【FLAC分轨】
https://blog.sina.com.cn/s/blog_6943970c0102zq04.html	群星.1997-二王二后之红颜【上华】【WAV+CUE】
https://blog.sina.com.cn/s/blog_6943970c0102zq03.html	张琍敏.1980-跳跳迪斯可【海山】【FLAC分轨】
https://blog.sina.com.cn/s/blog_6943970c0102zq02.html	李友廷.2020-如果你也爱我就好了【华研国际】【FLAC分轨】
https://blog.sina.com.cn/s/blog_6943970c0102zq01.html	谭咏麟.1995-让我们做得更好（引进版）【宝丽金】【WAV+CUE】
https://blog.sina.com.cn/s/blog_6943970c0102zq00.html	南方二重唱.1998-金选辑【瑞星】【WAV+CUE】
https://blog.sina.com.cn/s/blog_6943970c0102zpzz.html	方千玉.2021-多情海【华特】【FLAC分轨】
https://blog.sina.com.cn/s/blog_6943970c0102zpzy.html	杜德伟.2001-华纳23周年纪念精选系列【华纳】【WAV+CUE】
https://blog.sina.com.cn/s/blog_6943970c0102zpzx.html	秦咏刘秋仪.1996-情歌对唱【华冠】【FLAC分轨】
https://blog.sina.com.cn/s/blog_6943970c0102zpzw.html	群星.2025-无忧渡影视原声带【韶愔音乐】【FLAC分轨】
https://blog.sina.com.cn/s/blog_6943970c0102zpzv.html	关诗敏.2016-绽放2.0【种子音乐】【FLAC分轨】
https://blog.sina.com.cn/s/blog_6943970c0102zpzu.html	江惠仪.2015-緩緩爱【禾广娱乐】【FLAC分轨】
https://blog.sina.com.cn/s/blog_6943970c0102zpzt.html	关德辉.2001-敞开你的心【乾坤唱片】【WAV+CUE】
https://blog.sina.com.cn/s/blog_6943970c0102zpzs.html	高枫.2002-在你走后的那一夜【中唱】【FLAC分轨】
https://blog.sina.com.cn/s/blog_6943970c0102zpzr.html	群星.1979-73-78年永恒金曲（LP版）【永恒】【WAV+CUE】
https://blog.sina.com.cn/s/blog_6943970c0102zpzq.html	郑秀文.2010-信者得爱【东亚唱片】【WAV+CUE】
https://blog.sina.com.cn/s/blog_6943970c0102zpzp.html	于樱樱.1977-一缕相思情【月球唱片】【FLAC分轨】
https://blog.sina.com.cn/s/blog_6943970c0102zpzo.html	张秀卿.2018-没我你没娶【豪记】【WAV+CUE】
https://blog.sina.com.cn/s/blog_6943970c0102zpzn.html	李哓东.2019-我们终究无法超凡入圣【华影艺星】【FLAC分轨】
https://blog.sina.com.cn/s/blog_6943970c0102zpzm.html	青山.1996-爱的旋律·成名经典【丽风】【WAV+CUE】
https://blog.sina.com.cn/s/blog_6943970c0102zpzl.html	群星.2025-欢迎光临二代咖啡电视剧原声带【相信音乐】【FLAC分轨】
https://blog.sina.com.cn/s/blog_6943970c0102zpzk.html	陈小春.2008-绝对收藏2CD【SONY】【WAV+CUE】
https://blog.sina.com.cn/s/blog_6943970c0102zpzj.html	周柏豪.2008-CONTINUE（EP）【华纳】【FLAC分轨】
https://blog.sina.com.cn/s/blog_6943970c0102zpzi.html	黎明.2000-CLUB.SANDWICH.2CD【SONY】【WAV+CUE】
https://blog.sina.com.cn/s/blog_6943970c0102zpzh.html	陈思安.2003-我，不是江蕙2CD【华特】【WAV+CUE】
https://blog.sina.com.cn/s/blog_6943970c0102zpzg.html	群星.2018-媚者无疆电视剧原声带【冬曦音乐】【FLAC分轨】
https://blog.sina.com.cn/s/blog_6943970c0102zpzf.html	BEYOND.1992-继续革命【华纳】【WAV+CUE】
https://blog.sina.com.cn/s/blog_6943970c0102zpze.html	群星.1993-纵情狂欢的巨星PARTY·心醉神迷满天星【滚石】【WAV+CUE…
https://blog.sina.com.cn/s/blog_6943970c0102zpzd.html	彭正.2023-醉万年【福茂】【FLAC分轨】
https://blog.sina.com.cn/s/blog_6943970c0102zpzc.html	苏芮.1983-苏芮·JulieSue（宝丽金20世纪光辉印记）【环球】【WAV+C…
https://blog.sina.com.cn/s/blog_6943970c0102zpzb.html	李国祥.2011-LOVE.ACTUALLY【新世纪】【WAV+CUE】
https://blog.sina.com.cn/s/blog_6943970c0102zpza.html	陶喆.2025-STUPID.POP.SONGS【StreetVoice】【FLAC分轨】
https://blog.sina.com.cn/s/blog_6943970c0102zpz8.html	刘若英.2015-我要你好好的【相信音乐】【WAV+CUE】
https://blog.sina.com.cn/s/blog_6943970c0102zpz7.html	群星.2024-猜猜我是谁网剧影视原声带【嘉尤音乐】【FLAC分轨】
https://blog.sina.com.cn/s/blog_6943970c0102zpz6.html	柯以敏.2002-心歌2CD【音网唱片】【WAV+CUE】
https://blog.sina.com.cn/s/blog_6943970c0102zpz5.html	群星.1993-秋日浪漫情歌精丫飞图】【WAV+CUE】
https://blog.sina.com.cn/s/blog_6943970c0102zpz4.html	孙淑媚.2013-太阳【乾坤唱片】【WAV+CUE】
https://blog.sina.com.cn/s/blog_6943970c0102zpz3.html	沈以诚.2020-玩家【智慧小狗】【FLAC分轨】
https://blog.sina.com.cn/s/blog_6943970c0102zpz2.html	邓丽君.2005-天国的情人逝世十周年纪念声影存集3CD【环球】【WAV+C…
https://blog.sina.com.cn/s/blog_6943970c0102zpz1.html	刘虹嬅.1999-干嘛【EMI百代】【FLAC分轨】
https://blog.sina.com.cn/s/blog_6943970c0102zpz0.html	李子森.2018-森呼吸【米乐士娱乐】【FLAC分轨】
https://blog.sina.com.cn/s/blog_6943970c0102zpyz.html	陈淑桦.1988-精选金曲【现代唱片】【WAV+CUE】
https://blog.sina.com.cn/s/blog_6943970c0102zpyy.html	卢克.2025-溺水者自救指南【正东】【FLAC分轨】
https://blog.sina.com.cn/s/blog_6943970c0102zpyx.html	张惠妹.2017-偷故事的人【环球】【WAV+CUE】
https://blog.sina.com.cn/s/blog_6943970c0102zpyw.html	柳爽.2019-如影【众乐纪】【FLAC分轨】
https://blog.sina.com.cn/s/blog_6943970c0102zpyv.html	翁立友.2013-放手拼【豪记】【WAV+CUE】
https://blog.sina.com.cn/s/blog_6943970c0102zpyu.html	群星.1987-青春之星（LP版）【滚石】【WAV+CUE】
https://blog.sina.com.cn/s/blog_6943970c0102zpyt.html	辛欣.1998-放心【星工晨【FLAC分轨】
https://blog.sina.com.cn/s/blog_6943970c0102zpys.html	徐乃麟.2000-精选集（流行歌林招牌歌系列）【歌林】【WAV+CUE】
https://blog.sina.com.cn/s/blog_6943970c0102zpyr.html	张蔷.2021-Myfavorite我最宝贵的【力群芬芳】【FLAC分轨】
https://blog.sina.com.cn/s/blog_6943970c0102zpyq.html	群星.2021-半暖时光电视剧原声专辑【希瓜音乐】【FLAC分轨】
https://blog.sina.com.cn/s/blog_6943970c0102zpyp.html	刘美君.1990-赤裸感觉【现代唱片】【WAV+CUE】
https://blog.sina.com.cn/s/blog_6943970c0102zpyo.html	黄妃.2016-双生花【米乐士娱乐】【FLAC分轨】
https://blog.sina.com.cn/s/blog_6943970c0102zpyn.html	张学友.2005-雪狼湖·国语版2CD【上华】【WAV+CUE】
https://blog.sina.com.cn/s/blog_6943970c0102zpym.html	曾淑勤.2004-被遗忘的灵魂声音2CD【EMI百代】【WAV+CUE】
https://blog.sina.com.cn/s/blog_6943970c0102zpyl.html	邓瑞霞.2012-情在广东VOL.10明知故犯【南方】【WAV+CUE】
https://blog.sina.com.cn/s/blog_6943970c0102zpyk.html	陈司翰.2003-爱情主义【EMI百代】【FLAC分轨】
https://blog.sina.com.cn/s/blog_6943970c0102zpyj.html	群星.2024-独一有二的她影视原声带【韶愔音乐】【FLAC分轨】
https://blog.sina.com.cn/s/blog_6943970c0102zpyi.html	高明骏.1988-年轻的喝彩（1995DENON复黑版）【巨翼】【WAV+CUE】
https://blog.sina.com.cn/s/blog_6943970c0102zpyh.html	方瑞娥.2008-旧情【豪记】【FLAC分轨】
https://blog.sina.com.cn/s/blog_6943970c0102zpyg.html	刘德华.2007-一只牛的异想世界【映艺音乐】【WAV+CUE】
https://blog.sina.com.cn/s/blog_6943970c0102zpyf.html	群星.2019-北欧回声：中国听见Sebastian【Luxhi.Creative】【FLAC…
https://blog.sina.com.cn/s/blog_6943970c0102zpye.html	关正杰.1983-雷射金曲（2020宝丽金伍拾24KGOLD）【环球】【WAV+CUE…
https://blog.sina.com.cn/s/blog_6943970c0102zpyd.html	小虎队.1994-快乐的感觉永远一样【飞碟】【WAV+CUE】
https://blog.sina.com.cn/s/blog_6943970c0102zpyc.html	丽蓉.2025-月娘影【豪记】【FLAC分轨】
https://blog.sina.com.cn/s/blog_6943970c0102zpyb.html	莫西子诗.2018-月光白得很【StreetVoice】【FLAC分轨】
https://blog.sina.com.cn/s/blog_6943970c0102zpya.html	陈慧娴.1989-永远是你的朋友（宝丽金20世纪光辉印记）【环球】【WA…
https://blog.sina.com.cn/s/blog_6943970c0102zpy9.html	黄仲昆.1994-爱与承诺【瑞星】【WAV+CUE】
https://blog.sina.com.cn/s/blog_6943970c0102zpy8.html	余宪忠.2004-NO.NAME【维京】【FLAC分轨】
https://blog.sina.com.cn/s/blog_6943970c0102zpy7.html	群星.2017-心声·给妈妈的私藏歌【乾坤唱片】【FLAC分轨】
https://blog.sina.com.cn/s/blog_6943970c0102zpy6.html	乔幼.2022-英台【豪记】【FLAC分轨】
https://blog.sina.com.cn/s/blog_6943970c0102zpy5.html	黄丽玲.2008-天生歌姬【艾回】【WAV+CUE】
https://blog.sina.com.cn/s/blog_6943970c0102zpy4.html	杨千嬅.2015-如果大家都拥有海【寰亚】【WAV+CUE】
https://blog.sina.com.cn/s/blog_6943970c0102zpy3.html	可米小子.2002-Heyhah!可米小子【SONY】【FLAC分轨】
https://blog.sina.com.cn/s/blog_6943970c0102zpy2.html	汪明荃.1998-美丽的时光我像小雨【娱乐唱片】【WAV+CUE】
https://blog.sina.com.cn/s/blog_6943970c0102zpy1.html	曾昭玮.2025-ONE.HALF【环球】【FLAC分轨】
https://blog.sina.com.cn/s/blog_6943970c0102zpy0.html	陈百强.1988-神仙也移民【DMI】【WAV+CUE】
https://blog.sina.com.cn/s/blog_6943970c0102zpxz.html	黄雨勳.2023-Y世界【华纳】【FLAC分轨】
https://blog.sina.com.cn/s/blog_6943970c0102zpxy.html	达明一派.1990-不一样的记忆（2020宝丽金伍拾24KGOLD）【环球】【W…
https://blog.sina.com.cn/s/blog_6943970c0102zpxx.html	群星.2022-恋爱的夏天网络剧原声带【完美青春】【FLAC分轨】
https://blog.sina.com.cn/s/blog_6943970c0102zpxw.html	戴梅君.2012-烧情歌【美华】【WAV+CUE】
https://blog.sina.com.cn/s/blog_6943970c0102zpxv.html	川岛茉树代.2002-再见17岁【福茂】【FLAC+CUE】
https://blog.sina.com.cn/s/blog_6943970c0102zpxu.html	陈忆文.1986-变色的恋情（TP版）【金六六】【WAV+CUE】
https://blog.sina.com.cn/s/blog_6943970c0102zpxt.html	蔡义德.2023-你是阮的天【华特】【FLAC分轨】
https://blog.sina.com.cn/s/blog_6943970c0102zpxs.html	康乔江梦蕾.2002-黄梅调精选2CD【华声】【WAV+CUE】
https://blog.sina.com.cn/s/blog_6943970c0102zpxr.html	孔令奇.2003-WORLD.PEACE【滚石】【FLAC分轨】
https://blog.sina.com.cn/s/blog_6943970c0102zpxq.html	梅艳芳.1986-妖女【华星】【WAV+CUE】
https://blog.sina.com.cn/s/blog_6943970c0102zpxo.html	柯智棠.2015-你不真的想流浪【SONY】【FLAC分轨】
https://blog.sina.com.cn/s/blog_6943970c0102zpxn.html	群星.2023-雪鹰领主剧版影视原声带【TME影音】【FLAC分轨】
https://blog.sina.com.cn/s/blog_6943970c0102zpxm.html	群星.1979-白金唱片79粤语流行曲精选（LP版）【大华】【WAV+CUE】
https://blog.sina.com.cn/s/blog_6943970c0102zpxl.html	古巨基.2012-告别我的恋人们【英皇娱乐】【WAV+CUE】
https://blog.sina.com.cn/s/blog_6943970c0102zpxk.html	符琼音.2012-不摇滚小姐【擎天娱乐】【FLAC分轨】
https://blog.sina.com.cn/s/blog_6943970c0102zpxj.html	方大同.2008-WONDERLAND.LIVE未来演唱会2008【华纳】【WAV+CUE】
https://blog.sina.com.cn/s/blog_6943970c0102zpxi.html	王瑞霞.2006-坚心爱到底【喜玛拉雅】【WAV+CUE】
https://blog.sina.com.cn/s/blog_6943970c0102zpxh.html	周国贤.2015-Implode【BMA】【FLAC分轨】
https://blog.sina.com.cn/s/blog_6943970c0102zpxg.html	潘安邦.1980-年轻人的心声（四海复刻版）【海山】【WAV+CUE】
https://blog.sina.com.cn/s/blog_6943970c0102zpxf.html	群星.2022-摇滚狂花影视原声带【漫吞吞文化】【FLAC分轨】
https://blog.sina.com.cn/s/blog_6943970c0102zpxe.html	周凯翔.2025-尤利西斯的归途【StreetVoice】【FLAC分轨】
https://blog.sina.com.cn/s/blog_6943970c0102zpxd.html	刘依纯.2012-断情诗【豪记】【FLAC分轨】
https://blog.sina.com.cn/s/blog_6943970c0102zpxc.html	群星.1997-中广流行之星优胜合辑【瑞星】【FLAC分轨】
https://blog.sina.com.cn/s/blog_6943970c0102zpxb.html	陈雷.1997-金装经典【金圆唱片】【WAV+CUE】
https://blog.sina.com.cn/s/blog_6943970c0102zpxa.html	群星.2023-聆听时光之声·时光音乐会第二季原声大碟【金蜂】【WAV+C…
https://blog.sina.com.cn/s/blog_6943970c0102zpx9.html	林二汶.2010-林一歌林二唱【东亚】【FLAC分轨】
https://blog.sina.com.cn/s/blog_6943970c0102zpx8.html	许冠杰.1978-卖身契（宝丽金20世纪光辉印记）（2025再版）【环球】…
https://blog.sina.com.cn/s/blog_6943970c0102zpx7.html	群星.2021-周生如故影视原声带【韶愔音乐】【FLAC分轨】
https://blog.sina.com.cn/s/blog_6943970c0102zpx6.html	杨耀东.1981-季节雨（滚石新格民歌系列14）【新格】【WAV+CUE】
https://blog.sina.com.cn/s/blog_6943970c0102zpx5.html	群星.2011-吉马台语精选原版10CD【吉马】【WAV+CUE】
https://blog.sina.com.cn/s/blog_6943970c0102zpx4.html	王靖雯.2025-忘记我（EP）【Hikoon.Music】【FLAC分轨】
https://blog.sina.com.cn/s/blog_6943970c0102zpx3.html	李丽珊.2024-HEARHERE【新世纪】【WAV+CUE】
https://blog.sina.com.cn/s/blog_6943970c0102zpx2.html	蓝心湄.1986-摇滚86【飞羚唱片】【FLAC分轨】
https://blog.sina.com.cn/s/blog_6943970c0102zpx1.html	群星.1986-EMI劲之碟【EMI百代】【WAV+CUE】
https://blog.sina.com.cn/s/blog_6943970c0102zpx0.html	林禹胜.1987-纠缠的雨【迪门唱片】【FLAC分轨】
https://blog.sina.com.cn/s/blog_6943970c0102zpwz.html	凤飞飞.2012-凤飞飞1971-1987典藏唱片回顾2CD【歌林】【WAV+CUE】
https://blog.sina.com.cn/s/blog_6943970c0102zpwy.html	陈淑萍.1995-感情靠无岸【上华】【WAV+CUE】
https://blog.sina.com.cn/s/blog_6943970c0102zpwx.html	群星.2024-祈今朝影视剧原声大碟【SNMUSIC】【FLAC分轨】
https://blog.sina.com.cn/s/blog_6943970c0102zpww.html	南征北战NZBZ.2017-生来倔强【东亚星光】【FLAC分轨】
https://blog.sina.com.cn/s/blog_6943970c0102zpwv.html	齐豫.1979-橄榄树（滚石新格民歌系列13）【新格】【WAV+CUE】
https://blog.sina.com.cn/s/blog_6943970c0102zpwu.html	徐子末.2025-匿迹生长【壹橙文化】【FLAC分轨】
https://blog.sina.com.cn/s/blog_6943970c0102zpws.html	群星.2021-花好月又圆影视原声带【听见未来】【FLAC分轨】
https://blog.sina.com.cn/s/blog_6943970c0102zpwr.html	群星.2000-香港辉黄2000演唱会2CD【建星】【WAV+CUE】
https://blog.sina.com.cn/s/blog_6943970c0102zpwq.html	陈德容.1998-情海【新兄弟】【WAV+CUE】
https://blog.sina.com.cn/s/blog_6943970c0102zpwp.html	蔡小虎.2007-心疼【豪记】【WAV+CUE】
https://blog.sina.com.cn/s/blog_6943970c0102zpwo.html	EB.DUET.2024-璀璨【LITE】【FLAC分轨】
https://blog.sina.com.cn/s/blog_6943970c0102zpwn.html	潘越云.1990-对你的10个疑问【滚石】【WAV+CUE】
https://blog.sina.com.cn/s/blog_6943970c0102zpwm.html	方千玉.2023-酒是咱朋友【华特】【FLAC分轨】
https://blog.sina.com.cn/s/blog_6943970c0102zpwl.html	张宇.2000-奇迹·创世纪精选2CD【EMI百代】【WAV+CUE】
https://blog.sina.com.cn/s/blog_6943970c0102zpwk.html	群星.2022-说英雄谁是英雄网剧原声带【完美青春】【FLAC分轨】
https://blog.sina.com.cn/s/blog_6943970c0102zpwj.html	黄凯芹.1992-传闻【飞图】【WAV+CUE】
https://blog.sina.com.cn/s/blog_6943970c0102zpwi.html	刘恋.2025-奇谈【TME】【FLAC分轨】
https://blog.sina.com.cn/s/blog_6943970c0102zpwg.html	黄大诚.1982-唐山子民（滚石新格民歌系列29）【新格】【WAV+CUE】
https://blog.sina.com.cn/s/blog_6943970c0102zpwf.html	蔡佳麟.2018-问路【美乐帝】【FLAC分轨】
https://blog.sina.com.cn/s/blog_6943970c0102zpwe.html	贝心瑜.1982-你的眼睛看着我（LP）【金声】【WAV+CUE】
https://blog.sina.com.cn/s/blog_6943970c0102zpwd.html	Y.I.Y.O.2002－大风吹【滚石】【FLAC分轨】
https://blog.sina.com.cn/s/blog_6943970c0102zpwc.html	TWINS.2005-一时无两【英皇娱乐】【WAV+CUE】
https://blog.sina.com.cn/s/blog_6943970c0102zpwb.html	彭羚.1997-我有我天地【EMI百代】【WAV+CUE】
https://blog.sina.com.cn/s/blog_6943970c0102zpwa.html	群星.2021-乌鸦小姐与蜥蜴先生影视原声带【TME影音】【FLAC分轨】
https://blog.sina.com.cn/s/blog_6943970c0102zpw9.html	林俊吉.2016-心爱的女王【华特】【FLAC分轨】
https://blog.sina.com.cn/s/blog_6943970c0102zpw8.html	李玟.2000-THE.BEST.OF.MY.LOVE新歌+精选2CD【SONY】【WAV+CUE】
https://blog.sina.com.cn/s/blog_6943970c0102zpw7.html	群星.2023-少年进化论2023原创专辑【信念音乐】【FLAC分轨】
https://blog.sina.com.cn/s/blog_6943970c0102zpw6.html	蔡诗芸.2005-紫外线【阿尔发】【FLAC分轨】
https://blog.sina.com.cn/s/blog_6943970c0102zpw5.html	群星.2013-宝记正传【环球】【WAV+CUE】
https://blog.sina.com.cn/s/blog_6943970c0102zpw4.html	刘家凯.2023-太棒了！我一無是處的人生【凯开而弹】【FLAC分轨】
https://blog.sina.com.cn/s/blog_6943970c0102zpw3.html	向蕙玲.2010-还债【大棠】【WAV+CUE】
https://blog.sina.com.cn/s/blog_6943970c0102zpw2.html	陈威全.2019-你想成为什么样的人【美妙音乐】【FLAC分轨】
https://blog.sina.com.cn/s/blog_6943970c0102zpw1.html	邓瑞霞.2008-情在广东VOL.09自问无错【南方】【WAV+CUE】
https://blog.sina.com.cn/s/blog_6943970c0102zpw0.html	群星.2011-THE.CREW乐酷·概念专辑合【杰威尔】【WAV+CUE】
https://blog.sina.com.cn/s/blog_6943970c0102zpvz.html	群星.2024-不如海边吹吹风影集原声带【神州娱乐】【FLAC分轨】
https://blog.sina.com.cn/s/blog_6943970c0102zpvy.html	刘德华.1991-一起走过的日子（宝丽金20世纪光辉印记版）【环球】【…
https://blog.sina.com.cn/s/blog_6943970c0102zpvx.html	Tizzy.Bac.2025-说出我的名字【相信音乐】【FLAC分轨】
https://blog.sina.com.cn/s/blog_6943970c0102zpvw.html	群星.1988-点红点绿点唱机【SONY】【WAV+CUE】
https://blog.sina.com.cn/s/blog_6943970c0102zpvv.html	刘忻.2013-花花女孩【天娱传媒】【FLAC分轨】
https://blog.sina.com.cn/s/blog_6943970c0102zpvu.html	吕方.1992-恋爱季节经典13首【华纳】【WAV+CUE】
https://blog.sina.com.cn/s/blog_6943970c0102zpvt.html	周柯宇.2023-IF.I.MAY为你我可以【智慧大狗】【FLAC分轨】
https://blog.sina.com.cn/s/blog_6943970c0102zpvs.html	何洁.2019-再见何洁【飞宝文化】【FLAC分轨】
https://blog.sina.com.cn/s/blog_6943970c0102zpvr.html	杨哲.2012-痴情梦【华特】【WAV+CUE】
https://blog.sina.com.cn/s/blog_6943970c0102zpvq.html	群星.2016-时间的蜜·音乐肖像2015【安磐】【FLAC分轨】
https://blog.sina.com.cn/s/blog_6943970c0102zpvp.html	群星.2022-二进制恋爱影视原声专辑【天浩盛世】【FLAC分轨】
https://blog.sina.com.cn/s/blog_6943970c0102zpvo.html	周慧敏.1997-回忆从今天开始【宝丽金】【WAV+CUE】
https://blog.sina.com.cn/s/blog_6943970c0102zpvn.html	曾昱嘉.2025-在我眼里的____【福茂】【FLAC分轨】
https://blog.sina.com.cn/s/blog_6943970c0102zpvk.html	蔡琴.1979-出塞曲（2007年喜玛拉雅LPCD45限量版）【喜玛拉雅】【WA…
https://blog.sina.com.cn/s/blog_6943970c0102zpvj.html	亚细亚报童.2024-蓝心【麦田音乐】【FLAC分轨】
https://blog.sina.com.cn/s/blog_6943970c0102zpvi.html	群星.1996-恋曲100分【宝丽金】【WAV+CUE】
https://blog.sina.com.cn/s/blog_6943970c0102zpvh.html	罗吉镇.1991-罗吉镇精丫歌林】【FLAC分轨】
https://blog.sina.com.cn/s/blog_6943970c0102zpvg.html	刘蓝溪.1979-小时候的愿望（滚石新格民歌系列40）【新格】【WAV+CU…
https://blog.sina.com.cn/s/blog_6943970c0102zpvf.html	王建杰.2013-刺桐花【乾坤】【FLAC分轨】
https://blog.sina.com.cn/s/blog_6943970c0102zpve.html	群星.2012-岁月的主题曲CD1【华纳】【WAV+CUE】
https://blog.sina.com.cn/s/blog_6943970c0102zpvd.html	邝美云.1996-我和春天有个约会【EMI百代】【WAV+CUE】
https://blog.sina.com.cn/s/blog_6943970c0102zpvc.html	林一峰.2024-思念之城·梁文福作品集【LYF.MUSIC】【FLAC分轨】
https://blog.sina.com.cn/s/blog_6943970c0102zpvb.html	群星.2024-我们的翻译官影视原声带【华策音乐】【FLAC分轨】
https://blog.sina.com.cn/s/blog_6943970c0102zpva.html	群星.1997-花的世界，花中有情【瑞华】【FLAC分轨】
https://blog.sina.com.cn/s/blog_6943970c0102zpv9.html	任贤齐.1999-认真精选辑2CD【滚石】【WAV+CUE】
https://blog.sina.com.cn/s/blog_6943970c0102zpv8.html	陈百强.2007-华纳最出色系列3CD【华纳】【WAV+CUE】
https://blog.sina.com.cn/s/blog_6943970c0102zpv7.html	叶诺帆.2024-笑红尘【豪记】【FLAC分轨】
https://blog.sina.com.cn/s/blog_6943970c0102zpv6.html	潘美辰.1991-旧缘重续2辑【瑞华】【WAV+CUE】
https://blog.sina.com.cn/s/blog_6943970c0102zpv5.html	艾妮.2023-TOKYOBLOOM【英皇娱乐】【FLAC分轨】
https://blog.sina.com.cn/s/blog_6943970c0102zpv4.html	群星.2006-Love.Letters.2CD【EMI百代】【WAV+CUE】
https://blog.sina.com.cn/s/blog_6943970c0102zpv3.html	群星.2024-烟火人家电视剧原声专辑【奔跑怪物】【FLAC分轨】
https://blog.sina.com.cn/s/blog_6943970c0102zpv2.html	张国荣.1987-SUMMER.ROMANCE87（宝丽金20世纪光辉印记）【环球】【…
https://blog.sina.com.cn/s/blog_6943970c0102zpv1.html	刘耀文.2025-K·Night耀（EP）【时代峰峻】【FLAC分轨】
https://blog.sina.com.cn/s/blog_6943970c0102zpv0.html	黄乙玲.2009-跨国精丫歌林】【WAV+CUE】
https://blog.sina.com.cn/s/blog_6943970c0102zpuz.html	黄小琥.1990-不只是朋友【百佳唱片NO.91】【可登唱片】【WAV+CUE】
https://blog.sina.com.cn/s/blog_6943970c0102zpuy.html	沈简单.2024-恶人【相信音乐】【FLAC分轨】
https://blog.sina.com.cn/s/blog_6943970c0102zpux.html	庄振凯.2019-男人四十【豪记】【FLAC分轨】
https://blog.sina.com.cn/s/blog_6943970c0102zpuw.html	孟庭苇.1996-心言手语【SONY】【WAV+CUE】
https://blog.sina.com.cn/s/blog_6943970c0102zpuv.html	群星.1997-两情相悦·情歌合唱【瑞华】【FLAC分轨】
https://blog.sina.com.cn/s/blog_6943970c0102zpuu.html	陈慧娴.2016-ISM演唱会3CD【环球】【WAV+CUE】
https://blog.sina.com.cn/s/blog_6943970c0102zput.html	群星.2020-离人心上影视剧原声带【希瓜音乐】【FLAC分轨】
https://blog.sina.com.cn/s/blog_6943970c0102zpus.html	詹曼铃.2006-今生情泪【乾坤唱片】【FLAC分轨】
https://blog.sina.com.cn/s/blog_6943970c0102zpur.html	张洢豪.2025-i人的世界【哇唧唧哇娱乐】【FLAC分轨】
https://blog.sina.com.cn/s/blog_6943970c0102zpuq.html	戴佩妮.2004-SO...PENNY好…佩妮【EMI百代】【WAV+CUE】
https://blog.sina.com.cn/s/blog_6943970c0102zpup.html	蔡淳佳.2013-假如给我三天光明（EP）【大牌佳音】【FLAC分轨】
https://blog.sina.com.cn/s/blog_6943970c0102zpuo.html	陈淑萍.1996-乎风吹想要飞【上华】【WAV+CUE】
https://blog.sina.com.cn/s/blog_6943970c0102zpun.html	群星.2023-灼灼风流影视原声带【D-JinMusic】【FLAC分轨】
https://blog.sina.com.cn/s/blog_6943970c0102zpum.html	黄立成麻吉.2003-麻吉【华纳】【FLAC分轨】
https://blog.sina.com.cn/s/blog_6943970c0102zpul.html	郭子.1991-儿童乐园（百佳唱片NO.60）【新笛唱片】【WAV+CUE】
https://blog.sina.com.cn/s/blog_6943970c0102zpuk.html	吕建中.2007-延长比赛（引进版）【华研国际】【WAV+CUE】
https://blog.sina.com.cn/s/blog_6943970c0102zpuj.html	回春丹.2019-兴奋到死的东西（EP）【瓦兹妙赞】【FLAC分轨】
https://blog.sina.com.cn/s/blog_6943970c0102zpui.html	叶倩文.2003-爱情的名字精选2CD【华纳】【WAV+CUE】
https://blog.sina.com.cn/s/blog_6943970c0102zpuh.html	群星.2022-月歌行影视原声带【韶愔音乐】【FLAC分轨】
https://blog.sina.com.cn/s/blog_6943970c0102zpuf.html	李国祥.1993-余情停不了【嘉音】【WAV+CUE】
https://blog.sina.com.cn/s/blog_6943970c0102zpue.html	陈冠希.2001-PEACE.AND.LOVE【英皇娱乐】【WAV+CUE】
https://blog.sina.com.cn/s/blog_6943970c0102zpud.html	BOYZ.2004-La.La世界（EP）【英皇娱乐】【FLAC分轨】
https://blog.sina.com.cn/s/blog_6943970c0102zpuc.html	黄莺莺.1992-从心爱你【滚石】【WAV+CUE】
https://blog.sina.com.cn/s/blog_6943970c0102zpub.html	包娜娜.1968-採红菱（包娜娜包妮妮姊妹专集）【合众唱片】【FLAC分…
https://blog.sina.com.cn/s/blog_6943970c0102zpua.html	群星.2009-Oldies.101.Your.Favourite.6CD【环球】【WAV+CUE】
https://blog.sina.com.cn/s/blog_6943970c0102zpu9.html	FS.2013-全世界（EP）【FLAC分轨】
https://blog.sina.com.cn/s/blog_6943970c0102zpu8.html	陈雷.2008-爱你的日子【乾坤】【WAV+CUE】
https://blog.sina.com.cn/s/blog_6943970c0102zpu7.html	张文绮.2018-绮丽世界【美乐帝】【FLAC分轨】
https://blog.sina.com.cn/s/blog_6943970c0102zpu6.html	叶丽仪.2003-笑迎人生新曲+精丫环星】【WAV+CUE】
https://blog.sina.com.cn/s/blog_6943970c0102zpu5.html	群星.2024-镇魂街之热血再燃网剧原声专辑【嘉尤音乐】【FLAC分轨】
https://blog.sina.com.cn/s/blog_6943970c0102zpu4.html	韩磊.2008-向天再借五百年【红梅书局】【WAV+CUE】
https://blog.sina.com.cn/s/blog_6943970c0102zpu3.html	群星.2021-斛珠夫人电视剧原声专辑【希瓜音乐】【FLAC分轨】
https://blog.sina.com.cn/s/blog_6943970c0102zpu2.html	施文彬.2005-你爱的不是我【华特】【WAV+CUE】
https://blog.sina.com.cn/s/blog_6943970c0102zpu1.html	许富凯.2013-故乡的门口埕【华特】【FLAC分轨】
https://blog.sina.com.cn/s/blog_6943970c0102zpu0.html	张学友.1996-情缘十载95友学友台湾演唱会2CD【宝丽金】【WAV+CUE】
https://blog.sina.com.cn/s/blog_6943970c0102zptz.html	张芯瑜.2006-小小瑜的闹闹【丰华】【FLAC分轨】
https://blog.sina.com.cn/s/blog_6943970c0102zpty.html	周传雄.2007-蓝色土耳其【环球】【WAV+CUE】
https://blog.sina.com.cn/s/blog_6943970c0102zptx.html	高向鹏方瑞娥.2005-世间事【豪记】【WAV+CUE】
https://blog.sina.com.cn/s/blog_6943970c0102zptw.html	群星.2021-光荣与梦想电视剧原声大碟【冬曦音乐】【FLAC分轨】
https://blog.sina.com.cn/s/blog_6943970c0102zptv.html	唐九洲.2025-PRE2EN7（EP）【乐华圆娱】【FLAC分轨】
https://blog.sina.com.cn/s/blog_6943970c0102zptt.html	张学友.1985-AMOUR·遥远的她（宝丽金20世纪光辉印记）【环球】【WA…
https://blog.sina.com.cn/s/blog_6943970c0102zpts.html	郑怡.1997-金色郑怡2CD【新黎明】【WAV+CUE】
https://blog.sina.com.cn/s/blog_6943970c0102zptr.html	群星.2017-醉玲珑电视剧原声带【听见时代】【FLAC分轨】
https://blog.sina.com.cn/s/blog_6943970c0102zptq.html	阿妹妹.1997-我要为你做饭【丰华】【FLAC分轨】
https://blog.sina.com.cn/s/blog_6943970c0102zptp.html	陈百潭.2020-人生如做戏【华特】【FLAC分轨】
https://blog.sina.com.cn/s/blog_6943970c0102zpto.html	瞿颖.2019-RE【伯音时代】【FLAC分轨】
https://blog.sina.com.cn/s/blog_6943970c0102zptn.html	孟庭苇.1994-纯真年代(民歌精选)【上华】【WAV+CUE】
https://blog.sina.com.cn/s/blog_6943970c0102zptm.html	甄妮.1979-针叶树（LP版）【爱波唱片】【WAV+CUE】
https://blog.sina.com.cn/s/blog_6943970c0102zptl.html	群星.2025-白日梦与她影视原声带【黑籁音乐】【FLAC分轨】
https://blog.sina.com.cn/s/blog_6943970c0102zptk.html	翁立友.2025-白娘子【豪记】【FLAC分轨】
https://blog.sina.com.cn/s/blog_6943970c0102zptj.html	欧阳菲菲.2008-传奇经典【环球】【WAV+CUE】
https://blog.sina.com.cn/s/blog_6943970c0102zpti.html	田鸿杰.2025-因为有光，有点晃荡【哇唧唧哇娱乐】【FLAC分轨】
https://blog.sina.com.cn/s/blog_6943970c0102zpth.html	邓瑞霞.2006-情在广东VOL.08天眼【南方】【WAV+CUE】
https://blog.sina.com.cn/s/blog_6943970c0102zptg.html	陈晓东.1998-Best.Of.Daniel.Chan（2022日本唱片志限量版）【环球…
https://blog.sina.com.cn/s/blog_6943970c0102zptf.html	林宥嘉.2012-大小说家+外一章【华研国际】【WAV+CUE】
https://blog.sina.com.cn/s/blog_6943970c0102zpte.html	陈随意.2021-牡丹雨【豪记】【FLAC分轨】
https://blog.sina.com.cn/s/blog_6943970c0102zptd.html	群星.2002-情浓意更浓2CD（引进版）【环球】【WAV+CUE】
https://blog.sina.com.cn/s/blog_6943970c0102zptc.html	群星.2023-极速悖论影视原声带【天娱传媒】【FLAC分轨】
https://blog.sina.com.cn/s/blog_6943970c0102zptb.html	王杰.1995-情愿不自由【飞碟】【WAV+CUE】
https://blog.sina.com.cn/s/blog_6943970c0102zpta.html	马思唯.2025-乐透人生【StreetVoice】【FLAC分轨】
https://blog.sina.com.cn/s/blog_6943970c0102zpt8.html	孙协志.2018-守候，一光年（EP）【爱贝克思】【FLAC分轨】
https://blog.sina.com.cn/s/blog_6943970c0102zpt7.html	杨丞琳.2014-双丞戏（三冠庆功版）【环球】【WAV+CUE】
https://blog.sina.com.cn/s/blog_6943970c0102zpt6.html	詹雅雯.1998-一切拢是命【雅鹂】【FLAC分轨】
https://blog.sina.com.cn/s/blog_6943970c0102zpt5.html	群星.2021-绝密使命电视剧原声带【华策】【FLAC分轨】
https://blog.sina.com.cn/s/blog_6943970c0102zpt4.html	动力火车.2004-就是红光辉全纪录新歌+精选2CD【华研国际】【WAV+CU…
https://blog.sina.com.cn/s/blog_6943970c0102zpt3.html	童安格.2011-童乐会3CD【环球】【WAV+CUE】
https://blog.sina.com.cn/s/blog_6943970c0102zpt2.html	陈艾玲.1994-红蔷薇【波丽佳音】【FLAC分轨】
https://blog.sina.com.cn/s/blog_6943970c0102zpt1.html	群星.1992-1994-飞图超白金精选8CD【飞图】【WAV+CUE】
https://blog.sina.com.cn/s/blog_6943970c0102zpt0.html	谢金晶.2019-星儿亮晶晶【豪记】【WAV+CUE】
https://blog.sina.com.cn/s/blog_6943970c0102zpsz.html	群星.1999-我最喜爱的男歌手2CD【宝丽金】【WAV+CUE】
https://blog.sina.com.cn/s/blog_6943970c0102zpsy.html	程璧.2025-遥远的声音变得更远【陟彼南山】【FLAC分轨】
https://blog.sina.com.cn/s/blog_6943970c0102zpsx.html	宋祖英.2007-好一朵美丽的茉莉花【天艺】【WAV+CUE】
https://blog.sina.com.cn/s/blog_6943970c0102zpsw.html	谢雷.1990-春去春又回【名冠】【FLAC分轨】
https://blog.sina.com.cn/s/blog_6943970c0102zpsv.html	梁文音.2017-副驾驶座的风景【环球】【FLAC分轨】
https://blog.sina.com.cn/s/blog_6943970c0102zpsu.html	徐若瑄.2003-MOMENT（EP）【SME】【WAV+CUE】
https://blog.sina.com.cn/s/blog_6943970c0102zpst.html	萧闳仁.2016-别怀疑自己【StreetVoice】【FLAC分轨】
https://blog.sina.com.cn/s/blog_6943970c0102zpss.html	群星.2021-天龙八部电视剧原声大碟【冬曦音乐】【FLAC分轨】
https://blog.sina.com.cn/s/blog_6943970c0102zpsr.html	群星.2006-LOVE.IS.BITTERSWEET情深·缘浅2CD【华星】【WAV+CUE】
https://blog.sina.com.cn/s/blog_6943970c0102zpsq.html	唐飞.2000-走唱集2CD【十足唱片】【FLAC分轨】
https://blog.sina.com.cn/s/blog_6943970c0102zpsp.html	王默君.1988-偷哭的日子【乡城】【WAV+CUE】
https://blog.sina.com.cn/s/blog_6943970c0102zpso.html	许冠杰.1981-摩登保镖（宝丽金20世纪光辉印记）【环球】【WAV+CUE…
https://blog.sina.com.cn/s/blog_6943970c0102zpsn.html	孙楠.2011-第一楠主角2011【缘份天空传媒】【WAV+CUE】
https://blog.sina.com.cn/s/blog_6943970c0102zpsm.html	孙楠.2003-第一楠主角【星工晨【WAV+CUE】
https://blog.sina.com.cn/s/blog_6943970c0102zpsl.html	吴静娴.1979-我不该爱你·花儿梦里笑【海山】【FLAC分轨】
https://blog.sina.com.cn/s/blog_6943970c0102zpsk.html	古巨基.2008-劲歌金曲2情歌王新曲+精选2CD【金牌大风】【WAV+CUE】
https://blog.sina.com.cn/s/blog_6943970c0102zpsj.html	古巨基.2005-劲歌·金曲新曲+精丫金牌大风】【WAV+CUE】
https://blog.sina.com.cn/s/blog_6943970c0102zpsi.html	星盒子.1999-打开星盒子【滚石】【FLAC分轨】
https://blog.sina.com.cn/s/blog_6943970c0102zpsh.html	谈诗玲.2018-溪中月【豪记】【WAV+CUE】
https://blog.sina.com.cn/s/blog_6943970c0102zpsg.html	吴宗宪.1998-吴宗宪的台语歌【BMG】【WAV+CUE】
https://blog.sina.com.cn/s/blog_6943970c0102zpsf.html	群星.2022-光阴里的故事影视原声带【百态文化】【FLAC分轨】
https://blog.sina.com.cn/s/blog_6943970c0102zpse.html	孙子涵.2014-涵剧先森【简单快乐文化】【FLAC分轨】
https://blog.sina.com.cn/s/blog_6943970c0102zpsd.html	草蜢.1998-草蜢快慢精选30首（2022环球复刻版）2CD【环球】【WAV+C…
https://blog.sina.com.cn/s/blog_6943970c0102zpsc.html	黄大炜.1988-DAVID黄【飞碟】【FLAC分轨】
https://blog.sina.com.cn/s/blog_6943970c0102zpsb.html	谢金燕.2012-造飞机【乾坤唱片】【WAV+CUE】
https://blog.sina.com.cn/s/blog_6943970c0102zpsa.html	陈红.1994-这一次我是真的留下来陪你【京文】【FLAC分轨】
https://blog.sina.com.cn/s/blog_6943970c0102zps9.html	黄榕生.2021-冷门的热情【道尚天禾】【FLAC分轨】
https://blog.sina.com.cn/s/blog_6943970c0102zps8.html	吴浩康.2008-BREAK.IT【英皇娱乐】【WAV+CUE】
https://blog.sina.com.cn/s/blog_6943970c0102zps7.html	许富凯.2012-写乎你的歌【华特】【FLAC分轨】
https://blog.sina.com.cn/s/blog_6943970c0102zps6.html	群星.2000-女生向前走2CD【友善的狗】【WAV+CUE】
https://blog.sina.com.cn/s/blog_6943970c0102zps5.html	黎瑞恩.1995-你是我生命中一切【宝丽金】【WAV+CUE】
https://blog.sina.com.cn/s/blog_6943970c0102zps4.html	群星.2025-燃罪影视原声带【韶愔】【FLAC分轨】
https://blog.sina.com.cn/s/blog_6943970c0102zps3.html	张秀卿.2025-阿桃【豪记】【FLAC分轨】
https://blog.sina.com.cn/s/blog_6943970c0102zps2.html	郑嘉颖.2006-新曲+精选（引进版）【环球】【WAV+CUE】
https://blog.sina.com.cn/s/blog_6943970c0102zps1.html	雪村.2001-东北人都是活雷锋【中唱】【FLAC分轨】
https://blog.sina.com.cn/s/blog_6943970c0102zps0.html	群星.2018-明日之星同学会十周年纪念专辑【美乐帝】【FLAC分轨】
https://blog.sina.com.cn/s/blog_6943970c0102zprz.html	郑钧.1999-怒放【非池中】【WAV+CUE】
https://blog.sina.com.cn/s/blog_6943970c0102zpry.html	赖慧如.2019-敢爱就来【福茂】【FLAC分轨】
https://blog.sina.com.cn/s/blog_6943970c0102zprx.html	林忆莲.1991-野花（2021年新世纪MQA24K金碟限量版）【新世纪】【WA…
https://blog.sina.com.cn/s/blog_6943970c0102zprw.html	陈伟霆.2010-Do.You.Wanna.Dance【英皇娱乐】【FLAC分轨】
https://blog.sina.com.cn/s/blog_6943970c0102zprv.html	黄乙玲.2000-山盟海誓精选重唱+新歌【上华】【WAV+CUE】
https://blog.sina.com.cn/s/blog_6943970c0102zpru.html	邓瑞霞.2004-情在广东VOL.07离别的叮咛【南方】【WAV+CUE】
https://blog.sina.com.cn/s/blog_6943970c0102zprt.html	群星.2025-只此江湖梦影视原声带【嘉尤音乐】【FLAC分轨】
https://blog.sina.com.cn/s/blog_6943970c0102zpqw.html	群星.2007-钢琴百分百6CD【EMI百代】【WAV+CUE】
https://blog.sina.com.cn/s/blog_6943970c0102zpqb.html	群星.2023-一路朝阳影视原声带【潮石音乐】【FLAC分轨】
https://blog.sina.com.cn/s/blog_6943970c0102zpqc.html	罗嘉良.1993-你的心让我来疼【歌林】【WAV+CUE】
https://blog.sina.com.cn/s/blog_6943970c0102zpqd.html	叶胜钦.2010-新相思雨【华特】【FLAC分轨】
https://blog.sina.com.cn/s/blog_6943970c0102zpqe.html	刘德华.1997-真生命【NEWMELODY】【WAV+CUE】
https://blog.sina.com.cn/s/blog_6943970c0102zpqf.html	黄淑惠.2005-情人日记【海蝶】【FLAC分轨】
https://blog.sina.com.cn/s/blog_6943970c0102zpqr.html	甄秀珍.2009-永恒之星珍藏精选2CD【东尼机构】【WAV+CUE】
https://blog.sina.com.cn/s/blog_6943970c0102zpqs.html	王中平.2013-有你就足够【美乐帝】【FLAC分轨】
https://blog.sina.com.cn/s/blog_6943970c0102zpqt.html	群星.2023-我的人间烟火电视原声带【无悦不欢】【FLAC分轨】
https://blog.sina.com.cn/s/blog_6943970c0102zpqu.html	梁汉文.1998-贪新恋旧十七首【华星】【WAV+CUE】
https://blog.sina.com.cn/s/blog_6943970c0102zpqv.html	李度.1997-够了【滚石】【WAV+CUE】
https://blog.sina.com.cn/s/blog_6943970c0102zpqx.html	群星.1992-红太阳·毛泽东颂歌新节奏联唱5辑【中唱】【WAV+CUE】
https://blog.sina.com.cn/s/blog_6943970c0102zpqy.html	詹雅雯.1994-孤单酒【雅鹂】【FLAC分轨】
https://blog.sina.com.cn/s/blog_6943970c0102zpqz.html	王菲.1996-一人分饰两角【新艺宝】【WAV+CUE】
https://blog.sina.com.cn/s/blog_6943970c0102zpr0.html	群星.2025-树下有片红房子电视剧原声带【TME影音】【FLAC分轨】
https://blog.sina.com.cn/s/blog_6943970c0102zpr1.html	张宇.1993-用心良苦【歌林】【WAV+CUE】
https://blog.sina.com.cn/s/blog_6943970c0102zprn.html	黎明.2024-环球经典礼赞7【环球】【WAV+CUE】
https://blog.sina.com.cn/s/blog_6943970c0102zprd.html	伊扬.1998-该做就做【上海音像】【WAV+CUE】
https://blog.sina.com.cn/s/blog_6943970c0102zprc.html	赵兆.2025-1981篇章三部曲（EP）【制作家】【FLAC分轨】
https://blog.sina.com.cn/s/blog_6943970c0102zpre.html	群星.2019-小欢喜电视剧原声带【白鲸音乐】【FLAC分轨】
https://blog.sina.com.cn/s/blog_6943970c0102zprh.html	小男孩乐团.2015-Everything【SONY】【FLAC分轨】
https://blog.sina.com.cn/s/blog_6943970c0102zprf.html	陈淑萍.2004-情话【乾坤唱片】【WAV+CUE】
https://blog.sina.com.cn/s/blog_6943970c0102zpro.html	曾淑勤.2000-精丫EMI百代】【WAV+CUE】
https://blog.sina.com.cn/s/blog_6943970c0102zprp.html	赵咏华.1994-问心无愧精选集【滚石】【WAV+CUE】
https://blog.sina.com.cn/s/blog_6943970c0102zprj.html	龙千玉.2010-用心【豪记】【WAV+CUE】
https://blog.sina.com.cn/s/blog_6943970c0102zpri.html	金海心.2015-HannahKim创作自选集【SONY】【FLAC分轨】
https://blog.sina.com.cn/s/blog_6943970c0102zprl.html	群星.2025-嘘，国王在冬眠影视原声带【哇唧唧哇】【FLAC分轨】
https://blog.sina.com.cn/s/blog_6943970c0102zprk.html	群星.1998-真·友·情·演唱会2CD【建星】【WAV+CUE】
https://blog.sina.com.cn/s/blog_6943970c0102zprm.html	张雨生.1988-天天想你【飞碟】【WAV+CUE】
https://blog.sina.com.cn/s/blog_6943970c0102zprq.html	群星.2023-虎鹤妖师录电视原声带【韶愔音乐】【FLAC分轨】
https://blog.sina.com.cn/s/blog_6943970c0102zpq0.html	艾怡良.2018-垂直活著,水平留恋著【环球】【WAV+CUE】
https://blog.sina.com.cn/s/blog_6943970c0102zppz.html	TOKYO.D.1995-玛琍亚【丰华】【FLAC分轨】
https://blog.sina.com.cn/s/blog_6943970c0102zppy.html	王杰.1997-起点【波丽佳音】【WAV+CUE】
https://blog.sina.com.cn/s/blog_6943970c0102zppx.html	陈兰丽.1979-桃花恋（2019复黑版）【海山】【WAV+CUE】
https://blog.sina.com.cn/s/blog_6943970c0102zppw.html	群星.2021-燃野少年的天空影视原声大碟【TME影音】【FLAC分轨】
https://blog.sina.com.cn/s/blog_6943970c0102zprg.html	黎明.2023-环球经典礼赞5【环球】【WAV+CUE】
https://blog.sina.com.cn/s/blog_6943970c0102zprb.html	梁静茹.2010-情歌没有告诉你【环球】【WAV+CUE】
https://blog.sina.com.cn/s/blog_6943970c0102zpra.html	群星.1999-20世纪光辉特选17首2（20世纪光辉印记）【环球】【WAV+C…
https://blog.sina.com.cn/s/blog_6943970c0102zpr9.html	蔡义德.2024-歹铁仔【华特】【FLAC分轨】
https://blog.sina.com.cn/s/blog_6943970c0102zpr8.html	陈艾玲.1991-心梦泪痕（飞跃复刻版）【乡城】【WAV+CUE】
https://blog.sina.com.cn/s/blog_6943970c0102zpr7.html	蔡国权.1987-梦的预言（复黑王）【宝丽金】【WAV+CUE】
https://blog.sina.com.cn/s/blog_6943970c0102zpr6.html	MP魔幻力量.2014-战神【相信音乐】【FLAC分轨】
https://blog.sina.com.cn/s/blog_6943970c0102zpr5.html	费玉清.1982-莫言醉（2011红豆复刻版）【天下】【WAV+CUE】
https://blog.sina.com.cn/s/blog_6943970c0102zpr4.html	李翊君.1990-沉默的祝福【华星】【WAV+CUE】
https://blog.sina.com.cn/s/blog_6943970c0102zpr3.html	群星.2025-滤镜影视原声带【冬曦音乐】【FLAC分轨】
https://blog.sina.com.cn/s/blog_6943970c0102zpr2.html	黎明.2022-环球经典礼赞5【环球】【WAV+CUE】
https://blog.sina.com.cn/s/blog_6943970c0102zpqq.html	伍浩哲.1995-有话讲甲没话通讲【威聚唱片】【WAV+CUE】
https://blog.sina.com.cn/s/blog_6943970c0102zpqp.html	群星.2022-你好，神枪手影视原声专辑【天浩盛世】【FLAC分轨】
https://blog.sina.com.cn/s/blog_6943970c0102zpqo.html	蔡幸娟.2006-星星知我心精装版2CD【皇星全音】【WAV+CUE】
https://blog.sina.com.cn/s/blog_6943970c0102zpqn.html	官灵芝.2018-爵好Jazzs.Good!【滚石】【FLAC分轨】
https://blog.sina.com.cn/s/blog_6943970c0102zpqm.html	张敬轩.2024-MOMENTS.OF.THE.DAHLIA.BLOSSOM【英皇娱乐】【WAV分轨…
https://blog.sina.com.cn/s/blog_6943970c0102zpql.html	陈奂仁.2012-他是陈奂仁【BBS】【FLAC分轨】
https://blog.sina.com.cn/s/blog_6943970c0102zpqk.html	王瑞霞.2011-相思断涯【振扬影音】【WAV+CUE】
https://blog.sina.com.cn/s/blog_6943970c0102zpqj.html	群星.2021-人潮汹涌电影原声专辑【光合世纪】【FLAC分轨】
https://blog.sina.com.cn/s/blog_6943970c0102zpqi.html	柯有伦.2014-解放浪漫【种子音乐】【FLAC分轨】
https://blog.sina.com.cn/s/blog_6943970c0102zpqh.html	黎明.2022-环球经典礼赞4【环球】【WAV+CUE】
https://blog.sina.com.cn/s/blog_6943970c0102zpqa.html	张秀卿.1994-思念【歌林】【WAV+CUE】
https://blog.sina.com.cn/s/blog_6943970c0102zpq9.html	钟舒漫.2010-ONEMISSION【英皇娱乐】【FLAC分轨】
https://blog.sina.com.cn/s/blog_6943970c0102zpq8.html	郑秀文.2004-登峰造极世纪精选2CD【华纳】【WAV+CUE】
https://blog.sina.com.cn/s/blog_6943970c0102zpq7.html	邓子霆.2015-以身试爱【福茂】【FLAC分轨】
https://blog.sina.com.cn/s/blog_6943970c0102zpq6.html	黄妃.2014-水水水【华特】【WAV+CUE】
https://blog.sina.com.cn/s/blog_6943970c0102zpq5.html	庄振凯.2009-痴情无罪【美华】【FLAC分轨】
https://blog.sina.com.cn/s/blog_6943970c0102zpq4.html	群星.2003-滚石大乐队3辑（引进版）【滚石】【WAV+CUE】
https://blog.sina.com.cn/s/blog_6943970c0102zpq3.html	群星.2021-五个扑水的少年电影原声专辑【光合世纪】【FLAC分轨】
https://blog.sina.com.cn/s/blog_6943970c0102zpq2.html	孙悦.1997-为了这一天新歌+精丫FLAC分轨】
https://blog.sina.com.cn/s/blog_6943970c0102zpq1.html	黎明.2021-环球经典礼赞3【环球】【WAV+CUE】
https://blog.sina.com.cn/s/blog_6943970c0102zppv.html	陈百强.1986-偶像REMIX【华纳】【WAV+CUE】
https://blog.sina.com.cn/s/blog_6943970c0102zppu.html	群星.2020-曲曲在心·黎小田作品【新世纪】【WAV+CUE】
https://blog.sina.com.cn/s/blog_6943970c0102zppt.html	邬兆邦.2023-相逢的列车【豪记】【FLAC分轨】
https://blog.sina.com.cn/s/blog_6943970c0102zpps.html	金瑞瑶.1998-歌坛五年代表作精选3CD【歌林】【WAV+CUE】
https://blog.sina.com.cn/s/blog_6943970c0102zppr.html	BOYZ.2004-BOYZOOM男生围【英皇娱乐】【FLAC分轨】
https://blog.sina.com.cn/s/blog_6943970c0102zppq.html	梅艳芳.2004-永远的...梅艳芳1997-2003新歌+精选2CD1【BMG】【WAV+…
https://blog.sina.com.cn/s/blog_6943970c0102zppp.html	群星.2025-北上电视剧原声带【智慧大狗】【FLAC分轨】
https://blog.sina.com.cn/s/blog_6943970c0102zppo.html	潘裕文.2009-梦·想·家【华研国际】【FLAC分轨】
https://blog.sina.com.cn/s/blog_6943970c0102zppn.html	邓瑞霞.2002-情在广东VOL.06爱定你一个【南方】【WAV+CUE】
https://blog.sina.com.cn/s/blog_6943970c0102zppm.html	黎明.2021-环球经典礼赞2【环球】【WAV+CUE】
https://blog.sina.com.cn/s/blog_6943970c0102zppk.html	高胜美.1991-望夫崖【上格】【WAV+CUE】
https://blog.sina.com.cn/s/blog_6943970c0102zppj.html	群星.2021-乔家的儿女电视剧原声带【正午阳光】【FLAC分轨】
https://blog.sina.com.cn/s/blog_6943970c0102zppi.html	高胜美.1991-望夫崖【上格】【WAV+CUE】
https://blog.sina.com.cn/s/blog_6943970c0102zpph.html	谢宜君.2022-情话三碗公【豪记】【FLAC分轨】
https://blog.sina.com.cn/s/blog_6943970c0102zppg.html	黄凯芹.2007-情迷管弦乐演唱会【宣明会】【WAV+CUE】
https://blog.sina.com.cn/s/blog_6943970c0102zppf.html	何润东.1998-想你的爱【宝丽金】【FLAC分轨】
https://blog.sina.com.cn/s/blog_6943970c0102zppe.html	范晓萱.2001-星星精选2CD【福茂】【WAV+CUE】
https://blog.sina.com.cn/s/blog_6943970c0102zppd.html	陈翔.2020-夹缝【天娱传媒】【FLAC分轨】
https://blog.sina.com.cn/s/blog_6943970c0102zppc.html	群星.2025-似锦电视原声带【D-JING】【FLAC分轨】
https://blog.sina.com.cn/s/blog_6943970c0102zppb.html	邬兆邦.2019-九份情歌【豪记】【FLAC分轨】
https://blog.sina.com.cn/s/blog_6943970c0102zppa.html	黎明.2017-环球经典礼赞1【环球】【WAV+CUE】
https://blog.sina.com.cn/s/blog_6943970c0102zpp8.html	张惠妹.2001-真实【华纳】【WAV+CUE】
https://blog.sina.com.cn/s/blog_6943970c0102zpp7.html	陈柏宇.2011-Fathers.Day【SONY】【FLAC分轨】
https://blog.sina.com.cn/s/blog_6943970c0102zpp6.html	翁立友.2005-妈妈的背影【豪记】【WAV+CUE】
https://blog.sina.com.cn/s/blog_6943970c0102zpp5.html	窦智孔.1997-COOLEYES【滚石】【FLAC分轨】
https://blog.sina.com.cn/s/blog_6943970c0102zpp4.html	江蕙.2009-再会啦!心爱的无缘的人·空笑梦2CD【大信唱片】【WAV+CUE…
https://blog.sina.com.cn/s/blog_6943970c0102zpp3.html	金佩姗.1985-一代女皇【飞羚唱片】【FLAC分轨】
https://blog.sina.com.cn/s/blog_6943970c0102zpp2.html	包美圣.1980-那一盆火（滚石新格民歌系列22）【新格】【WAV+CUE】
https://blog.sina.com.cn/s/blog_6943970c0102zpp1.html	群星.2025-仁心俱乐部影视原声带【SONY】【FLAC分轨】
https://blog.sina.com.cn/s/blog_6943970c0102zpp0.html	徐碧珩.2025-捕梦集【华纳】【FLAC分轨】
https://blog.sina.com.cn/s/blog_6943970c0102zpoz.html	费玉清余天.2003-闽南经典紅歌2CD【南方】【WAV+CUE】
https://blog.sina.com.cn/s/blog_6943970c0102zpoy.html	群星.2021-对手影视原声带【韶音】【FLAC分轨】
https://blog.sina.com.cn/s/blog_6943970c0102zpox.html	关淑怡.1989-难得有情人（宝丽金20世纪光辉印记版）【环球】【WAV+…
https://blog.sina.com.cn/s/blog_6943970c0102zpow.html	陈亮吟.1990-民歌3辑【腾祥唱片】【WAV+CUE】
https://blog.sina.com.cn/s/blog_6943970c0102zpov.html	柯泯薰.2014-游乐【角头音乐】【FLAC分轨】
https://blog.sina.com.cn/s/blog_6943970c0102zpou.html	罗时丰.2012-人生一首歌【豪记】【WAV+CUE】
https://blog.sina.com.cn/s/blog_6943970c0102zpot.html	群星.1987-新加坡新丽声歌星大联唱（LP版）【新丽声】【WAV+CUE】
https://blog.sina.com.cn/s/blog_6943970c0102zpos.html	刘育绫.2007-为你吃苦我无怨【鹂歌】【FLAC分轨】
https://blog.sina.com.cn/s/blog_6943970c0102zpor.html	群星.2025-清明上河图密码影视原声带【乐绚影视】【FLAC分轨】
https://blog.sina.com.cn/s/blog_6943970c0102zpoq.html	王杰.1993-路【飞碟】【WAV+CUE】
https://blog.sina.com.cn/s/blog_6943970c0102zpop.html	钟镇涛.2022-环球经典礼赞5【环球】【WAV+CUE】
https://blog.sina.com.cn/s/blog_6943970c0102zpoo.html	冰淇淋少女组.2009-1ST最棒＞丰华】【FLAC分轨】
https://blog.sina.com.cn/s/blog_6943970c0102zpon.html	群星.2001-最经典2辑【环球】【WAV+CUE】
https://blog.sina.com.cn/s/blog_6943970c0102zpom.html	方千玉.2024-K歌第一名【华特】【FLAC分轨】
https://blog.sina.com.cn/s/blog_6943970c0102zpol.html	静婷.2023-我的心里没有他·百代歌后靜婷纪念专集3CD【环球】【FLAC…
https://blog.sina.com.cn/s/blog_6943970c0102zpok.html	张洪量.1997-情定日落桥【滚石】【WAV+CUE】
https://blog.sina.com.cn/s/blog_6943970c0102zpoj.html	吉克隽逸.2014-吉克隽逸【天浩盛世】【FLAC分轨】
https://blog.sina.com.cn/s/blog_6943970c0102zpoi.html	林忆莲.2000-忆莲2000精选2CD【SONY】【WAV+CUE】
https://blog.sina.com.cn/s/blog_6943970c0102zpoh.html	群星.2023-故乡，别来无恙电视剧原声带【麦特文化】【FLAC分轨】
https://blog.sina.com.cn/s/blog_6943970c0102zpog.html	王识贤.1996-酒醉的恰蔷滚石】【FLAC分轨】
https://blog.sina.com.cn/s/blog_6943970c0102zpof.html	钟镇涛.2018-环球经典礼赞4【环球】【WAV+CUE】
https://blog.sina.com.cn/s/blog_6943970c0102zpoe.html	徐仲薇.1986-当你学会保护自己【飞羚唱片】【FLAC分轨】
https://blog.sina.com.cn/s/blog_6943970c0102zpod.html	BEYOND.1992-超越（日本版）【FUNHOUSE】【WAV+CUE】
https://blog.sina.com.cn/s/blog_6943970c0102zpoc.html	群星.2000-大合唱2000【滚石】【WAV+CUE】
https://blog.sina.com.cn/s/blog_6943970c0102zpob.html	林姗.2023-卡水的梦【豪记】【FLAC分轨】
https://blog.sina.com.cn/s/blog_6943970c0102zpoa.html	赖冰霞.2004-金嗓回顾金曲CD1【南方】【WAV+CUE】
https://blog.sina.com.cn/s/blog_6943970c0102zpo9.html	吕方.1998-既然爱了就不怕（国）【飞碟】【WAV+CUE】
https://blog.sina.com.cn/s/blog_6943970c0102zpo8.html	秀兰玛雅.2016-唱乎甲己来听【华特】【FLAC分轨】
https://blog.sina.com.cn/s/blog_6943970c0102zpo7.html	黄耀明.1997-人山人海（翻唱辑）【正东】【WAV+CUE】
https://blog.sina.com.cn/s/blog_6943970c0102zpo6.html	群星.2021-风起霓裳电视剧原声大碟【奔跑怪物】【FLAC分轨】
https://blog.sina.com.cn/s/blog_6943970c0102zpo5.html	钟镇涛.2017-环球经典礼赞3【环球】【WAV+CUE】
https://blog.sina.com.cn/s/blog_6943970c0102zpo3.html	邰正宵.1995-步步高升（EP）【新艺宝】【WAV+CUE】
https://blog.sina.com.cn/s/blog_6943970c0102zpo2.html	屠洪纲.2012-自己人新歌+精选2CD【星文】【WAV+CUE】
https://blog.sina.com.cn/s/blog_6943970c0102zpo1.html	罗云熙.2018-12人生【美妙音乐】【FLAC分轨】
https://blog.sina.com.cn/s/blog_6943970c0102zpo0.html	陈奕迅.2010-DUO.LIVE.2010.3CD（引进版）【新艺宝】【WAV+CUE】
https://blog.sina.com.cn/s/blog_6943970c0102zpnz.html	群星.2021-你是我的城池营垒影视原声带【听见未来】【FLAC分轨】
https://blog.sina.com.cn/s/blog_6943970c0102zpny.html	陈随意.2015-男人【豪记】【WAV+CUE】
https://blog.sina.com.cn/s/blog_6943970c0102zpnx.html	黄大诚.1980-今山古道·渔唱（滚石新格民歌系列28）【新格】【WAV+C…
https://blog.sina.com.cn/s/blog_6943970c0102zpnw.html	蓝心湄.1985-二十岁的浪漫【飞羚唱片】【FLAC分轨】
https://blog.sina.com.cn/s/blog_6943970c0102zpnv.html	谈诗玲.2023-返来啦咱的爱【豪记】【FLAC分轨】
https://blog.sina.com.cn/s/blog_6943970c0102zpnu.html	钟镇涛.2016-环球经典礼赞2【环球】【WAV+CUE】
https://blog.sina.com.cn/s/blog_6943970c0102zpnt.html	邓瑞霞.2001-情在广东VOL.05水中花【南方】【WAV+CUE】
https://blog.sina.com.cn/s/blog_6943970c0102zpns.html	杜德伟.2004-脱掉2CD【滚石】【WAV+CUE】
https://blog.sina.com.cn/s/blog_6943970c0102zpnr.html	戚薇.2015-我的新鲜女友【海蝶】【FLAC分轨】
https://blog.sina.com.cn/s/blog_6943970c0102zpnq.html	黄清元.1980-怀念金曲Vol.1+Vol.2【荣机构】【FLAC分轨】
https://blog.sina.com.cn/s/blog_6943970c0102zpnp.html	张立基.1992-一切都为爱精丫EMI百代】【WAV+CUE】
https://blog.sina.com.cn/s/blog_6943970c0102zpno.html	群星.2019-知否知否应是绿肥红瘦电视剧原声带【正午阳光】【FLAC分…
https://blog.sina.com.cn/s/blog_6943970c0102zpnn.html	黄乙玲.2002-一人一首成名曲2辑【歌莱美】【WAV+CUE】
https://blog.sina.com.cn/s/blog_6943970c0102zpnm.html	林俊杰.2023-重拾快乐2CD【JFJ】【WAV+CUE】
https://blog.sina.com.cn/s/blog_6943970c0102zpnl.html	邹慧蓉.1991-怀念冠军金曲20首5辑【荷里活】【WAV+CUE】
https://blog.sina.com.cn/s/blog_6943970c0102zpnk.html	钟镇涛.2016-环球经典礼赞1【环球】【WAV+CUE】
https://blog.sina.com.cn/s/blog_6943970c0102zpnj.html	洪荣宏.1993-畅销恋歌心韵精粹2CD【风格】【WAV+CUE】
https://blog.sina.com.cn/s/blog_6943970c0102zpni.html	洪嘉豪.2018-Curiosity（EP）【华纳】【FLAC分轨】
https://blog.sina.com.cn/s/blog_6943970c0102zpnh.html	群星.1997-女人写心集【宝丽金】【WAV+CUE】
https://blog.sina.com.cn/s/blog_6943970c0102zpng.html	百合二重唱.1988-1990-金牌老歌5辑【华星唱片】【WAV+CUE】
https://blog.sina.com.cn/s/blog_6943970c0102zpnf.html	潘嘉丽.2014-情人嘉丽【宇宙娱乐】【FLAC分轨】
https://blog.sina.com.cn/s/blog_6943970c0102zpne.html	汪峰.2009-春天里（特别版）【星文】【WAV+CUE】
https://blog.sina.com.cn/s/blog_6943970c0102zpnd.html	杨静.2019-女人的心愿【豪记】【FLAC分轨】
https://blog.sina.com.cn/s/blog_6943970c0102zpnc.html	邓瑞霞.2000-情在广东VOL.04天籁【南方】【WAV+CUE】
https://blog.sina.com.cn/s/blog_6943970c0102zpnb.html	群星.2021-荣耀乒乓电视剧原声带【二十四小时文化】【FLAC分轨】
https://blog.sina.com.cn/s/blog_6943970c0102zpna.html	邝美云.2016-环球经典礼赞3CD【环球】【WAV+CUE】
https://blog.sina.com.cn/s/blog_6943970c0102zpn9.html	群星.2023-甜小姐与冷先生影视原声带【RYCE】【FLAC分轨】
https://blog.sina.com.cn/s/blog_6943970c0102zpn8.html	邓小巧.2019-NoCoincidence（EP）【寰亚】【FLAC分轨】
https://blog.sina.com.cn/s/blog_6943970c0102zpn7.html	群星.1998-情定滚石·现代情歌精选十四首【滚石】【WAV+CUE】
https://blog.sina.com.cn/s/blog_6943970c0102zpn6.html	陈明韶.1979-陈明韶的歌（滚石新格民歌系列16）【新格】【WAV+CUE…
https://blog.sina.com.cn/s/blog_6943970c0102zpn5.html	叶诺帆.2025-来生作伴【豪记】【FLAC分轨】
https://blog.sina.com.cn/s/blog_6943970c0102zpn4.html	陈伟联.2009-走唱【华纳】【FLAC分轨】
https://blog.sina.com.cn/s/blog_6943970c0102zpn3.html	乔幼.2018-招弟【豪记】【FLAC分轨】
https://blog.sina.com.cn/s/blog_6943970c0102zpn2.html	陈明真.1994-句句真心精选集【上华】【WAV+CUE】
https://blog.sina.com.cn/s/blog_6943970c0102zpn1.html	萧闳仁.2013-我的世界没有你的音准【华纳】【FLAC分轨】
https://blog.sina.com.cn/s/blog_6943970c0102zpn0.html	王靖雯.2021-环球经典礼赞3CD【环球】【WAV+CUE】
https://blog.sina.com.cn/s/blog_6943970c0102zpmz.html	群星.2025-爱你影视原声带【韶愔音乐】【FLAC分轨】
https://blog.sina.com.cn/s/blog_6943970c0102zpmy.html	高明骏.2002-精粹集3辑【风格】【WAV+CUE】
https://blog.sina.com.cn/s/blog_6943970c0102zpmx.html	办桌二人组.2005-我的阿娜达【华特】【WAV+CUE】
https://blog.sina.com.cn/s/blog_6943970c0102zpmw.html	谭嘉仪.2022-Eyes.On.Me新曲+精丫星梦娱乐】【FLAC分轨】
https://blog.sina.com.cn/s/blog_6943970c0102zpmv.html	草蜢.2005-我们的草蜢3CD【环球】【WAV+CUE】
https://blog.sina.com.cn/s/blog_6943970c0102zpmu.html	陈雷.2002-精选XRCD【金圆唱片】【WAV+CUE】
https://blog.sina.com.cn/s/blog_6943970c0102zpmt.html	群星.1994-秋月电影原声带【音乐工厂】【WAV+CUE】
https://blog.sina.com.cn/s/blog_6943970c0102zpms.html	群星.2021-上阳赋电视原声带【白鲸音乐】【FLAC分轨】
https://blog.sina.com.cn/s/blog_6943970c0102zpmr.html	黄凯芹.2023-环球经典礼赞3【环球】【WAV+CUE】
https://blog.sina.com.cn/s/blog_6943970c0102zpmq.html	方大同.2007-未来【华纳】【WAV+CUE】
https://blog.sina.com.cn/s/blog_6943970c0102zpmp.html	邓瑞霞.1998-情在广东VOL.03难兄难弟【南方】【WAV+CUE】
https://blog.sina.com.cn/s/blog_6943970c0102zpmo.html	群星.1997-月亮之歌【瑞华】【FLAC分轨】
https://blog.sina.com.cn/s/blog_6943970c0102zpmn.html	王源.2022-客厅狂欢【时代峰峻】【FLAC分轨】
https://blog.sina.com.cn/s/blog_6943970c0102zpmm.html	王建杰.2005-一世情【乾坤唱片】【WAV+CUE】
https://blog.sina.com.cn/s/blog_6943970c0102zpml.html	林竹君.1981-我住长江头（LP版）【EMI百代】【WAV+CUE】
https://blog.sina.com.cn/s/blog_6943970c0102zpmk.html	萧正楠.2002-EDWIN【大国文化】【WAV+CUE】
https://blog.sina.com.cn/s/blog_6943970c0102zpmj.html	李恩邦.1991-对爱很认真【有容唱片】【WAV+CUE】
https://blog.sina.com.cn/s/blog_6943970c0102zpmi.html	小肥.2014-黄昏音乐会【金牌大风】【FLAC分轨】
https://blog.sina.com.cn/s/blog_6943970c0102zpmh.html	谢雷.1989-惊惊沫着顶【名冠】【FLAC分轨】
https://blog.sina.com.cn/s/blog_6943970c0102zpmg.html	黄凯芹.2022-环球经典礼赞2【环球】【WAV+CUE】
https://blog.sina.com.cn/s/blog_6943970c0102zpme.html	方季惟.2019-时·光的祝福（EP）【华纳】【FLAC分轨】
https://blog.sina.com.cn/s/blog_6943970c0102zpmd.html	王建杰.2007-一半【乾坤】【FLAC分轨】
https://blog.sina.com.cn/s/blog_6943970c0102zpmc.html	邓瑞霞.1997-情在广东VOL.02漫漫前路【南方】【WAV+CUE】
https://blog.sina.com.cn/s/blog_6943970c0102zpmb.html	钟汉良.2004-流向巴黎【滚石】【WAV+CUE】
https://blog.sina.com.cn/s/blog_6943970c0102zpma.html	百合二重唱.1989-暖夏·柔情【华星】【FLAC分轨】
https://blog.sina.com.cn/s/blog_6943970c0102zpm9.html	群星.2010-邵氏大电影原装电影歌曲LPCD3CD【EMI百代】【WAV+CUE】
https://blog.sina.com.cn/s/blog_6943970c0102zpm8.html	潘裕文.2017-九年（EP）【海蝶】【FLAC分轨】
https://blog.sina.com.cn/s/blog_6943970c0102zpm7.html	方千玉.2022-欢喜干杯【华特】【FLAC分轨】
https://blog.sina.com.cn/s/blog_6943970c0102zpm6.html	黄凯芹.2022-环球经典礼赞3CD【环球】【WAV+CUE】
https://blog.sina.com.cn/s/blog_6943970c0102zpm5.html	叶振棠.2024-叶振棠80【环星】【FLAC分轨】
https://blog.sina.com.cn/s/blog_6943970c0102zpm4.html	刘蓝溪.1977-夕阳恋曲（滚石新格民歌系列38）【新格】【WAV+CUE】
https://blog.sina.com.cn/s/blog_6943970c0102zpm3.html	石开.2002-你不曾明白【上海声像】【WAV+CUE】
https://blog.sina.com.cn/s/blog_6943970c0102zpm2.html	廖婉君.2024-幸福为我留【豪记】【WAV+CUE】
https://blog.sina.com.cn/s/blog_6943970c0102zpm1.html	陈慧琳.2010-微光（国）【正东】【WAV+CUE】
https://blog.sina.com.cn/s/blog_6943970c0102zpm0.html	苏运莹.2018-幻【梦想当然】【FLAC】
https://blog.sina.com.cn/s/blog_6943970c0102zplz.html	陈永淘.2024-传弦【水路文化】【FLAC分轨】
https://blog.sina.com.cn/s/blog_6943970c0102zply.html	罗文.2000-纪念特辑2辑【千里马】【WAV+CUE】
https://blog.sina.com.cn/s/blog_6943970c0102zplx.html	杨静.2023-凤求凰【豪记】【FLAC分轨】
https://blog.sina.com.cn/s/blog_6943970c0102zplw.html	B.A.D.2001-ALL.IN【EMI百代】【FLAC分轨】
https://blog.sina.com.cn/s/blog_6943970c0102zplv.html	蔡龄龄.2018-环球经典礼赞3CD【环球】【WAV+CUE】
https://blog.sina.com.cn/s/blog_6943970c0102zplu.html	郑兴.2021-到你的城市呼吸【华研国际】【FLAC分轨】
https://blog.sina.com.cn/s/blog_6943970c0102zplt.html	包美圣.1981-樵歌（滚石新格民歌系列23）【新格】【WAV+CUE】
https://blog.sina.com.cn/s/blog_6943970c0102zpls.html	詹雅雯.1992-生死恋【雅鹂】【FLAC分轨】
https://blog.sina.com.cn/s/blog_6943970c0102zplr.html	群星.1998-98金曲奖大贏家【滚石】【WAV+CUE】
https://blog.sina.com.cn/s/blog_6943970c0102zplq.html	陈思安.2005-我无醉【华特】【WAV+CUE】
https://blog.sina.com.cn/s/blog_6943970c0102zplp.html	徐均朔.2025-遇笺【青春繁花】【FLAC分轨】
https://blog.sina.com.cn/s/blog_6943970c0102zplo.html	张浅潜.2006-灵魂出窍【口袋唱片】【WAV+CUE】
https://blog.sina.com.cn/s/blog_6943970c0102zpln.html	翁立友.2023-刀马旦【豪记】【FLAC分轨】
https://blog.sina.com.cn/s/blog_6943970c0102zplm.html	陈美玲.2016-环球经典礼赞3CD【环球】【WAV+CUE】
https://blog.sina.com.cn/s/blog_6943970c0102zpll.html	群星.2023-后现代旋律报告【SONY】【FLAC分轨】
https://blog.sina.com.cn/s/blog_6943970c0102zplk.html	关德辉.1989-单身感觉【大联机构】【FLAC分轨】
https://blog.sina.com.cn/s/blog_6943970c0102zplj.html	林俊逸.2012-1949月光【果核音乐】【FLAC分轨】
https://blog.sina.com.cn/s/blog_6943970c0102zpli.html	群星.2024-小子电影原声带【华研国际】【FLAC分轨】
https://blog.sina.com.cn/s/blog_6943970c0102zplh.html	邓瑞霞.1996-情在广东VOL.01红唇绿酒【南方】【WAV+CUE】
https://blog.sina.com.cn/s/blog_6943970c0102zplg.html	孙淑媚.2014-你敢不敢【乾坤唱片】【WAV+CUE】
https://blog.sina.com.cn/s/blog_6943970c0102zplf.html	蔚华.1999-酸雨【京文】【FLAC分轨】
https://blog.sina.com.cn/s/blog_6943970c0102zple.html	群星.2005-经典琴歌6辑【鹂歌】【FLAC分轨】
https://blog.sina.com.cn/s/blog_6943970c0102zpld.html	杨芳仪徐晓菁.1981-重唱专辑（滚石新格民歌系列31）【新格】【WAV+…
https://blog.sina.com.cn/s/blog_6943970c0102zplc.html	张秀卿.2024-赢一口气【豪记】【FLAC分轨】
https://blog.sina.com.cn/s/blog_6943970c0102zplb.html	易烊千玺.2025-过塘(Live)【羊踯躅文化】【FLAC分轨】
https://blog.sina.com.cn/s/blog_6943970c0102zpla.html	炎亚纶.2014-CUT【华研国际】【FLAC分轨】
https://blog.sina.com.cn/s/blog_6943970c0102zpl9.html	徐小凤.1982-1985-全新歌集3辑【康艺成音】【WAV+CUE】
https://blog.sina.com.cn/s/blog_6943970c0102zpl8.html	王博文.2016-W.BOWEN（EP）【电童音乐】【FLAC分轨】
https://blog.sina.com.cn/s/blog_6943970c0102zpl7.html	梅艳芳.1985-坏女孩（2005DSD复刻版）【华星】【WAV+CUE】
https://blog.sina.com.cn/s/blog_6943970c0102zpl6.html	谈诗玲.2022-赢过人生【豪记】【FLAC分轨】
https://blog.sina.com.cn/s/blog_6943970c0102zpl5.html	苏芮.2018-感动我MY.FAVORITE.YOUR.MEMORY.NEW.XRCD.2CD【华纳】【…
https://blog.sina.com.cn/s/blog_6943970c0102zpl4.html	群星.2022-请叫我总监影视剧原声带【呆猫互娱】【FLAC分轨】
https://blog.sina.com.cn/s/blog_6943970c0102zpl3.html	杨芳仪.1982-老师，斯卡也答（滚石新格民歌系列30）【新格】【WAV+…
https://blog.sina.com.cn/s/blog_6943970c0102zpl2.html	王建杰.2004-为情【乾坤】【FLAC分轨】
https://blog.sina.com.cn/s/blog_6943970c0102zpl1.html	李幸倪.2025-Leap.Of.Faith【英皇娱乐】【FLAC分轨】
https://blog.sina.com.cn/s/blog_6943970c0102zpl0.html	群星.2001-飞扬的青春·闪亮80【华纳】【WAV+CUE】
https://blog.sina.com.cn/s/blog_6943970c0102zpkz.html	王中平.2013-情义【美乐帝】【WAV+CUE】
https://blog.sina.com.cn/s/blog_6943970c0102zpky.html	路飞文.2025-孤独公路【海神音乐】【FLAC分轨】
https://blog.sina.com.cn/s/blog_6943970c0102zpkx.html	林佑威.2003-那条街【滚石】【FLAC分轨】
https://blog.sina.com.cn/s/blog_6943970c0102zpkw.html	陈明韶.1980-浮云游子（滚石新格民歌系列17）【新格】【WAV+CUE】
https://blog.sina.com.cn/s/blog_6943970c0102zpkv.html	蔡义德.2019-勇敢向前行【华特】【FLAC分轨】
https://blog.sina.com.cn/s/blog_6943970c0102zpku.html	巫启贤.1996-风中有你【EMI百代】【WAV+CUE】
https://blog.sina.com.cn/s/blog_6943970c0102zpkt.html	杨钰莹.2012-遇江南【星时代】【WAV+CUE】
https://blog.sina.com.cn/s/blog_6943970c0102zpks.html	秀兰玛雅.2015-天顶星【华特】【FLAC分轨】
https://blog.sina.com.cn/s/blog_6943970c0102zpkr.html	群星.2025-余烬之上影视原声带【TME影音】【FLAC分轨】
https://blog.sina.com.cn/s/blog_6943970c0102zpkq.html	群星.1988-最啱听【EMI百代】【WAV+CUE】
https://blog.sina.com.cn/s/blog_6943970c0102zpkp.html	黄舒骏.1999-未来的街头（南方24K典藏金碟）【南方】【WAV+CUE】
https://blog.sina.com.cn/s/blog_6943970c0102zpko.html	苏慧伦.1996-鸭子【滚石】【WAV+CUE】
https://blog.sina.com.cn/s/blog_6943970c0102zpkn.html	林姗.2019-爱甲这坚持【豪记】【FLAC分轨】
https://blog.sina.com.cn/s/blog_6943970c0102zpkm.html	江一燕.2007-星光电影院【艾回】【FLAC分轨】
https://blog.sina.com.cn/s/blog_6943970c0102zpkl.html	徐佳莹.2016-日全蚀演唱会现场实录2CD【亚神】【WAV+CUE】
https://blog.sina.com.cn/s/blog_6943970c0102zpkk.html	包美圣.1978-你在日落深处等我（滚石新格民歌系列20）【新格】【WA…
https://blog.sina.com.cn/s/blog_6943970c0102zpkj.html	张立基.1990-WHEN.THE.WINE.IS.OVER【EMI百代】【WAV+CUE】
https://blog.sina.com.cn/s/blog_6943970c0102zpki.html	庄振凯.2021-思念心情【豪记】【FLAC分轨】
https://blog.sina.com.cn/s/blog_6943970c0102zpkh.html	潘宇谦.2025-想和你（EP）【地球娱乐】【FLAC分轨】
https://blog.sina.com.cn/s/blog_6943970c0102zpkg.html	龙千玉.2022-梦中的思念【豪记】【WAV+CUE】
https://blog.sina.com.cn/s/blog_6943970c0102zpkf.html	自由发挥.2011-电影原声带【环球】【FLAC分轨】
https://blog.sina.com.cn/s/blog_6943970c0102zpke.html	翟潇闻.2024-六月局部下孤独（EP）【哇唧唧哇】【FLAC分轨】
https://blog.sina.com.cn/s/blog_6943970c0102zpkd.html	罗中旭.1999-为爱存在【星工晨【FLAC分轨】
https://blog.sina.com.cn/s/blog_6943970c0102zpkc.html	谢金晶.2018-月娘的情话【豪记】【WAV+CUE】
https://blog.sina.com.cn/s/blog_6943970c0102zpkb.html	群星.2025-难哄影视原声带【哇唧唧哇】【FLAC分轨】
https://blog.sina.com.cn/s/blog_6943970c0102zpka.html	群星.2002-正东超合选CD1【正东】【WAV+CUE】
https://blog.sina.com.cn/s/blog_6943970c0102zpk9.html	萧亚轩.2006-1087（引进版）【华纳】【WAV+CUE】
https://blog.sina.com.cn/s/blog_6943970c0102zpk8.html	卓义峰.2020-听者【丰华】【FLAC分轨】
https://blog.sina.com.cn/s/blog_6943970c0102zpk7.html	群星.2004-恋爱中的宝贝电影原声带【荣信达】【WAV+CUE】
https://blog.sina.com.cn/s/blog_6943970c0102zpk6.html	陈百强.1992-91紫色个体演唱会2CD【华纳】【WAV+CUE】
https://blog.sina.com.cn/s/blog_6943970c0102zpk5.html	谈诗玲.2021-夜芙蓉【豪记】【FLAC分轨】
https://blog.sina.com.cn/s/blog_6943970c0102zpk4.html	泳儿.2022-花开沟渠叶落冰川DARK.LIGHT.OF.THE.SOUL【英皇娱乐】【…
https://blog.sina.com.cn/s/blog_6943970c0102zpk3.html	群星.2021-世界微尘里电视原声带【韶愔】【FLAC分轨】
https://blog.sina.com.cn/s/blog_6943970c0102zpk2.html	黄宝欣.2025-Start.Afresh【新世纪】【FLAC分轨】
https://blog.sina.com.cn/s/blog_6943970c0102zpk1.html	李明洋.2024-人生如纸【大禾】【FLAC分轨】
https://blog.sina.com.cn/s/blog_6943970c0102zpk0.html	林叶亭.1993-SUBWAY【滚石】【WAV+CUE】
https://blog.sina.com.cn/s/blog_6943970c0102zpjz.html	曹朗.2025-我和我【正在登陆】【FLAC分轨】
https://blog.sina.com.cn/s/blog_6943970c0102zpjy.html	蔡琴.1989-谈心【飞碟】【WAV+CUE】
https://blog.sina.com.cn/s/blog_6943970c0102zpjx.html	THE.PARTY.1993-七个HAPPY.PARTY【滚石】【FLAC分轨】
https://blog.sina.com.cn/s/blog_6943970c0102zpjw.html	群星.2009-岁月如歌北京电视艺术中心优秀电视剧歌曲【WAV+CUE】
https://blog.sina.com.cn/s/blog_6943970c0102zpjv.html	万沙浪.1979-万沙浪之歌【海山】【FLAC分轨】
https://blog.sina.com.cn/s/blog_6943970c0102zpju.html	陈明章.1999-勿爱问阮的名【魔岩】【WAV+CUE】
https://blog.sina.com.cn/s/blog_6943970c0102zpjt.html	施文彬.2006-真情味【大旗】【WAV+CUE】
https://blog.sina.com.cn/s/blog_6943970c0102zpjs.html	群星.2025-掌心电视剧影视原声带【嘉尤音乐】【FLAC分轨】
https://blog.sina.com.cn/s/blog_6943970c0102zpjr.html	苏慧伦.2025-轻重【相信音乐】【FLAC分轨】
https://blog.sina.com.cn/s/blog_6943970c0102zpjq.html	关正杰.1983-镭射金曲30周年(2013环球24K金碟版)【环球】【WAV+CUE…
https://blog.sina.com.cn/s/blog_6943970c0102zpjp.html	韩晓.2002-懂了【上海声像】【FLAC分轨】
https://blog.sina.com.cn/s/blog_6943970c0102zpjo.html	林榆涵.1999-TEEN’SRING【魔岩】【WAV+CUE】
https://blog.sina.com.cn/s/blog_6943970c0102zpjn.html	钱贝妮.1985-钱贝妮专辑【花城】【FLAC分轨】
https://blog.sina.com.cn/s/blog_6943970c0102zpjm.html	TOKYO.D.1995-我要你的爱【飞碟】【FLAC分轨】
https://blog.sina.com.cn/s/blog_6943970c0102zpjl.html	吕凌.1996-邻家女孩【将林音乐】【WAV+CUE】
https://blog.sina.com.cn/s/blog_6943970c0102zpjk.html	伍家辉.2011-你，爱我吗？【齐天音乐】【FLAC分轨】
https://blog.sina.com.cn/s/blog_6943970c0102zpjj.html	方顺吉.2020-醉寒夜【禾广娱乐】【FLAC分轨】
https://blog.sina.com.cn/s/blog_6943970c0102zpji.html	姚苏蓉.1988-经典2辑【SONY】【WAV+CUE】
https://blog.sina.com.cn/s/blog_6943970c0102zpjh.html	群星.2025-怎敌她千娇百媚影视原声带【诗和远方】【FLAC分轨】
https://blog.sina.com.cn/s/blog_6943970c0102zpjg.html	群星.2001－全球贺岁发发发【滚石】【WAV+CUE】
https://blog.sina.com.cn/s/blog_6943970c0102zpje.html	苏醒.2011-进行式【SONY】【FLAC分轨】
https://blog.sina.com.cn/s/blog_6943970c0102zpjd.html	陈洁仪.2003-UNDERSTAND新曲+精丫新艺宝】【WAV+CUE】
https://blog.sina.com.cn/s/blog_6943970c0102zpjb.html	赵学而.1997-寻人【飞图】【WAV+CUE】
https://blog.sina.com.cn/s/blog_6943970c0102zpja.html	孙淑媚.2009-女人的心事【华特】【WAV+CUE】
https://blog.sina.com.cn/s/blog_6943970c0102zpj9.html	FS.2014-温度【爱贝克思】【FLAC分轨】
https://blog.sina.com.cn/s/blog_6943970c0102zpj8.html	苏振华.2013-雪花飞【美华】【FLAC分轨】
https://blog.sina.com.cn/s/blog_6943970c0102zpj7.html	梅艳芳.1994-小心【滚石】【WAV+CUE】
https://blog.sina.com.cn/s/blog_6943970c0102zpj6.html	群星.2025-仙台有树电视剧音乐原声带【TME影音】【FLAC分轨】
https://blog.sina.com.cn/s/blog_6943970c0102zpj5.html	风之GROUP.1989-迷城少女心（2010年环球复黑版）【宝丽金】【WAV+C…
https://blog.sina.com.cn/s/blog_6943970c0102zpj4.html	杨哲.2024-人生梦【豪记】【FLAC分轨】
https://blog.sina.com.cn/s/blog_6943970c0102zpj3.html	陈耀川.1994-我始终爱你【福茂】【WAV+CUE】
https://blog.sina.com.cn/s/blog_6943970c0102zpj2.html	陈淑萍.2022-爱情回来过【豪记】【FLAC分轨】
https://blog.sina.com.cn/s/blog_6943970c0102zpj1.html	阿妹妹.1998-爱最大【丰华】【WAV+CUE】
https://blog.sina.com.cn/s/blog_6943970c0102zpj0.html	林育群.2014-100分朋友【SONY】【FLAC分轨】
https://blog.sina.com.cn/s/blog_6943970c0102zpiz.html	王一浩.2018-一号情人（EP）【华宇世博】【FLAC分轨】
https://blog.sina.com.cn/s/blog_6943970c0102zpiy.html	金志文.2022-梦想·家【恒大音乐】【WAV+CUE】
https://blog.sina.com.cn/s/blog_6943970c0102zpix.html	群星.2021-司藤电视剧原声带【智慧大狗】【FLAC分轨】
https://blog.sina.com.cn/s/blog_6943970c0102zpiw.html	时代少年团.2025-叁重楼【时代峰峻】【FLAC分轨】
https://blog.sina.com.cn/s/blog_6943970c0102zpiv.html	赖慧如.2023-若是拄着落雨天【福茂】【FLAC分轨】
https://blog.sina.com.cn/s/blog_6943970c0102zpiu.html	陈雅伦.1994-贪多个夜晚（纸盒版）【SONY】【WAV+CUE】
https://blog.sina.com.cn/s/blog_6943970c0102zpit.html	张惠春.2005-想念你的歌【新力博德曼】【FLAC分轨】
https://blog.sina.com.cn/s/blog_6943970c0102zpis.html	群星.2002-滚石四季情歌集VOL.1+VOL.2【滚石】【WAV+CUE】
https://blog.sina.com.cn/s/blog_6943970c0102zpir.html	蓝心湄.1985-劲舞女孩【飞羚唱片】【FLAC分轨】
https://blog.sina.com.cn/s/blog_6943970c0102zpiq.html	路嘉欣.2002-你不懂【全员集合】【FLAC分轨】
https://blog.sina.com.cn/s/blog_6943970c0102zpip.html	翁立友.2007-迷魂香【豪记】【WAV+CUE】
https://blog.sina.com.cn/s/blog_6943970c0102zpio.html	甲子慧.2011-爱阮·2011爱的告白【乾坤唱片】【WAV+CUE】
https://blog.sina.com.cn/s/blog_6943970c0102zpin.html	群星.2018-哦！我的皇帝陛下网络剧原声带【哇唧唧哇】【FLAC分轨】
https://blog.sina.com.cn/s/blog_6943970c0102zpim.html	胡海泉.2025-再见爱人（EP）【百纳娱乐】【FLAC分轨】
https://blog.sina.com.cn/s/blog_6943970c0102zpil.html	陈随意.2018-爱你若性命【豪记】【FLAC分轨】
https://blog.sina.com.cn/s/blog_6943970c0102zpik.html	王祖贤.1998-与世隔绝（引进版）【上华】【WAV+CUE】
https://blog.sina.com.cn/s/blog_6943970c0102zpij.html	李威.2003-迷彩【滚石】【FLAC分轨】
https://blog.sina.com.cn/s/blog_6943970c0102zpii.html	叶倩文.1994-离开情人的日子【飞碟】【WAV+CUE】
https://blog.sina.com.cn/s/blog_6943970c0102zpih.html	曾玮中.2019-毋通【时代创意】【FLAC分轨】
https://blog.sina.com.cn/s/blog_6943970c0102zpig.html	魏绮清.1988-寻梦园（2014环球复黑王·百代篇）【EMI百代】【WAV+CU…
https://blog.sina.com.cn/s/blog_6943970c0102zpif.html	何雁诗.2021-QueSer,Ser【华纳】【FLAC分轨】
https://blog.sina.com.cn/s/blog_6943970c0102zpie.html	刘汉强.1995-情歌不该唱得这么悲伤【飞碟】【WAV+CUE】
https://blog.sina.com.cn/s/blog_6943970c0102zpic.html	群星.2024-飞驰人生热爱篇网络剧原声带【白米范】【FLAC分轨】
https://blog.sina.com.cn/s/blog_6943970c0102zpib.html	新裤子.1998-新裤子【摩登天空】【WAV+CUE】
https://blog.sina.com.cn/s/blog_6943970c0102zpia.html	张婧.2011-找【海蝶】【FLAC分轨】
https://blog.sina.com.cn/s/blog_6943970c0102zpi9.html	徐良.2013-情话【美妙音乐】【WAV+CUE】
https://blog.sina.com.cn/s/blog_6943970c0102zpi8.html	高枫.1995-天那边的爱【星工厂】【FLAC分轨】
https://blog.sina.com.cn/s/blog_6943970c0102zpi7.html	王菲.1994-胡思乱想（1999日本加歌版）【宝丽金】【WAV+CUE】
https://blog.sina.com.cn/s/blog_6943970c0102zpi6.html	范晓萱.1997-刷牙歌（引进版）【福茂】【WAV+CUE】
https://blog.sina.com.cn/s/blog_6943970c0102zpi5.html	付辛博.2013-MR.X【亚神】【FLAC分轨】
https://blog.sina.com.cn/s/blog_6943970c0102zpi4.html	林姗.1995-伤过心的人【海翔】【WAV+CUE】
https://blog.sina.com.cn/s/blog_6943970c0102zpi3.html	群星.2022-卿卿日常电视剧原声带【鲸鱼之声】【FLAC分轨】
https://blog.sina.com.cn/s/blog_6943970c0102zpi2.html	陈思安.2024-今后怎么活【豪记】【FLAC分轨】
https://blog.sina.com.cn/s/blog_6943970c0102zpi1.html	群星.1987-梦之歌【瑞华】【FLAC分轨】
https://blog.sina.com.cn/s/blog_6943970c0102zpi0.html	威尔.2024-出乎了自己意料【种梦音乐】【FLAC分轨】
https://blog.sina.com.cn/s/blog_6943970c0102zphz.html	黄妃.2001-旧情歌4CD【龙吟唱片】【WAV+CUE】
https://blog.sina.com.cn/s/blog_6943970c0102zphy.html	徐仲薇.1984-与我孤独【飞羚唱片】【FLAC分轨】
https://blog.sina.com.cn/s/blog_6943970c0102zphx.html	蔡国庆.2003-感谢【鸿艺】【WAV+CUE】
https://blog.sina.com.cn/s/blog_6943970c0102zphw.html	梅艳芳.2009-梅艳芳SUPER。MASTER.SERRIES.LPCD45.2辑【华星】【WA…
https://blog.sina.com.cn/s/blog_6943970c0102zphv.html	蓝心湄.1987-鼓舞【飞羚唱片】【FLAC分轨】
https://blog.sina.com.cn/s/blog_6943970c0102zphu.html	陈志朋.1996-情茧【开丽创意】【WAV+CUE】
https://blog.sina.com.cn/s/blog_6943970c0102zpht.html	群星.2024-梦想城影视原声带【光影岁月】【FLAC分轨】.
https://blog.sina.com.cn/s/blog_6943970c0102zphs.html	许志豪林良欢.2009-心爱请保重【豪记】【WAV+CUE】
https://blog.sina.com.cn/s/blog_6943970c0102zphr.html	群星.1994-宝丽金超级精丫宝丽金】【WAV+CUE】
https://blog.sina.com.cn/s/blog_6943970c0102zphq.html	蓝奕邦.2023-漂漂亮亮地死去活来【SONY】【FLAC分轨】
https://blog.sina.com.cn/s/blog_6943970c0102zphp.html	叶德娴.1986-千个太阳（2007年新艺宝复黑王）【新艺宝】【WAV+CUE…
https://blog.sina.com.cn/s/blog_6943970c0102zpho.html	陈译贤.1998-触电【瑞星】【FLAC分轨】
https://blog.sina.com.cn/s/blog_6943970c0102zphn.html	张秀卿.1994-历年精丫宝丽金】【WAV+CUE】
https://blog.sina.com.cn/s/blog_6943970c0102zphm.html	罗文甄妮.1998-DENON.MASTERSONIC射雕英雄传（2023环球复刻版）【E…
https://blog.sina.com.cn/s/blog_6943970c0102zphl.html	赖铭伟.2016-心内话【滚石】【FLAC分轨】
https://blog.sina.com.cn/s/blog_6943970c0102zphk.html	杨哲.2023-时也运也命也【豪记】【FLAC分轨】
https://blog.sina.com.cn/s/blog_6943970c0102zphj.html	庞龙.2010-十年唱片·慢板经典【龙翔天乐】【WAV+CUE】
https://blog.sina.com.cn/s/blog_6943970c0102zphi.html	群星.2023-曾少年电视剧原声带【D-JING】【FLAC分轨】
https://blog.sina.com.cn/s/blog_6943970c0102zphh.html	铁风筝.2002-这是我们的秘密【摩登天空】【WAV+CUE】
https://blog.sina.com.cn/s/blog_6943970c0102zphg.html	廖婉君.2022-缘份比纸本豪记】【FLAC分轨】
https://blog.sina.com.cn/s/blog_6943970c0102zphf.html	筠子.2000-春分立秋冬至（纪念版）【中唱】【WAV+CUE】
https://blog.sina.com.cn/s/blog_6943970c0102zphe.html	李红.2024-红外线（EP）【华纳】【FLAC分轨】
https://blog.sina.com.cn/s/blog_6943970c0102zphd.html	群星.1997-滚石院线VOL.1+VOL.2【滚石】【WAV+CUE】
https://blog.sina.com.cn/s/blog_6943970c0102zphc.html	林俊逸.2013-礼物【果核音乐】【FLAC分轨】
https://blog.sina.com.cn/s/blog_6943970c0102zphb.html	臧逸文.1993-一切从头【波丽佳音】【WAV+CUE】
https://blog.sina.com.cn/s/blog_6943970c0102zpha.html	群星.2020-三生三世枕上书【希瓜音乐】【FLAC分轨】
https://blog.sina.com.cn/s/blog_6943970c0102zph9.html	王杰.1989-孤星【飞碟】【WAV+CUE】
https://blog.sina.com.cn/s/blog_6943970c0102zph8.html	陈随意.2022-男人的性命【豪记】【FLAC分轨】
https://blog.sina.com.cn/s/blog_6943970c0102zph7.html	孙淑媚.2005-为你梦为你等【华特】【FLAC分轨】
https://blog.sina.com.cn/s/blog_6943970c0102zph6.html	黎明.1994-我的真心献给你【宝丽金】【WAV+CUE】
https://blog.sina.com.cn/s/blog_6943970c0102zph5.html	黃美珍.2014-大巴六九Tamalakao【爱贝克思】【FLAC分轨】
https://blog.sina.com.cn/s/blog_6943970c0102zph4.html	郑中基.1998-时间人物地点新曲+精丫宝丽金】【WAV+CUE】
https://blog.sina.com.cn/s/blog_6943970c0102zph3.html	刘依纯.2015-看见曙光【禾广娱乐】【FLAC分轨】
https://blog.sina.com.cn/s/blog_6943970c0102zph2.html	群星.2025-漫影寻踪影视原声带【韶愔音乐】【FLAC分轨】
https://blog.sina.com.cn/s/blog_6943970c0102zph1.html	BEYOND.1993-乐与怒（2018UPM24K金碟限量版）【华纳】【WAV+CUE】
https://blog.sina.com.cn/s/blog_6943970c0102zph0.html	周博华.2005-博学多才新歌+精丫音乐谷】【WAV+CUE】
https://blog.sina.com.cn/s/blog_6943970c0102zpgz.html	孔令奇.2021-不可抗力（EP）【海蝶】【FLAC分轨】
https://blog.sina.com.cn/s/blog_6943970c0102zpgy.html	张颜齐.2024-EMO7【SEVENATION】【FLAC分轨】
https://blog.sina.com.cn/s/blog_6943970c0102zpgx.html	董育君.2021-午夜相思泪【豪记】【FLAC分轨】
https://blog.sina.com.cn/s/blog_6943970c0102zpgw.html	群星.1997-另些情牵女人心【滚石】【WAV+CUE】
https://blog.sina.com.cn/s/blog_6943970c0102zpgv.html	李斯丹妮.2023-Meta（EP）【天娱传媒】【FLAC分轨】
https://blog.sina.com.cn/s/blog_6943970c0102zpgu.html	关智斌.2008-代表作新曲+精丫英皇娱乐】【WAV+CUE】
https://blog.sina.com.cn/s/blog_6943970c0102zpgt.html	爱戴.2009-爱氏张嘉珮【星光国际】【FLAC分轨】
https://blog.sina.com.cn/s/blog_6943970c0102zpgs.html	李克勤.1999-音乐奇遇精选2CD【环球】【WAV+CUE】
https://blog.sina.com.cn/s/blog_6943970c0102zpgr.html	宋健彰.2023-时光女伶【杰威尔】【FLAC分轨】
https://blog.sina.com.cn/s/blog_6943970c0102zpgq.html	江志丰.2021-心乱如麻【乾坤唱片】【FLAC分轨】
https://blog.sina.com.cn/s/blog_6943970c0102zpgp.html	高胜美.1998-杵歌2CD【上华】【WAV+CUE】
https://blog.sina.com.cn/s/blog_6943970c0102zpgo.html	群星.2025-六姊妹电视剧原声带【FLAC分轨】
https://blog.sina.com.cn/s/blog_6943970c0102zpgm.html	群星.2021-我的漂亮朋友影视原声带【智慧大狗】【FLAC分轨】
https://blog.sina.com.cn/s/blog_6943970c0102zpgl.html	林忆莲.1987-独行少女Remix（2019年1拖1套装版）【SONY】【WAV+CUE…
https://blog.sina.com.cn/s/blog_6943970c0102zpgk.html	林忆莲.1987-忆莲（2019年1拖1套装版）【SONY】【WAV+CUE】
https://blog.sina.com.cn/s/blog_6943970c0102zpgj.html	上官萍.2007-NightQueen【金革唱片】【FLAC分轨】
https://blog.sina.com.cn/s/blog_6943970c0102zpgi.html	关正杰.2017-MICHAEL.SUPER.VOICE.SUPER.HITS.UPM.24K金碟【环球】…
https://blog.sina.com.cn/s/blog_6943970c0102zpgh.html	萧玉芬.2025-鸳鸯露水梦【豪记】【FLAC分轨】
https://blog.sina.com.cn/s/blog_6943970c0102zpgg.html	李逸朗蒋雅文.2006-冬之恋人【英皇娱乐】【FLAC分轨】
https://blog.sina.com.cn/s/blog_6943970c0102zpgf.html	TOKYO.D.1994-Forever【飞碟】【FLAC分轨】
https://blog.sina.com.cn/s/blog_6943970c0102zpge.html	翁立友.2015-限时批【豪记】【WAV+CUE】
https://blog.sina.com.cn/s/blog_6943970c0102zpgd.html	杨伦达.2024-隐私【StreetVoice】【FLAC分轨】
https://blog.sina.com.cn/s/blog_6943970c0102zpgc.html	群星.1985-CBS新力超级群星镭射精选VOL.1+VOL.2【SONY】【WAV+CUE…
https://blog.sina.com.cn/s/blog_6943970c0102zpgb.html	吴奇隆.1996-有声有影【正东】【WAV+CUE】
https://blog.sina.com.cn/s/blog_6943970c0102zpga.html	朱俐静.2023-想念Miu精丫福茂】【FLAC分轨】
https://blog.sina.com.cn/s/blog_6943970c0102zpg9.html	汤宝如.1994-青春无悔【宝丽金】【WAV+CUE】
https://blog.sina.com.cn/s/blog_6943970c0102zpg8.html	王羚柔.2004-当我们同在一起【擎天娱乐】【FLAC分轨】
https://blog.sina.com.cn/s/blog_6943970c0102zpg7.html	群星.1988-开天辟地（中国新音乐系列之一）【永声】【WAV+CUE】
https://blog.sina.com.cn/s/blog_6943970c0102zpg6.html	群星.2006-好男儿站出来【金牌大风】【FLAC分轨】
https://blog.sina.com.cn/s/blog_6943970c0102zpg5.html	ASOS.2002-姐妹情深【擎天娱乐】【FLAC分轨】
https://blog.sina.com.cn/s/blog_6943970c0102zpg4.html	洪百慧.2009-忘情茶【美华影音】【WAV+CUE】
https://blog.sina.com.cn/s/blog_6943970c0102zpg3.html	翁立友.2024-天对我惜【豪记】【FLAC分轨】
https://blog.sina.com.cn/s/blog_6943970c0102zpg2.html	群星.2015-必娶女人电视剧原声带【华研国际】【FLAC分轨】
https://blog.sina.com.cn/s/blog_6943970c0102zpg1.html	王瑞霞.2003-变心【天蝎音乐】【WAV+CUE】
https://blog.sina.com.cn/s/blog_6943970c0102zpg0.html	艾敬.1997-艳粉街的故事（2023新世纪MQA限量版）【ZOOM】【WAV+CUE…
https://blog.sina.com.cn/s/blog_6943970c0102zpfz.html	厉娜.2019-时间棱镜（EP）【海蝶】【FLAC分轨】
https://blog.sina.com.cn/s/blog_6943970c0102zpfy.html	周冰倩.1995-沧桑情歌（日版）【VICTOR】【WAV+CUE】
https://blog.sina.com.cn/s/blog_6943970c0102zpfx.html	B.A.D.2002-皇后之歌【EMI百代】【FLAC分轨】
https://blog.sina.com.cn/s/blog_6943970c0102zpfw.html	唐朝.1999-唐朝老五·再渡归来【音乐家】【WAV+CUE】
https://blog.sina.com.cn/s/blog_6943970c0102zpfv.html	陈伟霆.2008-WillPower【英皇娱乐】【FLAC分轨】
https://blog.sina.com.cn/s/blog_6943970c0102zpfu.html	群星.2024-金庸武侠世界影视原声带【TME影音】【FLAC分轨】
https://blog.sina.com.cn/s/blog_6943970c0102zpft.html	林淑容.1991-林淑容与12个男人的故事【名冠】【WAV+CUE】
https://blog.sina.com.cn/s/blog_6943970c0102zpfs.html	黄品源.1994-生活精丫友善的狗】【WAV+CUE】
https://blog.sina.com.cn/s/blog_6943970c0102zpfr.html	黄元申.1991-大号是中华【风格】【FLAC分轨】
https://blog.sina.com.cn/s/blog_6943970c0102zpfq.html	张咪.2003-给我一个吻【华盛】【WAV+CUE】
https://blog.sina.com.cn/s/blog_6943970c0102zpfp.html	张力尹.2023-时光海岸【OCTAVE】【FLAC分轨】
https://blog.sina.com.cn/s/blog_6943970c0102zpfo.html	谭咏麟.1984-爱的根源（1999宝丽金20世纪光辉印记）【环球】【WAV+…
https://blog.sina.com.cn/s/blog_6943970c0102zpfn.html	蔡义德.2022-日头花【华特】【FLAC分轨】
https://blog.sina.com.cn/s/blog_6943970c0102zpfm.html	傅薇.1993-装傻【歌林】【WAV+CUE】
https://blog.sina.com.cn/s/blog_6943970c0102zpfl.html	黄雨勳.2025-魔法列车二部曲【华纳】【FLAC分轨】
https://blog.sina.com.cn/s/blog_6943970c0102zpfk.html	蔡秋凤.2022-怜朱安【华纳】【FLAC分轨】
https://blog.sina.com.cn/s/blog_6943970c0102zpfj.html	巫启贤.1994-心酸的情歌（2016蜚声百代限量版）【环球】【WAV+CUE…
https://blog.sina.com.cn/s/blog_6943970c0102zpfi.html	ASOS.1997-贝壳【波丽佳音】【FLAC分轨】
https://blog.sina.com.cn/s/blog_6943970c0102zpfh.html	符琼音.2009-粉红点唱机【擎天娱乐】【FLAC分轨】
https://blog.sina.com.cn/s/blog_6943970c0102zpfg.html	张镐哲.1992-敬你爱人这一杯【波丽佳音】【WAV+CUE】
https://blog.sina.com.cn/s/blog_6943970c0102zpff.html	孙子涵.2012-微青春的附体【简单快乐文化】【FLAC分轨】
https://blog.sina.com.cn/s/blog_6943970c0102zpfe.html	施伟芝.1990-缠绵天地【ArseniaCarpio】【WAV+CUE】
https://blog.sina.com.cn/s/blog_6943970c0102zpfd.html	方千玉.2025-爱你水喷喷【飞碟文化】【FLAC分轨】
https://blog.sina.com.cn/s/blog_6943970c0102zpfc.html	姜育恒.1994-痛快的歌【飞碟】【WAV+CUE】
https://blog.sina.com.cn/s/blog_6943970c0102zpfb.html	林采欣.2018-守夜人【种子音乐】【FLAC分轨】
https://blog.sina.com.cn/s/blog_6943970c0102zpfa.html	卢冠廷.1994-卢冠廷创作经典集2CD【EMI百代】【WAV+CUE】
https://blog.sina.com.cn/s/blog_6943970c0102zpf9.html	南台湾小姑娘.2000-魔术【大旗】【WAV+CUE】
https://blog.sina.com.cn/s/blog_6943970c0102zpf8.html	朱兴东.2018-我有一个朋友【福茂】【FLAC分轨】
https://blog.sina.com.cn/s/blog_6943970c0102zpf7.html	群星.2003-水晶之恋电视剧原声带【吉事达】【WAV+CUE】
https://blog.sina.com.cn/s/blog_6943970c0102zpf6.html	BEYOND.1994-二楼后座【滚石】【WAV+CUE】
https://blog.sina.com.cn/s/blog_6943970c0102zpf5.html	袁小迪.1994-糊涂浪子心【FLAC分轨】
https://blog.sina.com.cn/s/blog_6943970c0102zpf4.html	蔡国权.2017-Super.Voice.Super.Hits.UPM.24K金碟【环球】【WAV+CU…
https://blog.sina.com.cn/s/blog_6943970c0102zpf3.html	梁咏琪.2021-Capitulo【环球】【FLAC分轨】
https://blog.sina.com.cn/s/blog_6943970c0102zpf2.html	叶瑷菱.1993-亲爱关系【真善美】【WAV+CUE】
https://blog.sina.com.cn/s/blog_6943970c0102zpf1.html	陈浩民.1995-完全自我手册【星光】【FLAC分轨】
https://blog.sina.com.cn/s/blog_6943970c0102zpf0.html	群星.2021-暴风眼影视原声专辑【GStar】【FLAC分轨】
https://blog.sina.com.cn/s/blog_6943970c0102zpez.html	陈俪玲.1992-如风的心【飞碟】【WAV+CUE】
https://blog.sina.com.cn/s/blog_6943970c0102zpey.html	孙淑媚.2002-爱你爱到这【大旗】【FLAC分轨】
https://blog.sina.com.cn/s/blog_6943970c0102zpex.html	徐小凤.1991-文明泪（2022蜚声环球限量版）【环球】【WAV+CUE】
https://blog.sina.com.cn/s/blog_6943970c0102zpew.html	邓子霆.2013-坏习惯【福茂】【FLAC分轨】
https://blog.sina.com.cn/s/blog_6943970c0102zpev.html	施文彬.2000-精丫EMI百代】【WAV+CUE】
https://blog.sina.com.cn/s/blog_6943970c0102zpeu.html	傅又宣.2014-爱，这件事情（EP）【福茂】【FLAC分轨】
https://blog.sina.com.cn/s/blog_6943970c0102zpet.html	郁冬.2002-露天电影院【正大】【WAV+CUE】
https://blog.sina.com.cn/s/blog_6943970c0102zpes.html	江海迦.2014-AGA【环球】【WAV+CUE】
https://blog.sina.com.cn/s/blog_6943970c0102zper.html	群星.2019-亲爱的，热爱的电视剧原声带【华策克顿】【FLAC分轨】
https://blog.sina.com.cn/s/blog_6943970c0102zpeq.html	亦帆.2017-亦帆风顺【米乐士娱乐】【FLAC分轨】
https://blog.sina.com.cn/s/blog_6943970c0102zpep.html	苏醒.2010-想念式【SONY】【FLAC分轨】
https://blog.sina.com.cn/s/blog_6943970c0102zpeo.html	蔡小虎.2012-梦春风【豪记】【WAV+CUE】
https://blog.sina.com.cn/s/blog_6943970c0102zpen.html	群星.1998-最好关系（致敬温拿乐队）【宝丽金】【WAV+CUE】
https://blog.sina.com.cn/s/blog_6943970c0102zpem.html	炎亚纶.2011-下一个【华研国际】【FLAC分轨】
https://blog.sina.com.cn/s/blog_6943970c0102zpel.html	蓝心湄.1996-爱走了【SONY】【WAV+CUE】
https://blog.sina.com.cn/s/blog_6943970c0102zpek.html	方瑞娥.2011-心惊惊【豪记】【FLAC分轨】
https://blog.sina.com.cn/s/blog_6943970c0102zpej.html	群星.1997-对唱辑【飞碟】【WAV+CUE】
https://blog.sina.com.cn/s/blog_6943970c0102zpei.html	NEX7.2018-NEXT.TO.YOU【乐华圆娱】【FLAC分轨】
https://blog.sina.com.cn/s/blog_6943970c0102zpeh.html	Mr.2008-MISTER【环球】【FLAC分轨】
https://blog.sina.com.cn/s/blog_6943970c0102zpeg.html	彭羚.1996-完全因你（2014蜚声百代限量版）【环球】【WAV+CUE】
https://blog.sina.com.cn/s/blog_6943970c0102zpef.html	龙千玉.2025-尚水的爱【豪记】【FLAC分轨】
https://blog.sina.com.cn/s/blog_6943970c0102zpee.html	群星.2025-五福临门影视剧原声带【东阳欢娱】【FLAC分轨】
https://blog.sina.com.cn/s/blog_6943970c0102zped.html	群星.2005-新年原专辑大红包5CD【白云唱片】【WAV+CUE】
https://blog.sina.com.cn/s/blog_6943970c0102zpec.html	超棒少年.2025-超棒的我们（EP）【Bravo】【FLAC分轨】
https://blog.sina.com.cn/s/blog_6943970c0102zpeb.html	夏宇童.2009-雨瞳【丰华】【FLAC分轨】
https://blog.sina.com.cn/s/blog_6943970c0102zpea.html	彭莉.1996-菅芒【宝丽金】【WAV+CUE】
https://blog.sina.com.cn/s/blog_6943970c0102zpe9.html	张国荣.2003－绝色哥歌2CD【滚石】【WAV+CUE】
https://blog.sina.com.cn/s/blog_6943970c0102zpe8.html	宥胜.2013-完美先生【艾回】【FLAC分轨】
https://blog.sina.com.cn/s/blog_6943970c0102zpe7.html	群星.1994-热力节拍精选（日版）【宝丽金】【WAV+CUE】
https://blog.sina.com.cn/s/blog_6943970c0102zpe6.html	群星.2003-无间道电影原声配乐（终极套装版）3CD【寰亚】【WAV+CUE…
https://blog.sina.com.cn/s/blog_6943970c0102zpe5.html	徐小凤.2022-金曲精选2辑（2022新世纪MQACD金碟版）【康艺成音】【…
https://blog.sina.com.cn/s/blog_6943970c0102zpe4.html	廖昌永.2022-领航·廖昌永演唱歌曲专辑2CD【上海音乐出版社】【FLAC…
https://blog.sina.com.cn/s/blog_6943970c0102zpe3.html	群星.2025-致1999年的自己电视剧原声带【TME影音】【FLAC分轨】
https://blog.sina.com.cn/s/blog_6943970c0102zpe2.html	龙飘飘童欣.1997-龙凤新韵发财年【EMI百代】【WAV+CUE】
https://blog.sina.com.cn/s/blog_6943970c0102zpe1.html	刀郎.2023-山歌廖哉（纯银版）【啊呀啦嗦】【WAV+CUE】
https://blog.sina.com.cn/s/blog_6943970c0102zpe0.html	利菁.2018-REGINE（EP）【SONY】【FLAC分轨】
https://blog.sina.com.cn/s/blog_6943970c0102zpdz.html	李剑青.2017-仍是异乡人【相信音乐】【WAV+CUE】
https://blog.sina.com.cn/s/blog_6943970c0102zpdy.html	辰亦儒.2017-IN（EP）【华研国际】【FLAC分轨】
https://blog.sina.com.cn/s/blog_6943970c0102zpdx.html	戴梅君.2009-断线风筝【美华】【WAV+CUE】
https://blog.sina.com.cn/s/blog_6943970c0102zpdw.html	群星.2012-爱上巧克力电视剧原声带【环球】【FLAC分轨】
https://blog.sina.com.cn/s/blog_6943970c0102zpdv.html	华晨宇.2024-华晨宇日出演唱会特辑【天娱传媒】【FLAC分轨】
https://blog.sina.com.cn/s/blog_6943970c0102zpdu.html	金学峰.1997-是不是因为我不够温柔【中唱】【WAV+CUE】
https://blog.sina.com.cn/s/blog_6943970c0102zpdt.html	陈怡婷.2018-牡丹情【时代创艺】【FLAC分轨】
https://blog.sina.com.cn/s/blog_6943970c0102zpds.html	群星.2025-锦囊妙录电视原声带【智慧大狗】【FLAC分轨】
https://blog.sina.com.cn/s/blog_6943970c0102zpdr.html	群星.2009-南方群星大拜年·年年欢乐年【南方】【WAV+CUE】
https://blog.sina.com.cn/s/blog_6943970c0102zpdq.html	魏巡.2023-糖浆代码【天娱传媒】【FLAC分轨】
https://blog.sina.com.cn/s/blog_6943970c0102zpdp.html	群星.1997-宝丽金超级精选97【宝丽金】【WAV+CUE】
https://blog.sina.com.cn/s/blog_6943970c0102zpdo.html	王泽言.2023-超乐者【鲸鱼向海】【FLAC分轨】
https://blog.sina.com.cn/s/blog_6943970c0102zpdn.html	刘虹翎.2007-梦时代【擎天娱乐】【FLAC分轨】
https://blog.sina.com.cn/s/blog_6943970c0102zpdm.html	梁汉文.1994-壹精丫华星】【WAV+CUE】
https://blog.sina.com.cn/s/blog_6943970c0102zpdl.html	裘海正.2012-瓶中泪（EP）【同心国际】【WAV+CUE】
https://blog.sina.com.cn/s/blog_6943970c0102zpdk.html	郑家星.2013-天亮之前我爱你【SONY】【FLAC分轨】
https://blog.sina.com.cn/s/blog_6943970c0102zpdj.html	群星.2025-鹊刀门传奇2电视剧原声带【爱逗传媒】【FLAC分轨】
https://blog.sina.com.cn/s/blog_6943970c0102zpdi.html	谭咏麟.1988-迷惑（1999宝丽金20世纪光辉印记）【环球】【WAV+CUE…
https://blog.sina.com.cn/s/blog_6943970c0102zpdh.html	黄妃.2025-青花姐仔【飞碟文化】【FLAC分轨】
https://blog.sina.com.cn/s/blog_6943970c0102zpdg.html	龙飘飘谢采芸.2009-齐唱幸福年【音乐谷】【WAV+CUE】
https://blog.sina.com.cn/s/blog_6943970c0102zpdf.html	陈奕迅.2007-认了吧（纸盒版）【新艺宝】【WAV+CUE】
https://blog.sina.com.cn/s/blog_6943970c0102zpde.html	伍家辉.2008-虽然我愿意【华研国际】【FLAC分轨】
https://blog.sina.com.cn/s/blog_6943970c0102zpdd.html	梁珈瑜.2017-旧梦·如歌（2023新纪纪MQA24K金碟限量版）【新世纪】…
https://blog.sina.com.cn/s/blog_6943970c0102zpdc.html	钟舒漫.2007-乖女仔【英皇娱乐】【FLAC分轨】
https://blog.sina.com.cn/s/blog_6943970c0102zpdb.html	周俊伟.1998-你别傻了（EP）【BMG】【WAV+CUE】
https://blog.sina.com.cn/s/blog_6943970c0102zpda.html	群星.2012-童话二分之一电视原声带【天娱传媒】【FLAC分轨】
https://blog.sina.com.cn/s/blog_6943970c0102zpd9.html	颜力妃.2017-月半女神【丰华】【FLAC分轨】
https://blog.sina.com.cn/s/blog_6943970c0102zpd8.html	谷兵.1997-浪子梦【音乐家】【WAV+CUE】
https://blog.sina.com.cn/s/blog_6943970c0102zpd7.html	洪爱莉.2001-没有月亮的时候【SONY】【FLAC分轨】
https://blog.sina.com.cn/s/blog_6943970c0102zpd6.html	陈慧娴.2024-几时再见演唱会(Live.in.Hong.Kong.1989升級版)3CD【…
https://blog.sina.com.cn/s/blog_6943970c0102zpd5.html	姚乙林美惠.1991-双星伴月喜迎春【风格】【WAV+CUE】
https://blog.sina.com.cn/s/blog_6943970c0102zpd4.html	群星.2005-遇见100%幸福·偶像剧情歌最精选3CD【滚石】【WAV+CUE】
https://blog.sina.com.cn/s/blog_6943970c0102zpd3.html	向蕙玲.2011-为爱请求【大棠】【WAV+CUE】
https://blog.sina.com.cn/s/blog_6943970c0102zpd2.html	杨青倩.2010-武法舞天【滚石】【FLAC分轨】
https://blog.sina.com.cn/s/blog_6943970c0102zpd1.html	刘美君.2017-刘美君UPM24K金碟【SONY】【WAV+CUE】
https://blog.sina.com.cn/s/blog_6943970c0102zpd0.html	群星.2011-超级偶像SUPPER!IDO!【SONY】【FLAC分轨】
https://blog.sina.com.cn/s/blog_6943970c0102zpcz.html	洪俊扬.2006-独角兽【环球】【FLAC分轨】
https://blog.sina.com.cn/s/blog_6943970c0102zpcy.html	陈珊妮.2000-完美的呻吟【魔岩文化】【WAV+CUE】
https://blog.sina.com.cn/s/blog_6943970c0102zpcx.html	西卿.2007-爱情的锁链（喜玛拉雅飞跃复刻版）【海丽】【WAV+CUE】
https://blog.sina.com.cn/s/blog_6943970c0102zpcw.html	棒棒堂.2010-四度空间【金牌大风】【FLAC分轨】
https://blog.sina.com.cn/s/blog_6943970c0102zpcv.html	雷擎.2024-南洋探险队【浮气音乐】【FLAC分轨】
https://blog.sina.com.cn/s/blog_6943970c0102zpcu.html	群星.2013-富贵花开迎新年【瑞华】【WAV+CUE】
https://blog.sina.com.cn/s/blog_6943970c0102zpct.html	林佳仪.1998-水晶玻璃【波丽佳音】【WAV+CUE】
https://blog.sina.com.cn/s/blog_6943970c0102zpcs.html	张智成.2017-18【海蝶】【FLAC分轨】
https://blog.sina.com.cn/s/blog_6943970c0102zpcr.html	王心如.2006-哥本哈根的童话【环球】【FLAC分轨】
https://blog.sina.com.cn/s/blog_6943970c0102zpcq.html	李宗盛.1993-希望（EP）【滚石】【WAV+CUE】
https://blog.sina.com.cn/s/blog_6943970c0102zpcp.html	吴浩康.2003-DEEP（EP）【英皇娱乐】【WAV+CUE】
https://blog.sina.com.cn/s/blog_6943970c0102zpco.html	群星.2011-唱作达人第一击（EP）【海蝶】【FLAC分轨】
https://blog.sina.com.cn/s/blog_6943970c0102zpcn.html	七郎.2002-船螺三声【欣代唱片】【WAV+CUE】
https://blog.sina.com.cn/s/blog_6943970c0102zpcm.html	插班生.2010-人生实验课【滚石】【FLAC分轨】
https://blog.sina.com.cn/s/blog_6943970c0102zpcl.html	陈百强.1995-梦里追寻·等【飞碟】【WAV+CUE】
https://blog.sina.com.cn/s/blog_6943970c0102zpck.html	好妹妹.2025-公园前【有此山文化】【FLAC分轨】
https://blog.sina.com.cn/s/blog_6943970c0102zpcj.html	群星.2004-今年更比去年好·35首连串贺岁金曲精华【音乐谷】【WAV+C…
https://blog.sina.com.cn/s/blog_6943970c0102zpci.html	罗大佑春龙交响乐团.2025-春龙交响夜2024【海浪音乐】【FLAC分轨】
https://blog.sina.com.cn/s/blog_6943970c0102zpch.html	云浩影.2025-TOUCH.OF.ABSENCE【寰亚】【FLAC分轨】
https://blog.sina.com.cn/s/blog_6943970c0102zpcg.html	四分卫.2021-转转转大人【亚神】【FLAC分轨】
https://blog.sina.com.cn/s/blog_6943970c0102zpcf.html	夏韶声.2023-谙（新世纪MQA限量版）【新世纪】【WAV+CUE】
https://blog.sina.com.cn/s/blog_6943970c0102zpce.html	史斯宇.2025-柔韧有馀GentleArmor【FLAC分轨】
https://blog.sina.com.cn/s/blog_6943970c0102zpcd.html	春晓乐队.2024-痴情总是下贱【唐寅唱片】【FLAC分轨】
https://blog.sina.com.cn/s/blog_6943970c0102zpcc.html	陈柏全.1996-陪你狂乱【EMI百代】【WAV+CUE】
https://blog.sina.com.cn/s/blog_6943970c0102zpcb.html	群星.2001-正东5周年接力演唱会2CD【正东】【WAV+CUE】
https://blog.sina.com.cn/s/blog_6943970c0102zpca.html	黄鲲.2024-迷路的沙丁鱼【智慧小狗】【FLAC分轨】
https://blog.sina.com.cn/s/blog_6943970c0102zpc9.html	李克勤.1992-红日（1999宝丽金20世纪光辉印记版）【环球】【WAV+CU…
https://blog.sina.com.cn/s/blog_6943970c0102zpc8.html	孙艺汇.2024-意会TACIT【星外星】【FLAC分轨】
https://blog.sina.com.cn/s/blog_6943970c0102zpc7.html	优客李林.1994-捍卫爱情【点将】【WAV+CUE】
https://blog.sina.com.cn/s/blog_6943970c0102zpc6.html	王柏森.2000-私人剧会环境歌舞剧原声带【唯我音乐】【FLAC分轨】
https://blog.sina.com.cn/s/blog_6943970c0102zpc5.html	巫奇.1995-不顾一切【滚石】【WAV+CUE】
https://blog.sina.com.cn/s/blog_6943970c0102zpc4.html	群星.1998-宝丽金88极品音色系列·极品音乐点唱机【宝丽金】【WAV+C…
https://blog.sina.com.cn/s/blog_6943970c0102zpc3.html	谢金燕.1997-爱来爱去【有容唱片】【WAV+CUE】
https://blog.sina.com.cn/s/blog_6943970c0102zpc2.html	邬兆邦.1996-爱你我认了【三耀唱片】【FLAC分轨】
https://blog.sina.com.cn/s/blog_6943970c0102zpc1.html	张惠妹.2002-发烧【华纳】【WAV+CUE】
https://blog.sina.com.cn/s/blog_6943970c0102zpc0.html	丢火车乐队.2024-万事【StreetVoice】【FLAC分轨】
https://blog.sina.com.cn/s/blog_6943970c0102zpbz.html	区瑞强.2000-DCS声选集（宝丽金20世纪光辉印记）【环球】【WAV+CUE…
https://blog.sina.com.cn/s/blog_6943970c0102zpby.html	林忆莲.2022-不如重新开始（2022新世纪MQA24K金碟限量版）【新世纪…
https://blog.sina.com.cn/s/blog_6943970c0102zpbx.html	许书豪.2017-HOW【上行娱乐】【FLAC分轨】
https://blog.sina.com.cn/s/blog_6943970c0102zpbw.html	群星.2013-原来是美男电视原声带【华纳】【WAV+CUE】
https://blog.sina.com.cn/s/blog_6943970c0102zpbv.html	谭嘉仪.2023-MEMORIES【TVBMUSIC】【WAV+CUE】
https://blog.sina.com.cn/s/blog_6943970c0102zpbu.html	洪百慧.2000-女主角不是我【雅鹂】【WAV+CUE】
https://blog.sina.com.cn/s/blog_6943970c0102zpbt.html	群星.2001-新艺宝正选VOL.1【新艺宝】【WAV+CUE】
https://blog.sina.com.cn/s/blog_6943970c0102zpbs.html	江若琳.2006-最好的时光【壹零零文化】【FLAC分轨】
https://blog.sina.com.cn/s/blog_6943970c0102zpbr.html	陈翔.2014-破茧而声【天娱传媒】【FLAC分轨】
https://blog.sina.com.cn/s/blog_6943970c0102zpbq.html	张国荣.2024-张国荣演唱会Live.in.Hong.Kong.1988足本版3CD【环球…
https://blog.sina.com.cn/s/blog_6943970c0102zpbp.html	谭晶.2004-晶挑细丫星文】【WAV+CUE】
https://blog.sina.com.cn/s/blog_6943970c0102zpbo.html	伍浩哲.1994-讲袜出嘴的话【歌林】【WAV+CUE】
https://blog.sina.com.cn/s/blog_6943970c0102zpbn.html	彭永琛.2015-彭永杈寰亚】【FLAC分轨】
https://blog.sina.com.cn/s/blog_6943970c0102zpbm.html	周华健.1996-周华健EASY.BAND小天堂【滚石】【WAV+CUE】
https://blog.sina.com.cn/s/blog_6943970c0102zpbl.html	王耀杨.2024-美好的事都只发生一次【华纳】【FLAC分轨】
https://blog.sina.com.cn/s/blog_6943970c0102zpbk.html	王菲.1989-王靖雯（1999宝丽金20世纪光辉印记）【环球】【WAV+CUE…
https://blog.sina.com.cn/s/blog_6943970c0102zpbj.html	门尼.2023-门尼MONEY【鲸鱼向海】【FLAC分轨】
https://blog.sina.com.cn/s/blog_6943970c0102zpbi.html	郑少秋.1995-金曲精选2CD【娱乐唱片】【WAV+CUE】
https://blog.sina.com.cn/s/blog_6943970c0102zpbh.html	王榆钧.2024-静寂寂【何乐音乐】【FLAC分轨】
https://blog.sina.com.cn/s/blog_6943970c0102zpbg.html	关淑怡.2009-Shirleys.Era（2024MQA-HQCD限量版）【星娱乐】【WAV+…
https://blog.sina.com.cn/s/blog_6943970c0102zpbf.html	张伟文吕珊.2010-发烧录音第一击【环星】【FLAC分轨】
https://blog.sina.com.cn/s/blog_6943970c0102zpbe.html	群星.2007-作词家经典·一代词林雅集百世经典流传3CD【永恒】【WAV+…
https://blog.sina.com.cn/s/blog_6943970c0102zpbd.html	群星.2009-作曲家经典·一代音乐巨匠谱写不朽乐章3CD【永恒】【WAV+…
https://blog.sina.com.cn/s/blog_6943970c0102zpbc.html	林慧萍.1986-无情弦（飞跃复刻版）【歌林】【WAV+CUE】
https://blog.sina.com.cn/s/blog_6943970c0102zpbb.html	张洢豪.2022-一毫升美梦【哇唧唧哇娱乐】【FLAC分轨】
https://blog.sina.com.cn/s/blog_6943970c0102zpba.html	倪睿思.2005-倪主角【新索】【FLAC分轨】
https://blog.sina.com.cn/s/blog_6943970c0102zpb9.html	马浚伟.1996-我也曾醉过（国专）【正东】【WAV+CUE】
https://blog.sina.com.cn/s/blog_6943970c0102zpb8.html	周先生.2006-旋律967【摩登天空】【FLAC分轨】
https://blog.sina.com.cn/s/blog_6943970c0102zpb7.html	关正杰.1982-天龙八部之虚竹传记（1999宝丽金20世纪光辉印记版）【…
https://blog.sina.com.cn/s/blog_6943970c0102zpb6.html	陈小霞.2025-老翅膀【华研国际】【FLAC分轨】
https://blog.sina.com.cn/s/blog_6943970c0102zpb5.html	庄主恒.2025-荒原曼波At.Least.We.Can.Dance【哇唧唧哇娱乐】【FLA…
https://blog.sina.com.cn/s/blog_6943970c0102zpb4.html	李度.1995-好想好好爱一个人恨一个人【滚石】【WAV+CUE】
https://blog.sina.com.cn/s/blog_6943970c0102zpb3.html	林俊逸.1993-年少新情【名冠】【FLAC分轨】
https://blog.sina.com.cn/s/blog_6943970c0102zpb2.html	陈盈洁.1993-旧曲新唱【新丽声】【WAV+CUE】
https://blog.sina.com.cn/s/blog_6943970c0102zpb1.html	张赫宣.2017-Freedom【互娱传奇】【FLAC分轨】
https://blog.sina.com.cn/s/blog_6943970c0102zpb0.html	果味VC.2001-双重生命【摩登天空】【WAV+CUE】
https://blog.sina.com.cn/s/blog_6943970c0102zpaz.html	洪荣宏.1997-留不住你的心【点将】【WAV+CUE】
https://blog.sina.com.cn/s/blog_6943970c0102zpay.html	黄莺莺.2000-DCS声选辑（宝丽金20世纪光辉印记版）【环球】【WAV+C…
https://blog.sina.com.cn/s/blog_6943970c0102zpax.html	方大同.2025-艾美梦游1-6(迷你专辑)【赋音乐】【FLAC分轨】
https://blog.sina.com.cn/s/blog_6943970c0102zpaw.html	黎明.2025-我爱黎明Leon@PolyGram精彩全纪录4CD【环球】【FLAC分轨…
https://blog.sina.com.cn/s/blog_6943970c0102zpav.html	龙千玉.2017-你不孤单【豪记】【WAV+CUE】
https://blog.sina.com.cn/s/blog_6943970c0102zpau.html	杜雯惠.2003-人间定格【正东】【WAV+CUE】
https://blog.sina.com.cn/s/blog_6943970c0102zpat.html	严浩翔.2025-81.6°N严寒地（EP）【时代峰峻】【FLAC分轨】
https://blog.sina.com.cn/s/blog_6943970c0102zpas.html	胡琳.2006-绿野声踪【LMC】【WAV+CUE】
https://blog.sina.com.cn/s/blog_6943970c0102zpar.html	陈威全.2014-全是爱【美妙音乐】【FLAC分轨】
https://blog.sina.com.cn/s/blog_6943970c0102zpaq.html	许冠杰.1976-半斤八两（1999宝丽金20世纪光辉印记版）【环球】【WA…
https://blog.sina.com.cn/s/blog_6943970c0102zpap.html	李嘉格.2016-四格（EP）【梦想当然】【FLAC分轨】
https://blog.sina.com.cn/s/blog_6943970c0102zpao.html	陈一郎.1991-陈一郎与12名女人【名冠】【WAV+CUE】
https://blog.sina.com.cn/s/blog_6943970c0102zpan.html	张学友.1987-87演唱会2CD（2024蜚声环球限量版）【环球】【WAV+CUE…
https://blog.sina.com.cn/s/blog_6943970c0102zpam.html	群星.2025-白月梵星影视原声带【韶愔音乐】【FLAC分轨】
https://blog.sina.com.cn/s/blog_6943970c0102zpal.html	张真源.2024-镜花水月（EP）【时代峰峻】【FLAC分轨】
https://blog.sina.com.cn/s/blog_6943970c0102zpak.html	许明明.2023-代餐Taste.of.Love【风华秋实】【FLAC分轨】
https://blog.sina.com.cn/s/blog_6943970c0102zpaj.html	童安格.1989-其实你不懂我的心【宝丽金】【WAV+CUE】
https://blog.sina.com.cn/s/blog_6943970c0102zpai.html	张咪.2019-Made.In.China【火烈鸟】【FLAC分轨】
https://blog.sina.com.cn/s/blog_6943970c0102zpah.html	徐子未.2023-背面【爱贝克思】【FLAC分轨】
https://blog.sina.com.cn/s/blog_6943970c0102zpag.html	群星.2013-环球百代·巨声传奇101系列6CD【环球】【WAV+CUE】
https://blog.sina.com.cn/s/blog_6943970c0102zpaf.html	群星.2012-CONCERT.YY黄伟文作品展演唱会6CD【Wyman】【WAV+CUE】
https://blog.sina.com.cn/s/blog_6943970c0102zpae.html	谢宜君.2018-女人命【豪记】【WAV+CUE】
https://blog.sina.com.cn/s/blog_6943970c0102zpad.html	群星.2025-国色芳华影视原声带【华策】【FLAC分轨】
https://blog.sina.com.cn/s/blog_6943970c0102zpac.html	张学友.1989-只愿一生爱一人（2024蜚声环球限量版）【环球】【WAV+…
https://blog.sina.com.cn/s/blog_6943970c0102zpab.html	何如惠.1989-我不想飞得太高【宝丽金】【WAV+CUE】
https://blog.sina.com.cn/s/blog_6943970c0102zpaa.html	徐暐翔.2023-跃【SONY】【FLAC分轨】
https://blog.sina.com.cn/s/blog_6943970c0102zpa9.html	许淑绢.1986-悄悄话（LP版）【新格】【WAV+CUE】
https://blog.sina.com.cn/s/blog_6943970c0102zpa8.html	徐颐娣.2022-ELEPHANTDEE的DEMOOOPS!【亚神】【FLAC分轨】
https://blog.sina.com.cn/s/blog_6943970c0102zpa7.html	陈德彰·RAIDAS.1989-新曲+精选（2023新世纪MQA限量版）【艺视】【W…
https://blog.sina.com.cn/s/blog_6943970c0102zpa6.html	持修.2021-!!!!【环球】【FLAC分轨】
https://blog.sina.com.cn/s/blog_6943970c0102zpa5.html	于湉.2020-创作歌手（EP）【天娱传媒】【FLAC分轨】
https://blog.sina.com.cn/s/blog_6943970c0102zpa4.html	彭立.2009-雨声【乾坤唱片】【WAV+CUE】
https://blog.sina.com.cn/s/blog_6943970c0102zpa3.html	陈斐.2025-空白之地【奔跑怪物】【FLAC分轨】
https://blog.sina.com.cn/s/blog_6943970c0102zpa2.html	张学友.1998-友情歌岁月精选（2024蜚声环球限量版）【环球】【WAV+…
https://blog.sina.com.cn/s/blog_6943970c0102zpa1.html	郭桂彬.2002-海波浪之世间情【歌莱美】【WAV+CUE】
https://blog.sina.com.cn/s/blog_6943970c0102zpa0.html	菲道尔.2022-人生，起起落落落落落？【鼎乐文化】【FLAC分轨】
https://blog.sina.com.cn/s/blog_6943970c0102zp9z.html	徐小凤.1986-每一步（1999宝丽金20世纪光辉印记）【环球】【WAV+CU…
https://blog.sina.com.cn/s/blog_6943970c0102zp9y.html	与非门.2024-无约之旅ONE.WAY.TRAVEL【摩登天空】【FLAC分轨】
https://blog.sina.com.cn/s/blog_6943970c0102zp9x.html	群星.1999-1998魔岩CAMPUS.TOUR巡回演唱【魔岩】【WAV+CUE】
https://blog.sina.com.cn/s/blog_6943970c0102zp9w.html	张睿.2013-张睿【美梦成真】【FLAC分轨】
https://blog.sina.com.cn/s/blog_6943970c0102zp9v.html	群星.1999-心情大楼【乾坤唱片】【WAV+CUE】
https://blog.sina.com.cn/s/blog_6943970c0102zp9u.html	林姗.2009-魅力金曲2CD【皇星全音】【WAV+CUE】
https://blog.sina.com.cn/s/blog_6943970c0102zp9t.html	邓见超.2023-爱人仇人【SONY】【FLAC分轨】
https://blog.sina.com.cn/s/blog_6943970c0102zp9s.html	张学友.1987-国语精选集（2024蜚声环球限量版）【环球】【WAV+CUE…
https://blog.sina.com.cn/s/blog_6943970c0102zp9r.html	陈卓贤.2025-Interlude【大国文化】【FLAC分轨】
https://blog.sina.com.cn/s/blog_6943970c0102zp9q.html	群星.2020-唱一首谭咏麟【新世纪】【WAV+CUE】
https://blog.sina.com.cn/s/blog_6943970c0102zp9p.html	宇珩.2005-宇宙永恒HAPPYDAY【滚石】【FLAC分轨】
https://blog.sina.com.cn/s/blog_6943970c0102zp9o.html	罗大佑.1995-追梦2·大時代的避风港【滚石】【WAV+CUE】
https://blog.sina.com.cn/s/blog_6943970c0102zp9n.html	罗大佑.1991-追梦（电影音乐演奏系列）【音乐工厂】【WAV+CUE】
https://blog.sina.com.cn/s/blog_6943970c0102zp9m.html	群星.1991-笨鸟的表白·黄宏墨创作集精选1983-1991【BMG】【WAV+CUE…
https://blog.sina.com.cn/s/blog_6943970c0102zp9l.html	刘小慧.1995-全程流露（EP）【BMG】【WAV+CUE】
https://blog.sina.com.cn/s/blog_6943970c0102zp9k.html	艾雨.2002-艾雨【恒大音乐】【FLAC分轨】
https://blog.sina.com.cn/s/blog_6943970c0102zp9j.html	邬兆邦.2024-烘炉配茶壶【豪记】【FLAC分轨】
https://blog.sina.com.cn/s/blog_6943970c0102zp9i.html	张学友.1987-在我心深处（2024蜚声环球限量版）【环球】【WAV+CUE…
https://blog.sina.com.cn/s/blog_6943970c0102zp9h.html	华晨宇.2025-量变临界点【天娱传媒】【FLAC分轨】
https://blog.sina.com.cn/s/blog_6943970c0102zp9g.html	郑乔安.2022-恋恋痴情港【美乐蒂】【WAV+CUE】
https://blog.sina.com.cn/s/blog_6943970c0102zp9f.html	萧贺硕.2008-硕一硕的旅游地图【华纳】【FLAC分轨】
https://blog.sina.com.cn/s/blog_6943970c0102zp9e.html	黄莺莺.2000-25周年纪念金曲专辑【歌林】【WAV+CUE】
https://blog.sina.com.cn/s/blog_6943970c0102zp9d.html	王博文.2017-1461【SONY】【FLAC分轨】
https://blog.sina.com.cn/s/blog_6943970c0102zp9c.html	宋达民宋逸民.1990-爱让我更寂寞【可登】【WAV+CUE】
https://blog.sina.com.cn/s/blog_6943970c0102zp9b.html	彭海桐.2021-七年sEPt【智慧小狗】【FLAC分轨】
https://blog.sina.com.cn/s/blog_6943970c0102zp9a.html	阿弗娄.2025-不应该的应该1+2【摩登天空】【FLAC分轨】
https://blog.sina.com.cn/s/blog_6943970c0102zp99.html	彭羚.1997-眼睛湿湿的（国）【EMI百代】【WAV+CUE】
https://blog.sina.com.cn/s/blog_6943970c0102zp98.html	孟慧圆.2022-我看你是疯了【心喜文化】【FLAC分轨】
https://blog.sina.com.cn/s/blog_6943970c0102zp97.html	张学友.1989-丝丝记忆·情歌精选（2024蜚声环球限量版）【环球】【W…
https://blog.sina.com.cn/s/blog_6943970c0102zp96.html	汪峰.2025-人海【碧峰怡竹文化】【FLAC分轨】
https://blog.sina.com.cn/s/blog_6943970c0102zp95.html	陈零九.2018-情歌【滚石】【FLAC分轨】
https://blog.sina.com.cn/s/blog_6943970c0102zp94.html	郑秀文.2019-大报复ARM.SHMCD限量版【华星】【WAV+CUE】
https://blog.sina.com.cn/s/blog_6943970c0102zp93.html	群星.2019-我的莫格利男孩音乐恋爱指南OST【觉得文化】【FLAC分轨…
https://blog.sina.com.cn/s/blog_6943970c0102zp92.html	鲁向卉.2019-时间·木马【塔卡库卡文化】【FLAC分轨】
https://blog.sina.com.cn/s/blog_6943970c0102zp91.html	林淑容李茂山.1992-老式情歌专辑【瑞华】【WAV+CUE】
https://blog.sina.com.cn/s/blog_6943970c0102zp90.html	黄之仪.2024-浮岛（EP）【摩登天空】【FLAC分轨】
https://blog.sina.com.cn/s/blog_6943970c0102zp8z.html	易桀齐.2006-一整片天空【滚石】【WAV+CUE】
https://blog.sina.com.cn/s/blog_6943970c0102zp8y.html	黄湘怡.2004-Stellas狂想曲2CD【SONY】【FLAC分轨】
https://blog.sina.com.cn/s/blog_6943970c0102zp8x.html	张洢豪.2022-Chill.Beat·丘比特【哇唧唧哇娱乐】【FLAC分轨】
https://blog.sina.com.cn/s/blog_6943970c0102zp8w.html	张学友.1986-情无四归（2024蜚声环球限量版）【环球】【WAV+CUE】
https://blog.sina.com.cn/s/blog_6943970c0102zp8v.html	陈志朋.1995-霸道的温柔【飞碟】【WAV+CUE】
https://blog.sina.com.cn/s/blog_6943970c0102zp8u.html	潘美辰.2015-是你（2023新世纪MQA限量版）【瑞华】【WAV+CUE】
https://blog.sina.com.cn/s/blog_6943970c0102zp8t.html	庹宗华.1993-现在才懂【歌林】【FLAC分轨】
https://blog.sina.com.cn/s/blog_6943970c0102zp8s.html	SUNBOYZ.2006-SUN.BOYZ（EP）【英皇娱乐】【FLAC分轨】
https://blog.sina.com.cn/s/blog_6943970c0102zp8r.html	秀兰玛雅.2003-欣赏【大旗】【WAV+CUE】
https://blog.sina.com.cn/s/blog_6943970c0102zp8q.html	胡期皓.2021-达尔文【中视鸣达】【FLAC分轨】
https://blog.sina.com.cn/s/blog_6943970c0102zp8p.html	王芷蕾.1988-悲欢岁月（华纳复刻版）【飞碟】【WAV+CUE】
https://blog.sina.com.cn/s/blog_6943970c0102zp8o.html	白冰冰.1994-阿娜答【吉马】【WAV+CUE】
https://blog.sina.com.cn/s/blog_6943970c0102zp8n.html	陈威全.2010-再见，单身【美妙音乐】【FLAC分轨】
https://blog.sina.com.cn/s/blog_6943970c0102zp8m.html	张学友.1989-似曾相识（2024蜚声环球限量版）【环球】【WAV+CUE】
https://blog.sina.com.cn/s/blog_6943970c0102zp8l.html	洪如.2024-如园【RUStudio】【FLAC分轨】
https://blog.sina.com.cn/s/blog_6943970c0102zp8k.html	容祖儿.2012-MOMENT（国专）【英皇娱乐】【WAV+CUE】
https://blog.sina.com.cn/s/blog_6943970c0102zp8j.html	曾心梅.1989-怨你一世人【上格】【FLAC分轨】
https://blog.sina.com.cn/s/blog_6943970c0102zp8i.html	群星.2019-以歌为名·陈耀川华语经典复刻合辑企划【网易音乐人】【F…
https://blog.sina.com.cn/s/blog_6943970c0102zp8h.html	黄维德.1996-爱情鸟【滚石】【FLAC分轨】
https://blog.sina.com.cn/s/blog_6943970c0102zp8g.html	群星.1999-中华英雄电影原声大碟【BMG】【WAV+CUE】
https://blog.sina.com.cn/s/blog_6943970c0102zp8f.html	钟立风.2024-生活的故事LaDolceVita【华声时代】【FLAC分轨】
https://blog.sina.com.cn/s/blog_6943970c0102zp8e.html	BEYOND.2001-别安乐队纪念专辑【滚石】【WAV+CUE】
https://blog.sina.com.cn/s/blog_6943970c0102zp8d.html	波普电.2024-波普电流【华纳】【FLAC分轨】
https://blog.sina.com.cn/s/blog_6943970c0102zp8c.html	黎明.1992-堆积情感（国）【宝丽金】【WAV+CUE】
https://blog.sina.com.cn/s/blog_6943970c0102zp8b.html	余佳运.2020-复刻Golden.Reimagined【FLAC分轨】
https://blog.sina.com.cn/s/blog_6943970c0102zp8a.html	群星.2018-香蜜沉沉炽如霜电视原声带【智慧大狗】【FLAC分轨】
https://blog.sina.com.cn/s/blog_6943970c0102zp89.html	温岚.2012-LANDING【种子音乐】【WAV+CUE】
https://blog.sina.com.cn/s/blog_6943970c0102zp88.html	林琼珑.1991-多年以前，多年以后【瑞华】【FLAC分轨】
https://blog.sina.com.cn/s/blog_6943970c0102zp87.html	施孝荣.1986-你的眼睛（LP版）【新格】【WAV+CUE】
https://blog.sina.com.cn/s/blog_6943970c0102zp86.html	陈文媛.2005-Fantasia【环球】【WAV+CUE】
https://blog.sina.com.cn/s/blog_6943970c0102zp85.html	谢娜.2011-蓝色巧克力【星外星】【FLAC分轨】
https://blog.sina.com.cn/s/blog_6943970c0102zp84.html	芒果酱.2022-新·宝岛少年【StreetVoice】【FLAC分轨】
https://blog.sina.com.cn/s/blog_6943970c0102zp8d.html	波普电.2024-波普电流【华纳】【FLAC分轨】
https://blog.sina.com.cn/s/blog_6943970c0102zp8c.html	黎明.1992-堆积情感（国）【宝丽金】【WAV+CUE】
https://blog.sina.com.cn/s/blog_6943970c0102zp8b.html	余佳运.2020-复刻Golden.Reimagined【FLAC分轨】
https://blog.sina.com.cn/s/blog_6943970c0102zp8a.html	群星.2018-香蜜沉沉炽如霜电视原声带【智慧大狗】【FLAC分轨】
https://blog.sina.com.cn/s/blog_6943970c0102zp89.html	温岚.2012-LANDING【种子音乐】【WAV+CUE】
https://blog.sina.com.cn/s/blog_6943970c0102zp88.html	林琼珑.1991-多年以前，多年以后【瑞华】【FLAC分轨】
https://blog.sina.com.cn/s/blog_6943970c0102zp87.html	施孝荣.1986-你的眼睛（LP版）【新格】【WAV+CUE】
https://blog.sina.com.cn/s/blog_6943970c0102zp86.html	陈文媛.2005-Fantasia【环球】【WAV+CUE】
https://blog.sina.com.cn/s/blog_6943970c0102zp85.html	谢娜.2011-蓝色巧克力【星外星】【FLAC分轨】
https://blog.sina.com.cn/s/blog_6943970c0102zp84.html	芒果酱.2022-新·宝岛少年【StreetVoice】【FLAC分轨】
https://blog.sina.com.cn/s/blog_6943970c0102zp7t.html	胡宇威.2015-胡宇威（EP）【华纳】【FLAC分轨】
https://blog.sina.com.cn/s/blog_6943970c0102zp7s.html	林俊逸.1992-年少的梦·年少的情【名冠】【FLAC分轨】
https://blog.sina.com.cn/s/blog_6943970c0102zp7r.html	齐豫.1996-TEARS（英专）【滚石】【WAV+CUE】
https://blog.sina.com.cn/s/blog_6943970c0102zp7q.html	陈冠希MC仁厨房仔.2012－2015-三角度1+2【东亚】【FLAC分轨】
https://blog.sina.com.cn/s/blog_6943970c0102zp7p.html	陈冠希MC仁厨房仔.2025-三角度（三）【3125C】【FLAC分轨】
https://blog.sina.com.cn/s/blog_6943970c0102zp7o.html	群星.2018-我们的四十年电视原声带+特别版【智慧大狗】【FLAC分轨…
https://blog.sina.com.cn/s/blog_6943970c0102zp7n.html	吴琼.2012-光语者【英皇娱乐】【FLAC分轨】
https://blog.sina.com.cn/s/blog_6943970c0102zp7m.html	李度.1994-宁愿做个傻女人【滚石】【WAV+CUE】
https://blog.sina.com.cn/s/blog_6943970c0102zp7l.html	高凌风.1990-依然年轻（精选）【天王唱片】【WAV+CUE】
https://blog.sina.com.cn/s/blog_6943970c0102zp7k.html	群星.2024-大奉打更人电视剧原声音乐专辑【TME影音】【FLAC分轨】
https://blog.sina.com.cn/s/blog_6943970c0102zp7j.html	叶启田.2005-新歌+20年主打歌精选辑【吉马】【WAV+CUE】
https://blog.sina.com.cn/s/blog_6943970c0102zp7i.html	叶静宜.2024-美丽湾湾【野声音乐文化】【FLAC分轨】
https://blog.sina.com.cn/s/blog_6943970c0102zp7h.html	苏霈.1992-永远的微笑【友善的狗】【WAV+CUE】
https://blog.sina.com.cn/s/blog_6943970c0102zp7g.html	TFBOYS.2014-青春修炼手册（EP）【时代峰峻】【FLAC分轨】
https://blog.sina.com.cn/s/blog_6943970c0102zp7f.html	好妹妹.2024-我该怎样回忆你【有此山文化】【FLAC分轨】
https://blog.sina.com.cn/s/blog_6943970c0102zp7e.html	任俊陶.2014-喜怒哀乐【亚神音乐】【FLAC分轨】
https://blog.sina.com.cn/s/blog_6943970c0102zp7d.html	李彩桦.2001-RAIN（国专）【上华】【WAV+CUE】
https://blog.sina.com.cn/s/blog_6943970c0102zp7c.html	赖慈泓.2016-听【滚石】【FLAC分轨】
https://blog.sina.com.cn/s/blog_6943970c0102zp7b.html	刘德华.1993-音乐记事馆【宝艺星】【WAV+CUE】
https://blog.sina.com.cn/s/blog_6943970c0102zp7a.html	洪杰.2010-洪·音乐【英皇娱乐】【FLAC分轨】
https://blog.sina.com.cn/s/blog_6943970c0102zp79.html	苏打绿.2005-苏打绿（星外星引进版）【林纬哲音乐社】【WAV+CUE】
https://blog.sina.com.cn/s/blog_6943970c0102zp78.html	至上励合.2012-还好有你在【天娱传媒】【FLAC分轨】
https://blog.sina.com.cn/s/blog_6943970c0102zp77.html	王力宏.2008-心.跳【SONY】【WAV+CUE】
https://blog.sina.com.cn/s/blog_6943970c0102zp76.html	黄妃.2018-我若是黄倩倩【米乐士娱乐】【FLAC分轨】
https://blog.sina.com.cn/s/blog_6943970c0102zp75.html	群星.2024-蔷薇风暴影视原声带【TME影音】【FLAC分轨】
https://blog.sina.com.cn/s/blog_6943970c0102zp74.html	朱宇青.2024-宇宙的宇青苹果的青【发现梦想】【FLAC分轨】
https://blog.sina.com.cn/s/blog_6943970c0102zp73.html	段奥娟.2024-半熟秘密（EP）【缔臺娱乐】【FLAC分轨】
https://blog.sina.com.cn/s/blog_6943970c0102zp72.html	刘暐.2024-刘暐个人专辑【StreetVoice】【FLAC分轨】
https://blog.sina.com.cn/s/blog_6943970c0102zp71.html	凤飞飏.1984-不说话的爱情（LP版）【北联唱片】【WAV+CUE】
https://blog.sina.com.cn/s/blog_6943970c0102zp70.html	群星.2011-旋风管家电视原声带【福茂】【FLAC分轨】
https://blog.sina.com.cn/s/blog_6943970c0102zp6z.html	亦帆.2024-mspi幻境游乐园【原蔚音乐】【FLAC分轨】
https://blog.sina.com.cn/s/blog_6943970c0102zp6y.html	陈思安.2011-天灯熬豪记】【WAV+CUE】
https://blog.sina.com.cn/s/blog_6943970c0102zp6x.html	年少.2000-放不下你【滚石】【FLAC分轨】
https://blog.sina.com.cn/s/blog_6943970c0102zp6w.html	林一峰.2004-一个人在途上【LYFEMusic】【WAV+CUE】
https://blog.sina.com.cn/s/blog_6943970c0102zp6v.html	崔雨鑫.2024-时光底片【大声亿点】【FLAC分轨】
https://blog.sina.com.cn/s/blog_6943970c0102zp6u.html	群星.2024-三体音乐专辑【太合麦田】【FLAC分轨】
https://blog.sina.com.cn/s/blog_6943970c0102zp6t.html	沙宝亮.2024-又回首【制作家】【FLAC分轨】
https://blog.sina.com.cn/s/blog_6943970c0102zp6s.html	唐汉霄.2020-阿波罗【华纳】【FLAC分轨】
https://blog.sina.com.cn/s/blog_6943970c0102zp6r.html	黎瑞恩刘小慧汤宝如.2011-音乐大全101系列5CD【环球】【WAV+CUE】
https://blog.sina.com.cn/s/blog_6943970c0102zp6q.html	黄玠.2024-一切平常【亲爱的音乐】【FLAC分轨】
https://blog.sina.com.cn/s/blog_6943970c0102zp6p.html	梁咏琪.2002-魔幻季节（特别加歌版）【EEI】【WAV+CUE】
https://blog.sina.com.cn/s/blog_6943970c0102zp6o.html	向蕙玲.2007-不免你抱歉【大棠】【WAV+CUE】
https://blog.sina.com.cn/s/blog_6943970c0102zp6n.html	钟立风.2022-吉他随笔集【飒音乐】【FLAC分轨】
https://blog.sina.com.cn/s/blog_6943970c0102zp6m.html	群星.2024-风中的火焰影视原声带【韶愔音乐】【FLAC分轨】
https://blog.sina.com.cn/s/blog_6943970c0102zp6l.html	黄渤.2024-这些年为你攒下的歌【卡司星球】【FLAC分轨】
https://blog.sina.com.cn/s/blog_6943970c0102zp6k.html	张韶涵.2024-与世之争【TME影音】【FLAC分轨】
https://blog.sina.com.cn/s/blog_6943970c0102zp6j.html	陈洁.2007-南方金点系列山歌黄梅调2CD【南方】【WAV+CUE】
https://blog.sina.com.cn/s/blog_6943970c0102zp6i.html	卢葭禾.2024-坠入昨天的浪漫【黑籁音乐】【FLAC分轨】
https://blog.sina.com.cn/s/blog_6943970c0102zp6h.html	陈仪瑾.2024-拢是爱【滚石】【FLAC分轨】
https://blog.sina.com.cn/s/blog_6943970c0102zp6g.html	群星.2023-凌云志影视剧原声带【智慧大狗】【FLAC分轨】
https://blog.sina.com.cn/s/blog_6943970c0102zp6f.html	韩晓.1995-我想去桂林【上海声像】【WAV+CUE】
https://blog.sina.com.cn/s/blog_6943970c0102zp6e.html	群星.1995-春天的花蕊快乐青春十姊妹的台湾歌【滚石】【FLAC分轨】
https://blog.sina.com.cn/s/blog_6943970c0102zp6d.html	张伟文.2003-唱好女人2辑【环星】【FLAC分轨】
https://blog.sina.com.cn/s/blog_6943970c0102zp6c.html	王心凌.2005-闪耀2005新歌+节奏精选（引进版）【艾回】【WAV+CUE】
https://blog.sina.com.cn/s/blog_6943970c0102zp6b.html	罗大佑.2003-无法盗版的青春套装版8CD+BOUNSCD【音乐工厂】【WAV+C…
https://blog.sina.com.cn/s/blog_6943970c0102zp6a.html	游子阳.2024-南方【福茂】【FLAC分轨】
https://blog.sina.com.cn/s/blog_6943970c0102zp69.html	曹方.2003-黑色香水【钛友文化】【WAV+CUE】
https://blog.sina.com.cn/s/blog_6943970c0102zp68.html	曹方.2024-黑色香水二十年·新歌+精丫大班音乐】【FLAC分轨】
https://blog.sina.com.cn/s/blog_6943970c0102zp67.html	群星.2021-华星极品珍藏ARM24KGOLD金碟【华星】【WAV+CUE】
https://blog.sina.com.cn/s/blog_6943970c0102zp66.html	沈殿霞.1991-给亲爱的【宝丽金】【ＷAV+CUE】
https://blog.sina.com.cn/s/blog_6943970c0102zp65.html	郑欣宜.2021-专辑【寰亚】【WAV+CUE】
https://blog.sina.com.cn/s/blog_6943970c0102zp64.html	詹雅雯.2024-演一首歌【福茂】【FLAC分轨】
https://blog.sina.com.cn/s/blog_6943970c0102zp63.html	于湉.2015-有一种力量叫傻瓜【天娱传媒】【FLAC分轨】
https://blog.sina.com.cn/s/blog_6943970c0102zp62.html	张小英.2004-金嗓回顾名典2CD【南方】【WAV+CUE】
https://blog.sina.com.cn/s/blog_6943970c0102zp61.html	田希仁.1984-走过重逢【海山】【FLAC分轨】
https://blog.sina.com.cn/s/blog_6943970c0102zp60.html	谢安琪.2013-最好的时刻2006-2012·3CD【环球】【WAV+CUE】
https://blog.sina.com.cn/s/blog_6943970c0102zp5z.html	马飞.2024-祝你幸福【郊眠寺】【FLAC分轨】
https://blog.sina.com.cn/s/blog_6943970c0102zp5y.html	蒋敦豪.2024-亠【红点星文化】【FLAC分轨】
https://blog.sina.com.cn/s/blog_6943970c0102zp5x.html	持修.2019-房间里的大象【环球】【FLAC分轨】
https://blog.sina.com.cn/s/blog_6943970c0102zp5w.html	林良乐.1995-冷峻歌后2辑【乡城】【WAV+CUE】
https://blog.sina.com.cn/s/blog_6943970c0102zp5v.html	徐小凤.1984-秋水伊人（2020新世纪24KGOLD）【康艺成音】【WAV+CUE…
https://blog.sina.com.cn/s/blog_6943970c0102zp5u.html	吴子健.2024-卧室白白梦【讯飞音乐】【FLAC分轨】
https://blog.sina.com.cn/s/blog_6943970c0102zp5t.html	薛之谦.2016-初学者【海蝶】【WAV+CUE】
https://blog.sina.com.cn/s/blog_6943970c0102zp5s.html	何雁詩.2014-Step【环星】【FLAC分轨】
https://blog.sina.com.cn/s/blog_6943970c0102zp5r.html	张震岳.2005-马拉桑（EP）【本色】【WAV+CUE】
https://blog.sina.com.cn/s/blog_6943970c0102zp5q.html	群星.2021-不说再见电视原声带【众匠音乐】【FLAC分轨】
https://blog.sina.com.cn/s/blog_6943970c0102zp5p.html	林志炫.1999-单身情歌精选2CD【SONY】【WAV+CUE】
https://blog.sina.com.cn/s/blog_6943970c0102zp5o.html	蔡秋凤.2024-戏台【华纳】【FLAC分轨】
https://blog.sina.com.cn/s/blog_6943970c0102zp5n.html	王谦.2024-Memo【滚石】【FLAC分轨】
https://blog.sina.com.cn/s/blog_6943970c0102zp5m.html	江念庭.2022-呒啥人知的歌星（EP）【华纳】【FLAC分轨】
https://blog.sina.com.cn/s/blog_6943970c0102zp5l.html	红孩儿.1991-初恋【飞碟】【WAV+CUE】
https://blog.sina.com.cn/s/blog_6943970c0102zp5k.html	庾澄庆.2003-哈林天堂（引进版）【SONY】【WAV+CUE】
https://blog.sina.com.cn/s/blog_6943970c0102zp5j.html	李泓伸.2024-我不是你【海蝶】【FLAC分轨】
https://blog.sina.com.cn/s/blog_6943970c0102zp5i.html	庄淑君.1991-心跳的时刻【风格】【FLAC分轨】
https://blog.sina.com.cn/s/blog_6943970c0102zp5h.html	古巨基.2006-HUMAN我生2CD【金牌大风】【WAV+CUE】
https://blog.sina.com.cn/s/blog_6943970c0102zp5g.html	Supper.Moment.2016-The.Moment【寰亚】【FLAC分轨】
https://blog.sina.com.cn/s/blog_6943970c0102zp5f.html	草蜢.1989-GRASSHOPPERIII【宝丽金】【WAV+CUE】
https://blog.sina.com.cn/s/blog_6943970c0102zp5e.html	Mr.2009-IfIAm【环球】【FLAC分轨】
https://blog.sina.com.cn/s/blog_6943970c0102zp5d.html	群星.2015-全女打【星娱乐】【FLAC分轨】
https://blog.sina.com.cn/s/blog_6943970c0102zp5c.html	孙兴.2004-可达心里面【点将】【WAV+CUE】
https://blog.sina.com.cn/s/blog_6943970c0102zp5b.html	李逸朗蒋雅文.2005-双对论【英皇娱乐】【FLAC分轨】
https://blog.sina.com.cn/s/blog_6943970c0102zp5a.html	群星.2021-沉睡花园影视原声带【智慧大狗】【FLAC分轨】
https://blog.sina.com.cn/s/blog_6943970c0102zp59.html	权振东.2016-探险家【风潮】【FLAC分轨】
https://blog.sina.com.cn/s/blog_6943970c0102zp58.html	陈忆文.1987-琼瑶电影电视主题曲（TP引进版）【皇星全音】【WAV+CU…
https://blog.sina.com.cn/s/blog_6943970c0102zp57.html	乔幼.2024-幼见·芒果花【滚石】【FLAC分轨】
https://blog.sina.com.cn/s/blog_6943970c0102zp56.html	群星.2023-女士的法则+女士的品格影视原声带【天浩盛世】【FLAC分…
https://blog.sina.com.cn/s/blog_6943970c0102zp55.html	郭奖.1999-情关【友善的狗】【WAV+CUE】
https://blog.sina.com.cn/s/blog_6943970c0102zp54.html	张惠春.2003-SOLO【新力博德曼】【FLAC分轨】
https://blog.sina.com.cn/s/blog_6943970c0102zp53.html	徐怀钰.2024-光致蜕变【滚石】【FLAC分轨】
https://blog.sina.com.cn/s/blog_6943970c0102zp52.html	群星.1996-十全十美【波丽佳音】【WAV+CUE】
https://blog.sina.com.cn/s/blog_6943970c0102zp51.html	群星.2024-灿烂的风和海影视原声带【SONY】【FLAC分轨】
https://blog.sina.com.cn/s/blog_6943970c0102zp50.html	秦咏.2009-深情恋曲1【SKT】【WAV+CUE】
https://blog.sina.com.cn/s/blog_6943970c0102zp4z.html	潘辰.2018-真实面【少城时代】【FLAC分轨】
https://blog.sina.com.cn/s/blog_6943970c0102zp4y.html	群星.1998-滾石24K24Bit珍藏版金碟系列·一人一首成名曲【滚石】【W…
https://blog.sina.com.cn/s/blog_6943970c0102zp4x.html	方瑞娥.2009-爱情像被单【豪记】【WAV+CUE】
https://blog.sina.com.cn/s/blog_6943970c0102zp4w.html	李晋玮.2022-WHAT’S.YOUR.STORY？【亚神】【FLAC分轨】
https://blog.sina.com.cn/s/blog_6943970c0102zp4v.html	李亚明.1997-忘了歌坛2CD【福茂】【WAV+CUE】
https://blog.sina.com.cn/s/blog_6943970c0102zp4u.html	吕珊.2005-星光背后新曲+精丫环星】【FLAC分轨】
https://blog.sina.com.cn/s/blog_6943970c0102zp4t.html	群星.2024-九重紫原声音乐专辑【TME影音】【FLAC分轨】
https://blog.sina.com.cn/s/blog_6943970c0102zp4s.html	林俊杰.2024-光阴副本Turn.Of.A.Page（EP）【JFJ】【FLAC分轨】
https://blog.sina.com.cn/s/blog_6943970c0102zp4r.html	林忆莲.2016-靓声天碟BEST.SOUND.BEST.HITS.UPM.24K金碟【华纳】【…
https://blog.sina.com.cn/s/blog_6943970c0102zp4q.html	杨肃浩.2024-像咱这款人【新禧未来】【FLAC分轨】
https://blog.sina.com.cn/s/blog_6943970c0102zp4p.html	梁雁翎.1992-离开那个不爱你的人【飞图】【WAV+CUE】
https://blog.sina.com.cn/s/blog_6943970c0102zp4o.html	刘明辉.2014-野马之梦【华谊音乐】【FLAC分轨】
https://blog.sina.com.cn/s/blog_6943970c0102zp4n.html	黄品源.1992-新曲+精丫友善的狗】【WAV+CUE】
https://blog.sina.com.cn/s/blog_6943970c0102zp4m.html	胡期皓.2024-遥遥无期【华纳】【FLAC分轨】
https://blog.sina.com.cn/s/blog_6943970c0102zp4l.html	泳儿.2016-镜像【英皇娱乐】【WAV+CUE】
https://blog.sina.com.cn/s/blog_6943970c0102zp4k.html	群星.2024-冬至影视剧原声带【星颜娱乐】【FLAC分轨】
https://blog.sina.com.cn/s/blog_6943970c0102zp4j.html	潘劲东.1996-天上的玫瑰【大地】【WAV+CUE】
https://blog.sina.com.cn/s/blog_6943970c0102zp4i.html	丁世光.2024-背面是我【太合麦田】【FLAC分轨】
https://blog.sina.com.cn/s/blog_6943970c0102zp4h.html	群星.2008-星光2班·你们是我的星光【环球】【FLAC分轨】
https://blog.sina.com.cn/s/blog_6943970c0102zp4g.html	隼.2024-纯白小背心【环球】【FLAC分轨】
https://blog.sina.com.cn/s/blog_6943970c0102zp4f.html	群星.2002-永恒电影·电视·广播剧主题曲精选3CD【永恒】【WAV+CUE】…
https://blog.sina.com.cn/s/blog_6943970c0102zp4e.html	蔚华.1995-现代化【国际文化】【FLAC分轨】
https://blog.sina.com.cn/s/blog_6943970c0102zp4d.html	邓紫棋.2008-G.E.M（EP）【蜂鸟音乐】【WAV+CUE】
https://blog.sina.com.cn/s/blog_6943970c0102zp4c.html	潘嘉丽.2008-Smiling【环球】【FLAC分轨】
https://blog.sina.com.cn/s/blog_6943970c0102zp4b.html	群星.1998-最佳广播剧主题曲【宝丽金】【WAV+CUE】
https://blog.sina.com.cn/s/blog_6943970c0102zp4a.html	群星.1998-最佳电影主题曲【宝丽金】【WAV+CUE】
https://blog.sina.com.cn/s/blog_6943970c0102zp49.html	群星.1998-最佳电视主题曲【宝丽金】【WAV+CUE】
https://blog.sina.com.cn/s/blog_6943970c0102zp48.html	锦绣二重唱.2000-锦绣三温暖2CD【滚石】【WAV+CUE】
https://blog.sina.com.cn/s/blog_6943970c0102zp47.html	海龟先生.2024-赛浪20【嗨嗨森森】【FLAC分轨】
https://blog.sina.com.cn/s/blog_6943970c0102zp46.html	魏如萱.2024-珍珠刑【容合音乐】【FLAC分轨】
https://blog.sina.com.cn/s/blog_6943970c0102zp45.html	萧秉治.2024-完人【相信音乐】【FLAC分轨】
https://blog.sina.com.cn/s/blog_6943970c0102zp44.html	群星.2024-一伞烟雨电视原声带【SONY】【FLAC分轨】
https://blog.sina.com.cn/s/blog_6943970c0102zp43.html	吴霏.2024-窝囊（EP）【环球】【FLAC分轨】
https://blog.sina.com.cn/s/blog_6943970c0102zp42.html	柳影红.1980-100分（LP版）【大华唱片】【WAV+CUE】
https://blog.sina.com.cn/s/blog_6943970c0102zp41.html	谢沛恩.2012-WHATS.MINE【福茂】【FLAC分轨】
https://blog.sina.com.cn/s/blog_6943970c0102zp40.html	梅爱芳.1988-ANN.MUI（2014新世纪复刻版）【银星】【WAV+CUE】
https://blog.sina.com.cn/s/blog_6943970c0102zp3z.html	洪荣宏.1995-若是我回头【东达唱片】【WAV+CUE】
https://blog.sina.com.cn/s/blog_6943970c0102zp3y.html	张崇基张崇德.2003-二人之重唱3【环球】【FLAC分轨】
https://blog.sina.com.cn/s/blog_6943970c0102zp3x.html	谢艾娜.2024-勇敢的猫【亚神音乐】【FLAC分轨】
https://blog.sina.com.cn/s/blog_6943970c0102zp3w.html	庄学忠.2008-难忘经典金曲2CD【皇星全音】【WAV+CUE】
https://blog.sina.com.cn/s/blog_6943970c0102zp3v.html	林子祥.2016-最爱子祥40载（24KGold限量精装珍藏套装10CD）【华纳…
https://blog.sina.com.cn/s/blog_6943970c0102zp3u.html	扬哲.2009-道歉【华特大旗】【WAV+CUE】
https://blog.sina.com.cn/s/blog_6943970c0102zp3t.html	罗文裕.2024-初蕊【华纳】【FLAC分轨】
https://blog.sina.com.cn/s/blog_6943970c0102zp3s.html	亦帆.2015-魔女【米乐士娱乐】【FLAC分轨】
https://blog.sina.com.cn/s/blog_6943970c0102zp3r.html	群星.2024-永夜星河影视原声大碟【恒星引力】【FLAC分轨】
https://blog.sina.com.cn/s/blog_6943970c0102zp3q.html	刘德华.1993-真情难收【NEWMELODY】【WAV+CUE】
https://blog.sina.com.cn/s/blog_6943970c0102zp3p.html	持修.2024-受【环球】【FLAC分轨】
https://blog.sina.com.cn/s/blog_6943970c0102zp3o.html	黄韵玲.1988-没有你的圣诞节·黄色点唱机【滚石】【WAV+CUE】
https://blog.sina.com.cn/s/blog_6943970c0102zp3n.html	王晰.2024-不说【乐华圆娱】【FLAC分轨】
https://blog.sina.com.cn/s/blog_6943970c0102zp3m.html	杨钰莹.1993-情歌伴舞【新时代】【WAV+CUE】
https://blog.sina.com.cn/s/blog_6943970c0102zp3l.html	虞书欣.2024-Spicy.Honey【乐华圆娱】【FLAC分轨】
https://blog.sina.com.cn/s/blog_6943970c0102zp3k.html	张学友.2005-学友年代6CD（天凯引进版）【环球】【WAV+CUE】
https://blog.sina.com.cn/s/blog_6943970c0102zp3j.html	原子邦妮.2022-无情怪物【华纳】【FLAC分轨】
https://blog.sina.com.cn/s/blog_6943970c0102zp3i.html	群星.1987-电视主题金曲精丫娱乐唱片】【WAV+CUE】
https://blog.sina.com.cn/s/blog_6943970c0102zp3h.html	房祖名.2010-乱【新禧未来】【FLAC分轨】
https://blog.sina.com.cn/s/blog_6943970c0102zp3g.html	群星.1993-霸王别姬电影原声大碟（日版）【Victor】【WAV+CUE】
https://blog.sina.com.cn/s/blog_6943970c0102zp3f.html	梁汉文.2011-#20【金牌大风】【WAV+CUE】
https://blog.sina.com.cn/s/blog_6943970c0102zp3e.html	江海迦.2014-ONE（EP）【环球】【WAV+CUE】
https://blog.sina.com.cn/s/blog_6943970c0102zp3d.html	苏醒.2007-秋天（EP）【步酷音乐】【FLAC分轨】
https://blog.sina.com.cn/s/blog_6943970c0102zp3c.html	张栋梁.2024-白夜克拉克+【黑籁音乐】【FLAC分轨】
https://blog.sina.com.cn/s/blog_6943970c0102zp3b.html	王茉聿.2024-若是彼个人是我【福茂】【FLAC分轨】
https://blog.sina.com.cn/s/blog_6943970c0102zp3a.html	群星.2009-UNI-POWER合唱造大力量【环球】【WAV+CUE】
https://blog.sina.com.cn/s/blog_6943970c0102zp39.html	伍佰.2017-钉子花(EDMRemix)【环球】【WAV+CUE】
https://blog.sina.com.cn/s/blog_6943970c0102zp38.html	伍佰.2016-钉子花【环球】【WAV+CUE】
https://blog.sina.com.cn/s/blog_6943970c0102zp37.html	郭小霖.2017-一些事一些情一些新一些旧新曲精选UPM24K金碟【SONY】…
https://blog.sina.com.cn/s/blog_6943970c0102zp36.html	贾立怡.2006-感恩节【音尚动力】【FLAC分轨】
https://blog.sina.com.cn/s/blog_6943970c0102zp35.html	群星.1990-绝版精选与情歌合唱经典集1【风格】【WAV+CUE】
https://blog.sina.com.cn/s/blog_6943970c0102zp34.html	郭子.1989-纯属虚构（LP版）【德州唱片】【WAV+CUE】
https://blog.sina.com.cn/s/blog_6943970c0102zp33.html	李嘉.2007-爱你心酸酸【喜玛拉雅】【WAV+CUE】
https://blog.sina.com.cn/s/blog_6943970c0102zp32.html	郁可唯.2024-我怪【华研国际】【FLAC分轨】
https://blog.sina.com.cn/s/blog_6943970c0102zp31.html	霍建华.2004-开始【SONY】【FLAC分轨】
https://blog.sina.com.cn/s/blog_6943970c0102zp30.html	秀兰玛雅.2008-梦中的形影【大旗】【WAV+CUE】
https://blog.sina.com.cn/s/blog_6943970c0102zp2z.html	黎明.2002-冲锋陷阵（EP）【SONY】【WAV+CUE】
https://blog.sina.com.cn/s/blog_6943970c0102zp2y.html	群星.1987-CBS新力NO.1流行榜VOL.2【SONY】【WAV+CUE】
https://blog.sina.com.cn/s/blog_6943970c0102zp2x.html	蒋雅文.2007-OTHERHALF【英皇娱乐】【FLAC分轨】
https://blog.sina.com.cn/s/blog_6943970c0102zp2w.html	李圣杰.2009-原谅我没有说【综艺音乐】【WAV+CUE】
https://blog.sina.com.cn/s/blog_6943970c0102zp2v.html	群星.2020-迷雾追踪影视原声带【智慧大狗】【FLAC分轨】
https://blog.sina.com.cn/s/blog_6943970c0102zp2u.html	叶丽仪.2018-叶丽仪48周年【原音乐】【WAV+CUE】
https://blog.sina.com.cn/s/blog_6943970c0102zp2t.html	万梓良.1993-感情用真重【BMG】【WAV+CUE】
https://blog.sina.com.cn/s/blog_6943970c0102zp2s.html	艾怡良.2024-我的问题该问谁【环球】【FLAC分轨】
https://blog.sina.com.cn/s/blog_6943970c0102zp2r.html	蔡幸娟.2009-幸福遇见精选集2CD【华纳】【WAV+CUE】
https://blog.sina.com.cn/s/blog_6943970c0102zp2q.html	杨培安.2011-THOSE.YEARS【擎天娱乐】【WAV+CUE】
https://blog.sina.com.cn/s/blog_6943970c0102zp2p.html	刘美麟.2018-青春狂想曲【少城时代】【FLAC分轨】
https://blog.sina.com.cn/s/blog_6943970c0102zp2o.html	伍思凯.2009-思·生活精选辑4CD【华纳】【WAV+CUE】
https://blog.sina.com.cn/s/blog_6943970c0102zp2n.html	张涵雅.2020-2022-上半场+下半尘好痛音乐】【FLAC分轨】
https://blog.sina.com.cn/s/blog_6943970c0102zp2m.html	群星.1996-第一届新力金曲亚洲大丫SONY】【WAV+CUE】
https://blog.sina.com.cn/s/blog_6943970c0102zp2l.html	吴宗宪.2000-吴尽的爱新歌+精选2CD【BMG】【WAV+CUE】
https://blog.sina.com.cn/s/blog_6943970c0102zp2k.html	群星.2020-最美逆行者原声大碟【年华文化】【FLAC分轨】
https://blog.sina.com.cn/s/blog_6943970c0102zp2j.html	孙楠.1995-生生世世【艺能动音】【WAV+CUE】
https://blog.sina.com.cn/s/blog_6943970c0102zp2i.html	钱昭颖.2024-EXPLORING【环星】【FLAC分轨】
https://blog.sina.com.cn/s/blog_6943970c0102zp2h.html	群星.2014-丽的岁月留声4CD【环球】【WAV+CUE】
https://blog.sina.com.cn/s/blog_6943970c0102zp2g.html	罗佩芝.1987-好大的风（2006复黑版）【永恒】【WAV+CUE】
https://blog.sina.com.cn/s/blog_6943970c0102zp2f.html	蔡家蓁.2023-彼个秘密【福茂】【FLAC分轨】
https://blog.sina.com.cn/s/blog_6943970c0102zp2e.html	群星.2002-台湾红歌100年隽永年代20CD【乡城】【WAV+CUE】
https://blog.sina.com.cn/s/blog_6943970c0102zp2d.html	王晰.2017-重游往昔【少城时代】【FLAC分轨】
https://blog.sina.com.cn/s/blog_6943970c0102zp2c.html	罗文.2001-招牌歌33首2CD【华星】【WAV+CUE】
https://blog.sina.com.cn/s/blog_6943970c0102zp2b.html	群星.2013-爱的生存之道电视原声带【福茂】【FLAC分轨】
https://blog.sina.com.cn/s/blog_6943970c0102zp2a.html	李宗盛.2004-爱情论3CD【滚石】【WAV+CUE】
https://blog.sina.com.cn/s/blog_6943970c0102zp29.html	萧亚轩.2010-萧洒小姐【金牌大风】【WAV+CUE】
https://blog.sina.com.cn/s/blog_6943970c0102zp28.html	谢金晶.2024-出运啦【豪记】【FLAC分轨】
https://blog.sina.com.cn/s/blog_6943970c0102zp27.html	NEX7.2018-THEFIRST【乐华娱乐】【FLAC分轨】
https://blog.sina.com.cn/s/blog_6943970c0102zp26.html	群星.2004-笑傲歌坛·黄霑传世经典3CD【环球】【WAV+CUE】
https://blog.sina.com.cn/s/blog_6943970c0102zp25.html	朱俐静.2013-存在的力量【福茂】【FLAC分轨】
https://blog.sina.com.cn/s/blog_6943970c0102zp24.html	许志安.2006-爱音乐三人行3CD【正东】【WAV+CUE】
https://blog.sina.com.cn/s/blog_6943970c0102zp23.html	李慧珍.2006-寻找.李慧珍【华谊兄弟】【WAV+CUE】
https://blog.sina.com.cn/s/blog_6943970c0102zp22.html	吉杰.2013-彝斯科YISCO【远达卓越】【FLAC分轨】
https://blog.sina.com.cn/s/blog_6943970c0102zp21.html	群星.2024-蜀锦人家电视原声带【D-Jin.Music】【FLAC分轨】
https://blog.sina.com.cn/s/blog_6943970c0102zp20.html	腾格尔.2010-梦【天堂文化】【WAV+CUE】
https://blog.sina.com.cn/s/blog_6943970c0102zp1z.html	钟镇涛.1995-痴心爱你（国）【巨石】【WAV+CUE】
https://blog.sina.com.cn/s/blog_6943970c0102zp1y.html	叶柔.2018-我是叶柔【StreetVoice】【FLAC分轨】
https://blog.sina.com.cn/s/blog_6943970c0102zp1x.html	林家谦.2024-隐形色【Terence.Lam.Production】【FLAC分轨】
https://blog.sina.com.cn/s/blog_6943970c0102zp1w.html	范丞丞.2021-咦？【美涛丞星】【FLAC分轨】
https://blog.sina.com.cn/s/blog_6943970c0102zp1v.html	陈百强.2018-深爱着你UPM24K金碟【华纳】【WAV+CUE】
https://blog.sina.com.cn/s/blog_6943970c0102zp1u.html	群星.1996-正版四十八【飞图】【WAV+CUE】
https://blog.sina.com.cn/s/blog_6943970c0102zp1t.html	金瑞瑶.1982-就是这样（喜玛拉雅复刻版）【歌林】【WAV+CUE】
https://blog.sina.com.cn/s/blog_6943970c0102zp1s.html	K.ONE.2003-WE.R.K.ONE【艾回】【FLAC分轨】
https://blog.sina.com.cn/s/blog_6943970c0102zp1r.html	群星.1999-宝丽金99超量级精丫宝丽金】【WAV+CUE】
https://blog.sina.com.cn/s/blog_6943970c0102zp1q.html	巫启贤.1993-等你等到我心痛【EMI百代】【WAV+CUE】
https://blog.sina.com.cn/s/blog_6943970c0102zp1p.html	蒋瑶佳.2016-YOLO【巨果娱乐】【FLAC分轨】
https://blog.sina.com.cn/s/blog_6943970c0102zp1o.html	优客李林.1992-黄丝带【点将】【WAV+CUE】
https://blog.sina.com.cn/s/blog_6943970c0102zp1n.html	李骥.2024-认错2025【华纳】【FLAC分轨】
https://blog.sina.com.cn/s/blog_6943970c0102zp1m.html	邹文正.2011-邹文正【金牌大风】【FLAC分轨】
https://blog.sina.com.cn/s/blog_6943970c0102zp1l.html	群星.2004-闭上眼睛去旅行VOL.3【EMI百代】【WAV+CUE】
https://blog.sina.com.cn/s/blog_6943970c0102zp1k.html	群星.2004-闭上眼睛去旅行VOL.2【EMI百代】【WAV+CUE】
https://blog.sina.com.cn/s/blog_6943970c0102zp1j.html	群星.2003-闭上眼睛去旅行VOL.1【EMI百代】【WAV+CUE】
https://blog.sina.com.cn/s/blog_6943970c0102zp1i.html	许巍.2012-此时此刻【步升大风】【WAV+CUE】
https://blog.sina.com.cn/s/blog_6943970c0102zp1h.html	群星.2024-斗罗大陆之燃魂战电视剧原声带【TME影音】【FLAC分轨】
https://blog.sina.com.cn/s/blog_6943970c0102zp1g.html	施文彬.2001-好听【阿尔发】【WAV+CUE】
https://blog.sina.com.cn/s/blog_6943970c0102zp1f.html	吴青峰.2019-太空人【哈里坤的狂欢】【WAV+CUE】
https://blog.sina.com.cn/s/blog_6943970c0102zp1e.html	回春丹.2022-珍珠走廊（EP）【瓦兹妙赞】【FLAC分轨】
https://blog.sina.com.cn/s/blog_6943970c0102zp1d.html	黄子韬.2024-30s.Club【龙韬娱乐】【FLAC分轨】
https://blog.sina.com.cn/s/blog_6943970c0102zp1c.html	黄奕.2005-第一个夏天【新索】【FLAC分轨】
https://blog.sina.com.cn/s/blog_6943970c0102zp1b.html	陈星.2004-雁南飞【飞乐】【WAV+CUE】
https://blog.sina.com.cn/s/blog_6943970c0102zp1a.html	彭于晏.2010-非爱不可（EP）【爱贝克思】【FLAC分轨】
https://blog.sina.com.cn/s/blog_6943970c0102zp19.html	林忆莲.1988－1990-都市触觉三部曲LPCD1630【华纳】【WAV+CUE】
https://blog.sina.com.cn/s/blog_6943970c0102zp18.html	群星.2020-蜗牛与黄鹂鸟电视剧原声带【天娱传媒】【FLAC分轨】
https://blog.sina.com.cn/s/blog_6943970c0102zp17.html	蔡小虎.2004-思相枝【豪记】【WAV+CUE】
https://blog.sina.com.cn/s/blog_6943970c0102zp16.html	爱戴.2006-万众爱戴【飞乐】【FLAC分轨】
https://blog.sina.com.cn/s/blog_6943970c0102zp15.html	邰正宵.1994-重燃爱恋邰正宵精选辑【福茂】【WAV+CUE】
https://blog.sina.com.cn/s/blog_6943970c0102zp14.html	邰正宵.2024-重燃爱恋2WalkOn【起初娱乐】【WAV+CUE】
https://blog.sina.com.cn/s/blog_6943970c0102zp13.html	邰正宵.2024-重燃爱恋+plus千年如一日【福茂】【FLAC分轨】
https://blog.sina.com.cn/s/blog_6943970c0102zp12.html	严爵.2011-不孤独【相信音乐】【FLAC分轨】
https://blog.sina.com.cn/s/blog_6943970c0102zp11.html	卢冠廷.2013-LowellLo.百代珍藏套裝.ADMS.11CD【EMI百代】【WAV+CU…
https://blog.sina.com.cn/s/blog_6943970c0102zp10.html	群星.2009-我有我的惊叹号【擎天娱乐】【FLAC分轨】
https://blog.sina.com.cn/s/blog_6943970c0102zp0z.html	黄思婷.2009-心路【豪记】【WAV+CUE】
https://blog.sina.com.cn/s/blog_6943970c0102zp0y.html	林依轮.2007-欢乐音雄【共同娱乐】【FLAC分轨】
https://blog.sina.com.cn/s/blog_6943970c0102zp0x.html	群星.2004-情·深·缘2辑6CD【环星】【WAV+CUE】
https://blog.sina.com.cn/s/blog_6943970c0102zp0w.html	陈芬兰.2000-黄金岁月精华珍藏集【凯旋唱片】【WAV+CUE】
https://blog.sina.com.cn/s/blog_6943970c0102zp0v.html	方力申.2005-BEGOOD【金牌大风】【WAV+CUE】
https://blog.sina.com.cn/s/blog_6943970c0102zp0u.html	ASOS.1996-我是女菩萨【波丽嘉音】【FLAC分轨】
https://blog.sina.com.cn/s/blog_6943970c0102zp0t.html	冯允谦.2024-EMO【寰亚】【FLAC分轨】
https://blog.sina.com.cn/s/blog_6943970c0102zp0s.html	群星.2020-我的刺猬女孩电视原声带【简单快乐】【FLAC分轨】
https://blog.sina.com.cn/s/blog_6943970c0102zp0r.html	黄奕儒.2021-青空【相信音乐】【FLAC分轨】
https://blog.sina.com.cn/s/blog_6943970c0102zp0q.html	许廷铿.2017-THE.ULTIMATE.COLLECTION.2CD【星梦娱乐】【WAV+CUE】
https://blog.sina.com.cn/s/blog_6943970c0102zp0p.html	黄仲昆.1985-想想想【综一】【FLAC分轨】
https://blog.sina.com.cn/s/blog_6943970c0102zp0o.html	群星.2005-梁弘志·爱与歌纪念专辑2CD【丰华】【WAV+CUE】
https://blog.sina.com.cn/s/blog_6943970c0102zp0n.html	马条.2024-花园【SONY】【FLAC分轨】
https://blog.sina.com.cn/s/blog_6943970c0102zp0m.html	江蕙.2006-博杯【亚律音乐】【WAV+CUE】
https://blog.sina.com.cn/s/blog_6943970c0102zp0l.html	陈妃平.2000-永远到底有多远【新时代】【FLAC分轨】
https://blog.sina.com.cn/s/blog_6943970c0102zp0k.html	李慧珍.2006-寻找.李慧珍【华谊兄弟】【WAV+CUE】
https://blog.sina.com.cn/s/blog_6943970c0102zp0j.html	天鹅与花朵.2024-月下世界【美丽唱片】【FLAC分轨】
https://blog.sina.com.cn/s/blog_6943970c0102zp0i.html	李霄云.2010-你看到的我是蓝色的【天娱传媒】【FLAC分轨】
https://blog.sina.com.cn/s/blog_6943970c0102zp0h.html	周华健.2007-水浒108（EP）【摆渡人】【WAV+CUE】
https://blog.sina.com.cn/s/blog_6943970c0102zp0g.html	曾心梅.1988-胭脂酒【上格】【FLAC分轨】
https://blog.sina.com.cn/s/blog_6943970c0102zp0f.html	许志安.2001-借你耳朵听新曲+精丫正东】【WAV+CUE】
https://blog.sina.com.cn/s/blog_6943970c0102zp0e.html	群星.2024-黑白森林影视剧原声大碟【SONY】【FLAC分轨】
https://blog.sina.com.cn/s/blog_6943970c0102zp0d.html	余宪忠.2006-慢·慢爱【维京】【FLAC分轨】
https://blog.sina.com.cn/s/blog_6943970c0102zp0c.html	张学友.2000-JACKY.CHEUNG.15.2CD【环球】【WAV+CUE】
https://blog.sina.com.cn/s/blog_6943970c0102zp0b.html	群星.2011-命中注定最犀利影视主题曲大合辑2CD【滚石】【WAV+CUE】
https://blog.sina.com.cn/s/blog_6943970c0102zp0a.html	MP魔幻力量.2015-THE.BEST.OF.MAGIC.POWER【相信音乐】【FLAC分轨…
https://blog.sina.com.cn/s/blog_6943970c0102zp09.html	汪苏泷.2024-十万伏特【大象无形】【FLAC分轨】
https://blog.sina.com.cn/s/blog_6943970c0102zp08.html	江映蓉.2024-Flower.Life（EP）【天娱传媒】【FLAC分轨】
https://blog.sina.com.cn/s/blog_6943970c0102zp07.html	群星.1998-少女标本完全攻略【滚石】【WAV+CUE】
https://blog.sina.com.cn/s/blog_6943970c0102zp06.html	马良.2024-姓马游疆【FLAC分轨】
https://blog.sina.com.cn/s/blog_6943970c0102zp05.html	范晓萱.1996-音乐小魔女（EP）【福茂】【WAV+CUE】
https://blog.sina.com.cn/s/blog_6943970c0102zp04.html	欧豪.2015-ON.HIS.OWN【天娱传媒】【FLAC分轨】
https://blog.sina.com.cn/s/blog_6943970c0102zp03.html	谢金燕.2006-呛声【大旗】【WAV+CUE】
https://blog.sina.com.cn/s/blog_6943970c0102zp02.html	群星.2011-醉后爱上你电视原声带【相信音乐】【FLAC分轨】
https://blog.sina.com.cn/s/blog_6943970c0102zp01.html	符琼音.2010-很久没哭了【擎天娱乐】【FLAC分轨】
https://blog.sina.com.cn/s/blog_6943970c0102zp00.html	刘德华.2000-男人的爱【NEWMELODY】【WAV+CUE】
https://blog.sina.com.cn/s/blog_6943970c0102zozz.html	杨坤.2024-室外桃源【地球娱乐】【FLAC分轨】
https://blog.sina.com.cn/s/blog_6943970c0102zozy.html	群星.2021-扑通扑通喜欢你影视原声带【韶愔音乐】【FLAC分轨】
https://blog.sina.com.cn/s/blog_6943970c0102zozx.html	黄妃.2001-红桃12【魔岩】【WAV+CUE】
https://blog.sina.com.cn/s/blog_6943970c0102zozw.html	李宗盛.2007-理性与感性作品音乐会2CD【相信音乐】【WAV+CUE】
https://blog.sina.com.cn/s/blog_6943970c0102zozv.html	棒棒堂.2009-我是传奇【金牌大风】【FLAC分轨】
https://blog.sina.com.cn/s/blog_6943970c0102zozu.html	群星.2003-简单情歌2男人真幸福（引进版）【滚石】【WAV+CUE】
https://blog.sina.com.cn/s/blog_6943970c0102zozt.html	米志宏.1994-绝对真心【波丽佳音】【WAV+CUE】
https://blog.sina.com.cn/s/blog_6943970c0102zozs.html	徐玮.1985-歌声恋情（2016复刻版）【丰荣】【WAV+CUE】
https://blog.sina.com.cn/s/blog_6943970c0102zozr.html	温岚.1998-第6感【阿尔法】【WAV+CUE】
https://blog.sina.com.cn/s/blog_6943970c0102zozq.html	徐良.2016-请在哔声后留言【大象音乐】【FLAC分轨】
https://blog.sina.com.cn/s/blog_6943970c0102zozp.html	群星.2024-婚内婚外电视剧原声带【聆恩文化】【FLAC分轨】
https://blog.sina.com.cn/s/blog_6943970c0102zozn.html	斯丹曼簇.2023-斯丹曼簇单身记【梦想强音】【FLAC分轨】
https://blog.sina.com.cn/s/blog_6943970c0102zozm.html	陈百强.2013－TRUE.LEGEND.6CD【华纳】【WAV+CUE】
https://blog.sina.com.cn/s/blog_6943970c0102zozl.html	杨宗宪.1997-不倘搁伤我的心【有容唱片】【WAV+CUE】
https://blog.sina.com.cn/s/blog_6943970c0102zozk.html	周国贤.2024-Stitches【Major.Pop.Limited】【FLAC分轨】
https://blog.sina.com.cn/s/blog_6943970c0102zozj.html	群星.1999-音乐纵横四海【星工厂】【FLAC分轨】
https://blog.sina.com.cn/s/blog_6943970c0102zozi.html	谢金燕.1993-你真酷【巨登】【WAV+CUE】
https://blog.sina.com.cn/s/blog_6943970c0102zozh.html	林子祥.2013-小说歌集LPCD45【华纳】【WAV+CUE】
https://blog.sina.com.cn/s/blog_6943970c0102zozg.html	李治廷.2009-今天开始【东亚】【FLAC分轨】
https://blog.sina.com.cn/s/blog_6943970c0102zozf.html	毕书尽.2024-BiiWITHYOU【SONY】【FLAC分轨】
https://blog.sina.com.cn/s/blog_6943970c0102zoze.html	群星.2003-情感万花筒2CD【滚石】【WAV+CUE】
https://blog.sina.com.cn/s/blog_6943970c0102zozd.html	陈凯咏.2023-Hatching（EP）【JACE.WORLD】【FLAC分轨】
https://blog.sina.com.cn/s/blog_6943970c0102zozc.html	林俊杰.2017-伟大的渺芯华纳】【WAV+CUE】
https://blog.sina.com.cn/s/blog_6943970c0102zozb.html	戴爱玲.2023-巴古慕【华纳】【WAV+CUE】
https://blog.sina.com.cn/s/blog_6943970c0102zoza.html	罗中旭.1998-为你自豪【星工晨【FLAC分轨】
https://blog.sina.com.cn/s/blog_6943970c0102zoz9.html	群星.2003-金曲银禧75年纪念4CD【IFPI】【WAV+CUE】
https://blog.sina.com.cn/s/blog_6943970c0102zoz8.html	刘依纯.2014-如果以后不会是朋友【禾广娱乐】【FLAC分轨】
https://blog.sina.com.cn/s/blog_6943970c0102zoz7.html	草蜢.2016-MUSIC.WALKER【寰亚】【WAV+CUE】
https://blog.sina.com.cn/s/blog_6943970c0102zoz6.html	蔡徐坤.2023-现象（EP）【圣臻】【FLAC分轨】
https://blog.sina.com.cn/s/blog_6943970c0102zoz5.html	于台烟.1992-一切都还好【可登】【WAV+CUE】
https://blog.sina.com.cn/s/blog_6943970c0102zoz4.html	周传雄.2024-情人该有的慈悲【华纳】【FLAC分轨】
https://blog.sina.com.cn/s/blog_6943970c0102zoz3.html	群星.2009-环球国语元素【环球】【WAV+CUE】
https://blog.sina.com.cn/s/blog_6943970c0102zoz2.html	林心如.2008-新如主义【擎天娱乐】【FLAC分轨】
https://blog.sina.com.cn/s/blog_6943970c0102zoz1.html	群星.2000-流浪汉（任贤齐X光良X阿牛创作合辑）【滚石】【WAV+CUE…
https://blog.sina.com.cn/s/blog_6943970c0102zoz0.html	白举纲.2015-少年白【天娱传媒】【FLAC分轨】
https://blog.sina.com.cn/s/blog_6943970c0102zoyz.html	周华健.1995-我愿意去等1987-1994欢喜与忧愁的内心创作【滚石】【W…
https://blog.sina.com.cn/s/blog_6943970c0102zoyy.html	南台湾小姑娘.1999-恋爱狂想曲【大旗】【WAV+CUE】
https://blog.sina.com.cn/s/blog_6943970c0102zoyx.html	陈伟霆.2015-等等（EP）【英皇娱乐】【FLAC分轨】
https://blog.sina.com.cn/s/blog_6943970c0102zoyw.html	曾柏钧.2023-活在自己的世界【右脑音乐】【FLAC分轨】
https://blog.sina.com.cn/s/blog_6943970c0102zoyv.html	吕方.2003-真情歌精选32首2CD【华纳】【WAV+CUE】
https://blog.sina.com.cn/s/blog_6943970c0102zoyu.html	群星.2011-真心请按两次铃电视原声带【相信音乐】【FLAC分轨】
https://blog.sina.com.cn/s/blog_6943970c0102zoyt.html	孙燕姿.2014-克卜勒（引进版）【环球】【WAV+CUE】
https://blog.sina.com.cn/s/blog_6943970c0102zoys.html	厉娜.2007-厉娜【天娱传媒】【FLAC分轨】
https://blog.sina.com.cn/s/blog_6943970c0102zoyr.html	轮回乐队.1995-创造【鸿钛文化】【WAV+CUE】
https://blog.sina.com.cn/s/blog_6943970c0102zoyq.html	至上励合.2008-降临（EP）【天娱传媒】【FLAC分轨】
https://blog.sina.com.cn/s/blog_6943970c0102zoyp.html	群星.2023-西出玉门音乐原声带【完美青春】【FLAC分轨】
https://blog.sina.com.cn/s/blog_6943970c0102zoyo.html	郭凌霞.2003-穿过海的声音【EMI百代】【FLAC分轨】
https://blog.sina.com.cn/s/blog_6943970c0102zoyn.html	江美琪.2017-亲爱的世界【SONY】【WAV+CUE】
https://blog.sina.com.cn/s/blog_6943970c0102zoym.html	胡鸿钧.2023-在幕（Moods）【SONY】【FLAC分轨】
https://blog.sina.com.cn/s/blog_6943970c0102zoyl.html	刘家昌.1997-原创金曲2CD（南方金点系列）【南方】【WAV+CUE】
https://blog.sina.com.cn/s/blog_6943970c0102zoyk.html	群星.1989-宝丽金好歌ENCORE国语歌【宝丽金】【WAV+CUE】
https://blog.sina.com.cn/s/blog_6943970c0102zoyj.html	苏慧伦.1997-傻瓜【滚石】【WAV+CUE】
https://blog.sina.com.cn/s/blog_6943970c0102zoyi.html	钟舒漫.2008-THUNDR.PARTY【英皇娱乐】【FLAC分轨】
https://blog.sina.com.cn/s/blog_6943970c0102zoyh.html	向蕙玲.2004-我爱的人不是爱我的人【大信】【WAV+CUE】
https://blog.sina.com.cn/s/blog_6943970c0102zoyg.html	柯泯薰.2024-好好的【亚神音乐】【FLAC分轨】
https://blog.sina.com.cn/s/blog_6943970c0102zoyf.html	群星.2000-难忘半生缘香港乐坛40年6CD【环球】【WAV+CUE】
https://blog.sina.com.cn/s/blog_6943970c0102zoye.html	许飞.2024-无钟表群岛【StreetVoice】【FLAC分轨】
https://blog.sina.com.cn/s/blog_6943970c0102zoyd.html	陈小春.1998-爱妻号2CD【BMG】【WAV+CUE】
https://blog.sina.com.cn/s/blog_6943970c0102zoyc.html	薛凯琪.2011-AUGUST.GIRL【华纳】【WAV+CUE】
https://blog.sina.com.cn/s/blog_6943970c0102zoyb.html	古巨基.1998-爱与梦飞行【艺能动音】【WAV+CUE】
https://blog.sina.com.cn/s/blog_6943970c0102zoya.html	卫兰.2014-E11【东亚唱片】【WAV+CUE】
https://blog.sina.com.cn/s/blog_6943970c0102zoy9.html	黄子弘凡.2024-除了快乐禁止入内【SONY】【FLAC分轨】
https://blog.sina.com.cn/s/blog_6943970c0102zoy8.html	群星.1989－1991-华纳金曲国语原装13首2辑【华纳】【WAV+CUE】
https://blog.sina.com.cn/s/blog_6943970c0102zoy7.html	群星.2000-华纳天碟20002CD【华纳】【WAV+CUE】
https://blog.sina.com.cn/s/blog_6943970c0102zoy6.html	陈淑萍.2020-人生一转眼【豪记】【WAV+CUE】
https://blog.sina.com.cn/s/blog_6943970c0102zoy5.html	童安格.1996-收留【点将】【WAV+CUE】
https://blog.sina.com.cn/s/blog_6943970c0102zoy4.html	王一博.2023-旁观者（EP）【乐华圆娱】【FLAC分轨】
https://blog.sina.com.cn/s/blog_6943970c0102zoy3.html	郑伊健.1994-THEBESTSHOW豪华版2CD【BMG】【WAV+CUE】
https://blog.sina.com.cn/s/blog_6943970c0102zoy2.html	方皓玟.2011-方皓玟新曲+精丫东亚】【WAV+CUE】
https://blog.sina.com.cn/s/blog_6943970c0102zoy1.html	周震南.2023-F.F.F【哇唧唧哇】【FLAC分轨】
https://blog.sina.com.cn/s/blog_6943970c0102zoy0.html	吴佩慈.2005-LOOK.AT.ME（引进版）【全员集合】【WAV+CUE】
https://blog.sina.com.cn/s/blog_6943970c0102zoxz.html	艾敬.1992-我的1997（日版）【大地唱片】【WAV+CUE】
https://blog.sina.com.cn/s/blog_6943970c0102zoxy.html	刘忻.2012-我是你的女朋友【天娱传媒】【FLAC分轨】
https://blog.sina.com.cn/s/blog_6943970c0102zoxx.html	向蕙玲.2003-爱你的记号【大信】【WAV+CUE】
https://blog.sina.com.cn/s/blog_6943970c0102zoxw.html	张杰.2024-要得【行星文化】【FLAC分轨】
https://blog.sina.com.cn/s/blog_6943970c0102zoxv.html	陈志朋.1996-最爱（引进版）【正东】【WAV+CUE】
https://blog.sina.com.cn/s/blog_6943970c0102zoxu.html	焦迈奇.2023-泳池清澈见底【有此山文化】【FLAC分轨】
https://blog.sina.com.cn/s/blog_6943970c0102zoxt.html	群星.2024-我是刑警电视原声带【韶愔音乐】【FLAC分轨】
https://blog.sina.com.cn/s/blog_6943970c0102zoxs.html	刘明湘.2024-Rain（EP）【光影岁月文化】【FLAC分轨】
https://blog.sina.com.cn/s/blog_6943970c0102zoxr.html	薛之谦.2024-守村人【潮石音乐】【FLAC分轨】
https://blog.sina.com.cn/s/blog_6943970c0102zoxq.html	张南雁.1986-各走一方（2006永恒复黑版）【永恒】【WAV+CUE】
https://blog.sina.com.cn/s/blog_6943970c0102zoxp.html	蔡可荔.2005-烧滚滚福建金曲2CD（南方金点系列）【南方】【WAV+CUE…
https://blog.sina.com.cn/s/blog_6943970c0102zoxo.html	群星.2009-都是爱情惹的祸·林敏聪经典作品50选3CD【环球】【WAV+CU…
https://blog.sina.com.cn/s/blog_6943970c0102zoxn.html	黄宣.2018-都市病（EP）【华纳】【FLAC分轨】
https://blog.sina.com.cn/s/blog_6943970c0102zoxm.html	黎明.1999-爱得太傻48首精选2CD【环球】【WAV+CUE】
https://blog.sina.com.cn/s/blog_6943970c0102zoxl.html	陈婧霏.2024-猩红【有此山文化】【FLAC分轨】
https://blog.sina.com.cn/s/blog_6943970c0102zoxk.html	陈小云.2000-苦恋梦【吉马】【WAV+CUE】
https://blog.sina.com.cn/s/blog_6943970c0102zoxj.html	柳应廷.2024-I.Am.the.I【大国文化】【FLAC分轨】
https://blog.sina.com.cn/s/blog_6943970c0102zoxh.html	任贤齐.2000-小雪2000年广告主题曲（EP）【滚石】【WAV+CUE】
https://blog.sina.com.cn/s/blog_6943970c0102zoxg.html	张秀卿.1993-车站【歌林】【WAV+CUE】
https://blog.sina.com.cn/s/blog_6943970c0102zoxf.html	欧巴尚青.2024-尚青的浪漫【福茂】【FLAC分轨】
https://blog.sina.com.cn/s/blog_6943970c0102zoxe.html	周俊伟.1999-了不起【BMG】【WAV+CUE】
https://blog.sina.com.cn/s/blog_6943970c0102zoxd.html	张咪.2005-Beautiful【东方影音】【FLAC分轨】
https://blog.sina.com.cn/s/blog_6943970c0102zoxc.html	杨采妮.1995-神话新曲+精丫EMI百代】【WAV+CUE】
https://blog.sina.com.cn/s/blog_6943970c0102zoxb.html	群星.2023-莲花楼电视剧原声带【唐乐心文化】【FLAC分轨】
https://blog.sina.com.cn/s/blog_6943970c0102zoxa.html	方大同.2016-JTW西游记2CD【赋音乐】【WAV+CUE】
https://blog.sina.com.cn/s/blog_6943970c0102zox9.html	张云雷.2023-歌者【忱准工作室】【FLAC分轨】
https://blog.sina.com.cn/s/blog_6943970c0102zox8.html	朱桦.1997-如此专心【正大国际】【WAV+CUE】
https://blog.sina.com.cn/s/blog_6943970c0102zox7.html	群星.1997-二王二后超级精丫上华】【WAV+CUE】
https://blog.sina.com.cn/s/blog_6943970c0102zox6.html	向蕙玲.2008-风尘花【大棠】【WAV+CUE】
https://blog.sina.com.cn/s/blog_6943970c0102zox5.html	群星.2024-西北岁月电视剧原声带【奔跑怪物】【FLAC分轨】
https://blog.sina.com.cn/s/blog_6943970c0102zox4.html	徐小凤.2017-徐小凤UPM24K金碟【SONY】【WAV+CUE】
https://blog.sina.com.cn/s/blog_6943970c0102zox3.html	翁立友.2011-恋恋情歌2CD【豪记】【WAV+CUE】
https://blog.sina.com.cn/s/blog_6943970c0102zox2.html	龚琳娜.2024-龚琳娜唱元曲【龚锣文化】【FLAC分轨】
https://blog.sina.com.cn/s/blog_6943970c0102zox1.html	吴佩慈.1998-All.My.Pace【滚石】【WAV+CUE】
https://blog.sina.com.cn/s/blog_6943970c0102zox0.html	群星.2001-好国语正丫正东】【WAV+CUE】
https://blog.sina.com.cn/s/blog_6943970c0102zowz.html	王韵壹.2024-诗·韵上下篇【摩登天空】【FLAC分轨】
https://blog.sina.com.cn/s/blog_6943970c0102zowy.html	秦海璐.2007-单行线【华纳】【WAV+CUE】
https://blog.sina.com.cn/s/blog_6943970c0102zowx.html	张靓颖.2006-JANE·梦想（EP）【华谊兄弟】【WAV+CUE】
https://blog.sina.com.cn/s/blog_6943970c0102zoww.html	群星.1998-少女标本完全攻略【滚石】【WAV+CUE】
https://blog.sina.com.cn/s/blog_6943970c0102zowv.html	紫薇.2006-风华再现经典珍藏版2CD【环球【WAV+CUE】】
https://blog.sina.com.cn/s/blog_6943970c0102zowu.html	杨宗宪.1997-不倘搁伤我的心【有容唱片】【WAV+CUE】
https://blog.sina.com.cn/s/blog_6943970c0102zows.html	肖战.2024-我们【FLAC分轨】
https://blog.sina.com.cn/s/blog_6943970c0102zowr.html	群星.2005-艺伎回忆录电影原声大碟【SONY】【WAV+CUE】
https://blog.sina.com.cn/s/blog_6943970c0102zowq.html	归亚蕾.1982-你的影子（LP版）【东尼机构】【WAV+CUE】
https://blog.sina.com.cn/s/blog_6943970c0102zowp.html	王杰.1999-铁汉柔情超级精选2CD【华纳】【WAV+CUE】
https://blog.sina.com.cn/s/blog_6943970c0102zowo.html	张震岳.2013-我是海雅谷慕【滚石】【WAV+CUE】
https://blog.sina.com.cn/s/blog_6943970c0102zown.html	黄妃.2024-十八般武艺【米乐士娱乐】【FLAC分轨】
https://blog.sina.com.cn/s/blog_6943970c0102zowl.html	欧阳菲菲.2006-旷世精选2CD【乡城】【WAV+CUE】
https://blog.sina.com.cn/s/blog_6943970c0102zowk.html	娃娃.2000-想念·最完整精选全纪录2CD【滚石】【WAV+CUE】
https://blog.sina.com.cn/s/blog_6943970c0102zowj.html	甄妮.2012-甄赏集·甄妮经典金曲全记录4CD【SONY】【WAV+CUE】
https://blog.sina.com.cn/s/blog_6943970c0102zowi.html	周兴哲.2024-几乎是爱情【SONY】【FLAC分轨】
https://blog.sina.com.cn/s/blog_6943970c0102zowh.html	群星.1984－1986-皇牌金曲宝丽金2辑【宝丽金】【WAV+CUE】
https://blog.sina.com.cn/s/blog_6943970c0102zowg.html	郭家玮.2024-郭家玮个人首张创作EP【杰思国际】【FLAC分轨】
https://blog.sina.com.cn/s/blog_6943970c0102zowf.html	陈盈洁.1998-洁声挚爱精选辑【金瓜石】【WAV+CUE】
https://blog.sina.com.cn/s/blog_6943970c0102zowe.html	群星.1992-宝丽金最新超白金精选（引进版）【宝丽金】【WAV+CUE】
https://blog.sina.com.cn/s/blog_6943970c0102zowd.html	周慧敏.2024-起承转结周慧敏精选集4CD【环球】【FLAC分轨】
https://blog.sina.com.cn/s/blog_6943970c0102zowc.html	群星.2009-都是爱情惹的祸·林敏聪经典作品50选3CD【环球】【WAV+CU…
https://blog.sina.com.cn/s/blog_6943970c0102zowb.html	潘美辰.1992-失去了你我什么都没有【蓝与白】【WAV+CUE】
https://blog.sina.com.cn/s/blog_6943970c0102zowa.html	吴克群.2000-一个人的TOMORROW【维京】【WAV+CUE】
https://blog.sina.com.cn/s/blog_6943970c0102zow9.html	赵雷.2024-没有信号LIVE【StreetVoice】【FLAC分轨】
https://blog.sina.com.cn/s/blog_6943970c0102zow8.html	群星.2002-滚石新歌总动员（引进版）【滚石】【WAV+CUE】
https://blog.sina.com.cn/s/blog_6943970c0102zow7.html	白皮书乐队.2024-我不高兴【太合乐人】【FLAC分轨】
https://blog.sina.com.cn/s/blog_6943970c0102zow6.html	冯德伦.2000-4GREENHOPES（EP）【发记】【WAV+CUE】
https://blog.sina.com.cn/s/blog_6943970c0102zow5.html	群星.2009-环球国语元素【环球】【WAV+CUE】
https://blog.sina.com.cn/s/blog_6943970c0102zow4.html	于台烟.1992-一切都还好【可登】【WAV+CUE】
https://blog.sina.com.cn/s/blog_6943970c0102zow2.html	达明一派.1998-二人前精选2CD（2022环球复刻版）【宝丽金】【WAV+C…
https://blog.sina.com.cn/s/blog_6943970c0102zow1.html	沈雁.2005-在这里认识沈雁2CD【歌林】【WAV+CUE】
https://blog.sina.com.cn/s/blog_6943970c0102zow0.html	太一.2024-全无敌【鲸鱼向海】【FLAC分轨】
https://blog.sina.com.cn/s/blog_6943970c0102zovz.html	群星.2004-宣言·2004亚洲杯歌曲合辑【步升】【WAV+CUE】
https://blog.sina.com.cn/s/blog_6943970c0102zovy.html	梁咏琪.2003-高妹梁咏琪FUNNY.FACE演唱会2CD【EEI】【WAV+CUE】
https://blog.sina.com.cn/s/blog_6943970c0102zovx.html	陈小霞.1993-化妆师【EMI百代】【WAV+CUE】
https://blog.sina.com.cn/s/blog_6943970c0102zovw.html	薛之谦.2024-守村人【潮石音乐】【FLAC分轨】
https://blog.sina.com.cn/s/blog_6943970c0102zovv.html	群星.2000-华纳天碟20002CD【华纳】【WAV+CUE】
https://blog.sina.com.cn/s/blog_6943970c0102zovu.html	孙燕姿.2014-克卜勒（引进版）【环球】【WAV+CUE】
https://blog.sina.com.cn/s/blog_6943970c0102zovt.html	童安格.1996-收留【点将】【WAV+CUE】
https://blog.sina.com.cn/s/blog_6943970c0102zovs.html	群星.2023-西出玉门音乐原声带【完美青春】【FLAC分轨】
https://blog.sina.com.cn/s/blog_6943970c0102zovr.html	蔡可荔.2005-烧滚滚福建金曲（南方金点系列）2CD【南方】【WAV+CUE…
https://blog.sina.com.cn/s/blog_6943970c0102zovq.html	柯泯薰.2024-好好的【亚神音乐】【FLAC分轨】
https://blog.sina.com.cn/s/blog_6943970c0102zovp.html	容祖儿.2002-一个人的情歌（国专）【英皇娱乐】【WAV+CUE】
https://blog.sina.com.cn/s/blog_6943970c0102zovo.html	群星.1994-重庆森林电影原声大碟（日版）【新艺宝】【WAV+CUE】
https://blog.sina.com.cn/s/blog_6943970c0102zovn.html	曾轶可.2024-Arrogance【虚拟她】【FLAC分轨】
https://blog.sina.com.cn/s/blog_6943970c0102zovm.html	群星.1995-星光依然灿烂【白天鹅】【WAV+CUE】
https://blog.sina.com.cn/s/blog_6943970c0102zovl.html	林忆莲.2005-盛放忆莲BLOSSOM.SANDY.LAM.3CD【SONY】【WAV+CUE】
https://blog.sina.com.cn/s/blog_6943970c0102zovk.html	卓玉.1994-中国少年【飞碟】【WAV+CUE】
https://blog.sina.com.cn/s/blog_6943970c0102zovj.html	萧敬腾.2008-萧敬腾影音限定版2CD【华纳】【WAV+CUE】
https://blog.sina.com.cn/s/blog_6943970c0102zovi.html	阿兰.2009-心的东方【艾回】【WAV+CUE】
https://blog.sina.com.cn/s/blog_6943970c0102zovh.html	洪卓立.2016-零点一世纪新曲+精选2CD【英皇娱乐】【WAV+CUE】
https://blog.sina.com.cn/s/blog_6943970c0102zovg.html	前男友.2024-文华北路的维也纳依旧FANTASY【太声文化】【FLAC分轨…
https://blog.sina.com.cn/s/blog_6943970c0102zovf.html	群星.1996-男人蜜语【EMI百代】【WAV+CUE】
https://blog.sina.com.cn/s/blog_6943970c0102zove.html	魏如萱.2019-藏着并不等于遗忘【SONY】【WAV+CUE】
https://blog.sina.com.cn/s/blog_6943970c0102zovd.html	吴业坤.2017-KWANGOR.LIVE.IN.HONG.KONG.2CD【星娱乐】【FLAC分轨…
https://blog.sina.com.cn/s/blog_6943970c0102zovc.html	田震.2005-38.5°C【21东方文化】【WAV+CUE】
https://blog.sina.com.cn/s/blog_6943970c0102zovb.html	曾庆瑜.1986-我不哭（LP版）【飞图】【WAV+CUE】
https://blog.sina.com.cn/s/blog_6943970c0102zova.html	陈奕迅.2002-SPECIAL.THANKE.TO...（国）【英皇娱乐】【WAV+CUE】
https://blog.sina.com.cn/s/blog_6943970c0102zov9.html	郑希怡.2003-舞舞舞（EP）【英皇娱乐】【FLAC分轨】
https://blog.sina.com.cn/s/blog_6943970c0102zov8.html	王杰.2006-别了疯子（引进版）【英皇娱乐】【WAV+CUE】
https://blog.sina.com.cn/s/blog_6943970c0102zov7.html	紫薇.2006-风华再现经典珍藏版2CD春雷【环球】【WAV+CUE】
https://blog.sina.com.cn/s/blog_6943970c0102zov6.html	陈德修.2024-适者生存【StreetVoice】【FLAC分轨】
https://blog.sina.com.cn/s/blog_6943970c0102zov5.html	周深.2017-周深的深【海堞】【WAV+CUE】
https://blog.sina.com.cn/s/blog_6943970c0102zov4.html	归亚蕾.1982-你的影子（LP版）【东尼机构】【WAV+CUE】
https://blog.sina.com.cn/s/blog_6943970c0102zov3.html	范晓萱.1999-我要我们在一起【福茂】【WAV+CUE】
https://blog.sina.com.cn/s/blog_6943970c0102zov2.html	伍佰.1998-树枝孤鸟【魔岩】【WAV+CUE】
https://blog.sina.com.cn/s/blog_6943970c0102zov1.html	群星.2005-艺伎回忆录电影原声大碟【SONY】【WAV+CUE】
https://blog.sina.com.cn/s/blog_6943970c0102zov0.html	梁文福.1991-笑说城事（梁文福叙议作品1987-1990）【冠和】【WAV+C…
https://blog.sina.com.cn/s/blog_6943970c0102zouz.html	群星.1998-声东集西福茂年度精选双声带【福茂】【WAV+CUE】
https://blog.sina.com.cn/s/blog_6943970c0102zouy.html	张蓉蓉.2005-夜总会【豪记】【WAV+CUE】
https://blog.sina.com.cn/s/blog_6943970c0102zoux.html	刘德华.1990-再会了【宝艺星】【WAV+CUE】
https://blog.sina.com.cn/s/blog_6943970c0102zouw.html	王艺翔.2024-走走停停【乐人】【FLAC分轨】
https://blog.sina.com.cn/s/blog_6943970c0102zouv.html	区瑞强.1998－2000-民歌味道4辑【银星】【WAV+CUE】
https://blog.sina.com.cn/s/blog_6943970c0102zouu.html	方瑞娥.1991-迷茫的情【歌林】【WAV+CUE】
https://blog.sina.com.cn/s/blog_6943970c0102zout.html	潘丽丽.1993-春雨【宝丽金】【WAV+CUE】
https://blog.sina.com.cn/s/blog_6943970c0102zour.html	吴晓天.2024-自言自语【华纳】【FLAC分轨】
https://blog.sina.com.cn/s/blog_6943970c0102zous.html	薛凯琪.2014-TONIGHT【WAV+CUE】
https://blog.sina.com.cn/s/blog_6943970c0102zouq.html	杭宏.1988-劲舞皇后（LP版）【旅游声像】【WAV+CUE】
https://blog.sina.com.cn/s/blog_6943970c0102zoup.html	闪亮三姐妹.2004-快来快来约我【华特国际】【WAV+CUE】
https://blog.sina.com.cn/s/blog_6943970c0102zouo.html	黄霄雲.2024-没语季节【华纳】【FLAC分轨】
https://blog.sina.com.cn/s/blog_6943970c0102zoun.html	胡彦斌.2003-文武双全.升级版【步升】【WAV+CUE】
https://blog.sina.com.cn/s/blog_6943970c0102zoum.html	万妮达.2024-七号种子【SONY】【FLAC分轨】
https://blog.sina.com.cn/s/blog_6943970c0102zoul.html	五月天.2016-自传【相信音乐】【WAV+CUE】
https://blog.sina.com.cn/s/blog_6943970c0102zouk.html	群星.1986-歌林之星精华集1【歌林】【WAV+CUE】
https://blog.sina.com.cn/s/blog_6943970c0102zouj.html	张小英.1995-旧情绵绵5CD【南方】【WAV+CUE】
https://blog.sina.com.cn/s/blog_6943970c0102zoui.html	孟慧圆.2024-人生颁奖典礼【心喜文化】【FLAC分轨】
https://blog.sina.com.cn/s/blog_6943970c0102zouh.html	群星.2024-叔不知网剧原声带【大笨钟】【FLAC分轨】
https://blog.sina.com.cn/s/blog_6943970c0102zoug.html	群星.1990-宝丽金听歌学卡拉OK5CD【宝丽金】【WAV+CUE】
https://blog.sina.com.cn/s/blog_6943970c0102zouf.html	黄思婷.2002-感动【上豪】【WAV+CUE】
https://blog.sina.com.cn/s/blog_6943970c0102zoue.html	邓丽君.2024-82吉隆坡金马夜总会歌唱秀【万金唱片】【WAV+CUE】
https://blog.sina.com.cn/s/blog_6943970c0102zoud.html	水木年华.2024-所以少年人【响豆文化】【FLAC分轨】
https://blog.sina.com.cn/s/blog_6943970c0102zouc.html	许冠杰谭咏麟.2017-阿SAM和阿TAM101系列6CD【环球】【WAV+CUE】
https://blog.sina.com.cn/s/blog_6943970c0102zoub.html	张惠妹.2009-阿密特（感官升级版）【金牌大风】【WAV+CUE】
https://blog.sina.com.cn/s/blog_6943970c0102zoua.html	潘越云.1989-我是不是你最疼爱的人【百佳唱片NO.87】【滚石】【WAV…
https://blog.sina.com.cn/s/blog_6943970c0102zou9.html	陈雷.2003-酒国恋歌【金圆唱片】【WAV+CUE】
https://blog.sina.com.cn/s/blog_6943970c0102zou8.html	群星.1997-七月一日生【上华】【WAV+CUE】
https://blog.sina.com.cn/s/blog_6943970c0102zou7.html	许茹芸.2011-好歌如芸·许茹芸精选3CD【环球】【WAV+CUE】
https://blog.sina.com.cn/s/blog_6943970c0102zou6.html	谢可寅.2024-Flamingo【华纳】【FLAC分轨】
https://blog.sina.com.cn/s/blog_6943970c0102zou5.html	田希仁.1990-此情此世【旭声文化】【WAV+CUE】
https://blog.sina.com.cn/s/blog_6943970c0102zou4.html	叶启田.2002-最佳精选专辑2CD【乡城】【WAV+CUE】
https://blog.sina.com.cn/s/blog_6943970c0102zou3.html	刘德华.1993-永远爱你·国粤语抒情精选2CD【宝艺星】【WAV+CUE】
https://blog.sina.com.cn/s/blog_6943970c0102zou2.html	群星.2024-阿荣与阿玉戏剧原声带【福茂】【FLAC分轨】
https://blog.sina.com.cn/s/blog_6943970c0102zou1.html	林慧萍.1986-流行金曲2CD【歌林】【WAV+CUE】
https://blog.sina.com.cn/s/blog_6943970c0102zou0.html	林忆莲.2002-属于我的林忆莲2CD【维京】【WAV+CUE】
https://blog.sina.com.cn/s/blog_6943970c0102zotz.html	张敬轩王菀之.2017-THE.WHIMSICAL.VOYAGE（EP）【寰亚】【WAV+CUE…
https://blog.sina.com.cn/s/blog_6943970c0102zoty.html	陈柏宇.2024-LIFE.IS.HARD【SONY】【FLAC分轨】
https://blog.sina.com.cn/s/blog_6943970c0102zotx.html	群星.1999-千禧影视名作原声实录2辑【宝丽金】【WAV+CUE】
https://blog.sina.com.cn/s/blog_6943970c0102zotw.html	钟一宪麦贝夷.2011-勾手指尾（EP）【大名娱乐】【WAV+CUE】
https://blog.sina.com.cn/s/blog_6943970c0102zotv.html	TWINS.2003-EVOLUTION进化论【英皇娱乐】【WAV+CUE】
https://blog.sina.com.cn/s/blog_6943970c0102zotu.html	许巍.2005-珍藏许巍1995-2000作品全集2CD【太合麦田】【WAV+CUE】
https://blog.sina.com.cn/s/blog_6943970c0102zott.html	Bazzo.2000-热带舞林霸主【滚石】【WAV+CUE】
https://blog.sina.com.cn/s/blog_6943970c0102zots.html	裘海正.1994-爱你十分泪七分【上华】【WAV+CUE】
https://blog.sina.com.cn/s/blog_6943970c0102zotr.html	群星.2024-明日有晴天电视剧原声带【光羽】【FLAC分轨】
https://blog.sina.com.cn/s/blog_6943970c0102zotq.html	张震岳.2001-ORANGE1+2【魔岩】【WAV+CUE】
https://blog.sina.com.cn/s/blog_6943970c0102zotp.html	群星.1993-青蛇电影原声大碟（引进版）【滚石】【WAV+CUE】
https://blog.sina.com.cn/s/blog_6943970c0102zoto.html	群星.1996-金枝玉叶2电影原声大碟【滚石】【WAV+CUE】
https://blog.sina.com.cn/s/blog_6943970c0102zotn.html	群星.1994-金枝玉叶电影原声带【滚石】【WAV+CUE】
https://blog.sina.com.cn/s/blog_6943970c0102zotm.html	郑秀文.2013-True.Legend.6CD【华纳】【WAV+CUE】
https://blog.sina.com.cn/s/blog_6943970c0102zotl.html	罗琦.1994-选择坚强【嘉音】【WAV+CUE】
https://blog.sina.com.cn/s/blog_6943970c0102zotk.html	罗文.1988-尘缘（2013华星40金碟复刻版）【华星】【WAV+CUE】
https://blog.sina.com.cn/s/blog_6943970c0102zotj.html	群星.1998-唱作人【滚石】【WAV+CUE】
https://blog.sina.com.cn/s/blog_6943970c0102zoti.html	王子鸣.2001-住在秋天【SONY】【WAV+CUE】
https://blog.sina.com.cn/s/blog_6943970c0102zoth.html	任家萱.2021-往美的路我要自己作主（EP）【好有感觉音乐】【FLAC分…
https://blog.sina.com.cn/s/blog_6943970c0102zotg.html	江明学.1992-歌【爱乐族】【WAV+CUE】
https://blog.sina.com.cn/s/blog_6943970c0102zotf.html	庄达菲.2024-东张西望（EP）【创娱无界】【FLAC分轨】
https://blog.sina.com.cn/s/blog_6943970c0102zote.html	群星.2013-对对碰3CD【华纳】【WAV+CUE】
https://blog.sina.com.cn/s/blog_6943970c0102zotd.html	潘越云.1992-最留恋的10年原声剧情片【滚石】【WAV+CUE】
https://blog.sina.com.cn/s/blog_6943970c0102zotc.html	潘越云.1992-最心疼的10年情歌蒐藏盒【滚石】【WAV+CUE】
https://blog.sina.com.cn/s/blog_6943970c0102zotb.html	群星.1996-玫瑰花与朱古力·延续篇【新艺宝】【WAV+CUE】
https://blog.sina.com.cn/s/blog_6943970c0102zota.html	ECHO.1989-ECHO（战场）【丰艺】【WAV+CUE】
https://blog.sina.com.cn/s/blog_6943970c0102zot9.html	纪宏仁.1986-舞夜电话（LP版）【滚石】【WAV+CUE】
https://blog.sina.com.cn/s/blog_6943970c0102zot8.html	黄龄.2015-龄（EP）【和韵文化】【WAV+CUE】
https://blog.sina.com.cn/s/blog_6943970c0102zot7.html	群星.2000-12夜12首【华星】【WAV+CUE】
https://blog.sina.com.cn/s/blog_6943970c0102zot6.html	林俊杰.2013-因你而在（梦想10献庆功映画版）【华纳】【WAV+CUE】
https://blog.sina.com.cn/s/blog_6943970c0102zot5.html	黄立行.2004-黑的意念【维京百代】【WAV+CUE】
https://blog.sina.com.cn/s/blog_6943970c0102zot4.html	垮棚克.2021-缓慢沉默【FLAC分轨】
https://blog.sina.com.cn/s/blog_6943970c0102zot3.html	韩宝仪.2010-精选集3CD【EQMUSIC】【WAV+CUE】
https://blog.sina.com.cn/s/blog_6943970c0102zot2.html	于贞.2023-造梦日记【Oxygen】【FLAC分轨】
https://blog.sina.com.cn/s/blog_6943970c0102zot1.html	群星.2003-爱程集LOVE.JOURNEY.2CD【SONY】【WAV+CUE】
https://blog.sina.com.cn/s/blog_6943970c0102zot0.html	方文琳.1988-泡沫恋情（2012梦田复刻版）【飞鹰】【WAV+CUE】
https://blog.sina.com.cn/s/blog_6943970c0102zosz.html	郑敬基.1991-香港最后探戈【BMG】【WAV+CUE】
https://blog.sina.com.cn/s/blog_6943970c0102zosy.html	梅艳芳.1984-飞越舞台（2005DSD复刻版）【华星】【WAV+CUE】
https://blog.sina.com.cn/s/blog_6943970c0102zosx.html	陈忆文.1987-午夜香吻（TP引进版）【皇星全音】【WAV+CUE】
https://blog.sina.com.cn/s/blog_6943970c0102zosw.html	李杰.1996-表情【表情文化】【WAV+CUE】
https://blog.sina.com.cn/s/blog_6943970c0102zosv.html	关心妍.2021-EMERGENCE（EP）【SONY】【FLAC分轨】
https://blog.sina.com.cn/s/blog_6943970c0102zosu.html	张明敏.1995-我们青年人【全艺制作】【WAV+CUE】
https://blog.sina.com.cn/s/blog_6943970c0102zost.html	左戎.1996-盼【飞碟】【WAV+CUE】
https://blog.sina.com.cn/s/blog_6943970c0102zosr.html	群星.2023-SALUTE歌神许冠杰MQA限量版【新世纪】【WAV+CUE】
https://blog.sina.com.cn/s/blog_6943970c0102zosq.html	S.H.E.2012-花又开好了【华研】【WAV+CUE】
https://blog.sina.com.cn/s/blog_6943970c0102zosp.html	林志炫.2023-时光音乐会【金蜂】【WAV+CUE】
https://blog.sina.com.cn/s/blog_6943970c0102zoso.html	蔡义德.2008-生命的情歌【大旗】【WAV+CUE】
https://blog.sina.com.cn/s/blog_6943970c0102zosn.html	钟镇涛.2012-最好的原来是最简单的【GOODDAY】【WAV+CUE】
https://blog.sina.com.cn/s/blog_6943970c0102zosm.html	群星.2001-音乐词典2CD【正东】【WAV+CUE】
https://blog.sina.com.cn/s/blog_6943970c0102zosl.html	何嘉丽.1990-回望【BMG】【WAV+CUE】
https://blog.sina.com.cn/s/blog_6943970c0102zosk.html	徐佳莹.2013-继续理想人生演唱会实况录音2CD（引进版）【亚神】【W…
https://blog.sina.com.cn/s/blog_6943970c0102zosj.html	陈雷.1999-全雷打！超级精选2CD【金圆唱片】【WAV+CUE】
https://blog.sina.com.cn/s/blog_6943970c0102zosi.html	群星.2024-长相思有声剧原声带【慧芒文化】【FLAC分轨】
https://blog.sina.com.cn/s/blog_6943970c0102zosh.html	林子祥.2014-38年音乐习作3CD【环球】【WAV+CUE】
https://blog.sina.com.cn/s/blog_6943970c0102zosg.html	S.H.E.2009-爱的3温暖（EP）【华研国际】【WAV+CUE】
https://blog.sina.com.cn/s/blog_6943970c0102zosf.html	群星.1981-齐唱45（2015环球复刻版）【宝丽金】【WAV+CUE】
https://blog.sina.com.cn/s/blog_6943970c0102zose.html	刘小慧.1993-一天四十八小时新曲精丫宝丽金】【WAV+CUE】
https://blog.sina.com.cn/s/blog_6943970c0102zosd.html	姜育恒.1993-别让我一个人醉【飞碟】【WAV+CUE】
https://blog.sina.com.cn/s/blog_6943970c0102zosc.html	群星.1988-兴来男女大对唱2CD【兴来】【WAV+CUE】
https://blog.sina.com.cn/s/blog_6943970c0102zosb.html	冯德伦.1999-爱不够【福茂】【WAV+CUE】
https://blog.sina.com.cn/s/blog_6943970c0102zosa.html	戴佩妮.2024-双生火焰【妮乐佛创意】【FLAC分轨】
https://blog.sina.com.cn/s/blog_6943970c0102zos9.html	黄韵玲.1988-精选辑2辑【滚石】【WAV+CUE】
https://blog.sina.com.cn/s/blog_6943970c0102zos8.html	徐小凤.2005-徐小凤的故事2CD【环球】【WAV+CUE】
https://blog.sina.com.cn/s/blog_6943970c0102zos7.html	陈宝珠.2003-珠光宝气【EMI百代】【WAV+CUE】
https://blog.sina.com.cn/s/blog_6943970c0102zos6.html	群星.1996-联系乐与乐【宝丽金】【WAV+CUE】
https://blog.sina.com.cn/s/blog_6943970c0102zos5.html	秀兰玛雅.2002-NEVERLOVEAGAIN（国）【大旗】【WAV+CUE】
https://blog.sina.com.cn/s/blog_6943970c0102zos4.html	ADO.1996-我不能随便说【魔岩】【WAV+CUE】
https://blog.sina.com.cn/s/blog_6943970c0102zos3.html	群星.2024-失笑影视原声带【D-JinMusic】【FLAC分轨】
https://blog.sina.com.cn/s/blog_6943970c0102zos2.html	梁汉文.2006-THE.STORY.OF.JUNE【金牌大风】【WAV+CUE】
https://blog.sina.com.cn/s/blog_6943970c0102zos1.html	齐一.2022-生活万岁【华纳】【FLAC分轨】
https://blog.sina.com.cn/s/blog_6943970c0102zos0.html	群星.2003-BELIEVE信2CD【BMG】【WAV+CUE】
https://blog.sina.com.cn/s/blog_6943970c0102zorz.html	张惠妹.2002-1996-2002妹力最精选2CD【丰华】【WAV+CUE】
https://blog.sina.com.cn/s/blog_6943970c0102zorw.html	群星.2011-草台回声UNPLUGGED创作集1（引进版）【草台回声】【WAV+…
https://blog.sina.com.cn/s/blog_6943970c0102zorv.html	范晓萱.2001-绝世名伶（引进版）【音乐大路】【WAV+CUE】
https://blog.sina.com.cn/s/blog_6943970c0102zoru.html	群星.1985-华星影视新节奏2辑（2013华星40金碟复刻版）【华星】【W…
https://blog.sina.com.cn/s/blog_6943970c0102zort.html	陈泳希.2024-当我不敢说【华研国际】【FLAC分轨】
https://blog.sina.com.cn/s/blog_6943970c0102zors.html	彭莉.2008-恨情歌【乾坤唱片】【WAV+CUE】
https://blog.sina.com.cn/s/blog_6943970c0102zorr.html	方皓玟.2015-404.NOT.FOUUND【Strawberry.Fields】【WAV+CUE】
https://blog.sina.com.cn/s/blog_6943970c0102zorq.html	温兆伦.1995-我本善良（国）【飞碟】【WAV+CUE】
https://blog.sina.com.cn/s/blog_6943970c0102zorp.html	许美静.1995-遗憾（2021环球NEW.XRCD.SHMCD限量版）【环球】【WAV+…
https://blog.sina.com.cn/s/blog_6943970c0102zoro.html	蔡小虎.2002-一生只有你【豪记】【WAV+CUE】
https://blog.sina.com.cn/s/blog_6943970c0102zorn.html	林灵.1991-永远的情歌2CD【兴来】【WAV+CUE】
https://blog.sina.com.cn/s/blog_6943970c0102zorm.html	群星.2024-我的神使大人网剧原声大碟【听见时代】【FLAC分轨】
https://blog.sina.com.cn/s/blog_6943970c0102zorl.html	周深.2017-周深的深【海堞】【WAV+CUE】
https://blog.sina.com.cn/s/blog_6943970c0102zork.html	潘丽丽.1993-春雨【宝丽金】【WAV+CUE】
https://blog.sina.com.cn/s/blog_6943970c0102zorj.html	庾澄庆.1998-别走（EP）【SONY】【WAV+CUE】
https://blog.sina.com.cn/s/blog_6943970c0102zori.html	群星.1995-百代NO.1精选3辑【EMI百代】【WAV+CUE】
https://blog.sina.com.cn/s/blog_6943970c0102zorh.html	郑希怡.2003-舞舞舞（EP）【英皇娱乐】【FLAC分轨】
https://blog.sina.com.cn/s/blog_6943970c0102zorg.html	群星.2005-艺伎回忆录电影原声大碟【SONY】【WAV+CUE】
https://blog.sina.com.cn/s/blog_6943970c0102zorf.html	吴业坤.2017-KWANGOR.LIVE.IN.HONG.KONG.2CD【星娱乐】【FLAC分轨…
https://blog.sina.com.cn/s/blog_6943970c0102zore.html	杭宏.1988-劲舞皇后（LP版）【旅游声像】【WAV+CUE】
https://blog.sina.com.cn/s/blog_6943970c0102zord.html	陈柏宇.2024-LIFE.IS.HARD【SONY】【FLAC分轨】
https://blog.sina.com.cn/s/blog_6943970c0102zorc.html	林忆莲.2002-属于我的林忆莲2CD【维京】【WAV+CUE】
https://blog.sina.com.cn/s/blog_6943970c0102zorb.html	杜德伟.2005-独领风骚新歌精选辑3CD【滚石】【WAV+CUE】
https://blog.sina.com.cn/s/blog_6943970c0102zora.html	群星.1996-宝丽金流行爆弹精丫宝丽金】【WAV+CUE】
https://blog.sina.com.cn/s/blog_6943970c0102zor9.html	黄宝欣.1992-黄宝欣金装精选2CD【HOMERUN】【WAV+CUE】
https://blog.sina.com.cn/s/blog_6943970c0102zor8.html	齐豫.2003-THE.UNHEARD.OF.CHYI.3CD【苏活音乐】【WAV+CUE】
https://blog.sina.com.cn/s/blog_6943970c0102zor7.html	小米.2020-我想在城市里当一个乡下人【滚石】【FLAC分轨】
https://blog.sina.com.cn/s/blog_6943970c0102zor5.html	秀兰玛雅.1999-友情人【大旗】【WAV+CUE】
https://blog.sina.com.cn/s/blog_6943970c0102zor4.html	于文文.2024-天蝎座【华纳】【FLAC分轨】
https://blog.sina.com.cn/s/blog_6943970c0102zor3.html	谢金燕.1995-含泪跳恰蔷冠登】【WAV+CUE】
https://blog.sina.com.cn/s/blog_6943970c0102zor2.html	李蕙敏.2014-记得·销魂新歌+精丫乐意唱片】【WAV+CUE】
https://blog.sina.com.cn/s/blog_6943970c0102zor1.html	林隆璇.1989-愤怒的情歌【巨石】【WAV+CUE】
https://blog.sina.com.cn/s/blog_6943970c0102zor0.html	群星.1992-暗恋桃花源电影原声带【滚石】【WAV+CUE】
https://blog.sina.com.cn/s/blog_6943970c0102zoqz.html	坣娜.1997-你怎么可以不爱我【巨石】【WAV+CUE】
https://blog.sina.com.cn/s/blog_6943970c0102zoqy.html	方伊琪.1979-沙鸥（LP版）【星岛全音】【WAV+CUE】
https://blog.sina.com.cn/s/blog_6943970c0102zoqx.html	马兆骏.1990-心情·七月【滚石】【WAV+CUE】
https://blog.sina.com.cn/s/blog_6943970c0102zoqw.html	群星.1990-情义无价（TP版）【中唱】【WAV+CUE】
https://blog.sina.com.cn/s/blog_6943970c0102zoqv.html	小虎队.1990-红蜻蜓【飞碟】【WAV+CUE】
https://blog.sina.com.cn/s/blog_6943970c0102zoqu.html	苏有朋.1994-这般发生【华纳】【WAV+CUE】
https://blog.sina.com.cn/s/blog_6943970c0102zoqt.html	秦宇子.2020-#YUZI【海蝶】【FLAC分轨】
https://blog.sina.com.cn/s/blog_6943970c0102zoqs.html	芝麻龙眼.2008-光阴隧道民歌记录3CD【乡城】【WAV+CUE】
https://blog.sina.com.cn/s/blog_6943970c0102zoqr.html	群星.2024-珠帘玉幕影视原声带【TME】【FLAC分轨】
https://blog.sina.com.cn/s/blog_6943970c0102zoqq.html	曾淑勤.1994-爱情外的路人【点将】【WAV+CUE】
https://blog.sina.com.cn/s/blog_6943970c0102zoqp.html	施文彬.1993-爱愈深心愈凝【点将】【WAV+CUE】
https://blog.sina.com.cn/s/blog_6943970c0102zoqo.html	群星.2018-小田制乐3CD【环球】【WAV+CUE】
https://blog.sina.com.cn/s/blog_6943970c0102zoqn.html	谢安琪.2011-你们的幸福【新艺宝】【WAV+CUE】
https://blog.sina.com.cn/s/blog_6943970c0102zoqm.html	许冠杰.1983-新的开始（2022新世纪MQACD金碟版）【康艺成音】【WAV…
https://blog.sina.com.cn/s/blog_6943970c0102zoql.html	Sweety.2003-嗨!Sweety【福茂】【WAV+CUE】
https://blog.sina.com.cn/s/blog_6943970c0102zoqk.html	蔡依林.2003-看我72变2CD（香港加歌版）【SONY】【WAV+CUE】
https://blog.sina.com.cn/s/blog_6943970c0102zoqj.html	群星.2023-重紫电视剧原声大碟【TME】【FLAC分轨】
https://blog.sina.com.cn/s/blog_6943970c0102zoqi.html	金佩姗.1991-旧情新妆VOL.1【腾祥】【WAV+CUE】
https://blog.sina.com.cn/s/blog_6943970c0102zoqh.html	知己二重唱.1989-一点点不同【飞碟】【WAV+CUE】
https://blog.sina.com.cn/s/blog_6943970c0102zoqg.html	群星.2024-小巷人家电视剧原声带【正午阳光】【FLAC分轨】
https://blog.sina.com.cn/s/blog_6943970c0102zoqf.html	泳儿.2007-花无雪【英皇娱乐】【WAV+CUE】
https://blog.sina.com.cn/s/blog_6943970c0102zoqe.html	李宗盛.1999-作品·最完整精选全纪录2CD【滚石】【WAV+CUE】
https://blog.sina.com.cn/s/blog_6943970c0102zoqd.html	邱振哲.2024-Re：Start【FLAC分轨】
https://blog.sina.com.cn/s/blog_6943970c0102zoqc.html	杨乃文.2016-离心力（引进版）【亚神音乐】【WAV+CUE】
https://blog.sina.com.cn/s/blog_6943970c0102zoqb.html	陈思安.1990-国语钢琴酒吧5CD【欣代唱片】【WAV+CUE】
https://blog.sina.com.cn/s/blog_6943970c0102zoqa.html	群星.2024-好团圆电视剧原声带【TME】【FLAC分轨】
https://blog.sina.com.cn/s/blog_6943970c0102zoq9.html	蔡幸娟.1991-真的让我爱你吗【飞碟】【WAV+CUE】
https://blog.sina.com.cn/s/blog_6943970c0102zoq8.html	林俊吉.2012-将你惜命命【美华】【WAV+CUE】
https://blog.sina.com.cn/s/blog_6943970c0102zoq7.html	后弦.2012-很有爱【天浩盛世】【WAV+CUE】
https://blog.sina.com.cn/s/blog_6943970c0102zoq6.html	李佳薇.2024-会发光的【黑籁音乐】【FLAC分轨】
https://blog.sina.com.cn/s/blog_6943970c0102zoq5.html	谭咏麟.2022-倾·听【环球】【WAV+CUE】
https://blog.sina.com.cn/s/blog_6943970c0102zoq4.html	林东松.1997-2039玫瑰事件【宝丽金】【WAV+CUE】
https://blog.sina.com.cn/s/blog_6943970c0102zoq3.html	潘秀琼.2003-国语难忘金曲珍藏集【皇星全音】【WAV+CUE】
https://blog.sina.com.cn/s/blog_6943970c0102zoq2.html	群星.2008-LOVE情歌集VOL.8【正东】【WAV+CUE】
https://blog.sina.com.cn/s/blog_6943970c0102zoq1.html	张惠妹.2007-STAR（引进版）【EMI百代】【WAV+CUE】
https://blog.sina.com.cn/s/blog_6943970c0102zoq0.html	尤雅.1997-幽雅精粹2CD【南方】【WAV+CUE】
https://blog.sina.com.cn/s/blog_6943970c0102zopz.html	黄凯芹.2012-廿五年3CD【环球】【WAV+CUE】
https://blog.sina.com.cn/s/blog_6943970c0102zopy.html	陈明真.1992-到哪里找那么好的人【华星】【WAV+CUE】
https://blog.sina.com.cn/s/blog_6943970c0102zopx.html	腾格尔.2002-四十独白【风潮】【WAV+CUE】
https://blog.sina.com.cn/s/blog_6943970c0102zopw.html	周笔畅.2024-HAVE.A.NICE.DAY【SN.Music】【FLAC分轨】
https://blog.sina.com.cn/s/blog_6943970c0102zopv.html	周笔畅.2024-HAVE.A.GOOD.NIGHT【SN.Music】【FLAC分轨】
https://blog.sina.com.cn/s/blog_6943970c0102zopu.html	许嵩.2014-不如吃茶去【海蝶】【WAV+CUE】
https://blog.sina.com.cn/s/blog_6943970c0102zopt.html	群星.2001-台语（原主唱）排行总冠军黄金典藏版6CD【柯达唱片】【W…
https://blog.sina.com.cn/s/blog_6943970c0102zops.html	Relic.2024-浮在虛无的诗意【SEEAHOLE】【FLAC分轨】
https://blog.sina.com.cn/s/blog_6943970c0102zopr.html	张镐哲.1994-无助【波丽佳音】【WAV+CUE】
https://blog.sina.com.cn/s/blog_6943970c0102zopq.html	金元萱.1996-迷迷糊糊【宝丽金】【WAV+CUE】
https://blog.sina.com.cn/s/blog_6943970c0102zopp.html	陈冠希.2017-一只猴子3部曲【摩登天空】【WAV+CUE】
https://blog.sina.com.cn/s/blog_6943970c0102zopo.html	群星.2015-凭着爱ADMS2CD【华纳】【WAV+CUE】
https://blog.sina.com.cn/s/blog_6943970c0102zopn.html	陈洁仪.1994-心痛【立得唱片】【WAV+CUE】
https://blog.sina.com.cn/s/blog_6943970c0102zopm.html	黎亚.2006-我不在巴黎【星外星】【FLAC分轨】
https://blog.sina.com.cn/s/blog_6943970c0102zopl.html	梁咏琪.2007-女色新曲+精选2CD【华纳】【WAV+CUE】
https://blog.sina.com.cn/s/blog_6943970c0102zopk.html	周华健.2015-水浒三部曲原创音乐选辑【滚石】【FLAC分轨】
https://blog.sina.com.cn/s/blog_6943970c0102zopj.html	袁小迪向蕙玲.2005-纯情红玫瑰【全员集合】【WAV+CUE】
https://blog.sina.com.cn/s/blog_6943970c0102zopi.html	郑钧.2007-长安长安【灯火文化】【WAV+CUE】
https://blog.sina.com.cn/s/blog_6943970c0102zoph.html	许廷铿.2017-神奇之旅【华纳】【WAV+CUE】
https://blog.sina.com.cn/s/blog_6943970c0102zopg.html	赤道.2000-精选2CD【ACM】【WAV+UCE】
https://blog.sina.com.cn/s/blog_6943970c0102zopf.html	刘德华.1992-真我的风采【NEWMELODY】【WAV+CUE】
https://blog.sina.com.cn/s/blog_6943970c0102zope.html	群星.1996-SUPER超级国语精选辑【新艺宝】【WAV+CUE】
https://blog.sina.com.cn/s/blog_6943970c0102zopd.html	施妙力吸尘器.2024-美德【摩登天空】【FLAC分轨】
https://blog.sina.com.cn/s/blog_6943970c0102zopc.html	群星.1999-20世纪光辉特选18首（20世纪光辉印记版）【环球】【WAV+…
https://blog.sina.com.cn/s/blog_6943970c0102zopb.html	苏儿真.2008-你，我爱你【九和弦】【WAV+CUE】
https://blog.sina.com.cn/s/blog_6943970c0102zopa.html	黄思婷.2012-爱的证据【豪记】【WAV+CUE】
https://blog.sina.com.cn/s/blog_6943970c0102zop9.html	古天乐.2002-乐天【华星】【WAV+CUE】
https://blog.sina.com.cn/s/blog_6943970c0102zop8.html	李彩桦.2006-人造雨【新亚洲娱乐】【WAV+CUE】
https://blog.sina.com.cn/s/blog_6943970c0102zop7.html	张学友.1995-一生跟你走·年度作品集2CD【宝丽金】【WAV+CUE】
https://blog.sina.com.cn/s/blog_6943970c0102zop6.html	梁文音.2024-情歌比情人还懂【环球】【FLAC分轨】
https://blog.sina.com.cn/s/blog_6943970c0102zop5.html	言承旭.2009-多出来的自由【SONY】【WAV+CUE】
https://blog.sina.com.cn/s/blog_6943970c0102zop4.html	费翔.2000-费常翔念2CD【环球】【WAV+CUE】
https://blog.sina.com.cn/s/blog_6943970c0102zop3.html	群星.2013-顾嘉辉大师经典演唱会3CD【爱我音乐】【WAV+CUE】
https://blog.sina.com.cn/s/blog_6943970c0102zop2.html	刘德华.2001-天开了【BMG】【WAV+CUE】
https://blog.sina.com.cn/s/blog_6943970c0102zop1.html	王艺翔.2024-至暖（EP）【乐人】【FLAC分轨】
https://blog.sina.com.cn/s/blog_6943970c0102zop0.html	群星.1986-宝丽金难忘的回忆【宝丽金】【WAV+CUE】
https://blog.sina.com.cn/s/blog_6943970c0102zooz.html	张秀卿.1997-我不是无情的人【巨石】【WAV+CUE】
https://blog.sina.com.cn/s/blog_6943970c0102zooy.html	林海峰.2003-我撑你【EMI百代】【WAV+CUE】
https://blog.sina.com.cn/s/blog_6943970c0102zoox.html	徐玮.1986-走自己的路（喜玛拉雅复刻版）【同心圆】【WAV+CUE】
https://blog.sina.com.cn/s/blog_6943970c0102zoow.html	陈慧琳.1999-真感觉【正东】【WAV+CUE】
https://blog.sina.com.cn/s/blog_6943970c0102zoov.html	群星.2024-锦绣安宁电视剧原声带【D-Jin.Music】【FLAC分轨】
https://blog.sina.com.cn/s/blog_6943970c0102zoou.html	群星.1995-台北爱情故事【飞碟】【WAV+CUE】
https://blog.sina.com.cn/s/blog_6943970c0102zoot.html	尤长靖.2020-AZORAland·我是尤长靖【香蕉娱乐】【FLAC分轨】
https://blog.sina.com.cn/s/blog_6943970c0102zoos.html	尤长靖.2023-肆无忌惮的恋人（EP）【FLAC分轨】
https://blog.sina.com.cn/s/blog_6943970c0102zoor.html	汪峰.2009-信仰在空中飘扬【星文】【WAV+CUE】
https://blog.sina.com.cn/s/blog_6943970c0102zooq.html	李嘉.1996-思念过秋冬【点将】【WAV+CUE】
https://blog.sina.com.cn/s/blog_6943970c0102zoop.html	林志颖.1994-别了晴雨的回忆【飞碟】【WAV+CUE】
https://blog.sina.com.cn/s/blog_6943970c0102zooo.html	群星.2001-生命因爱动听电影原创音乐AVCD【MEDIA】【WAV+CUE】
https://blog.sina.com.cn/s/blog_6943970c0102zoon.html	郑秀文.1997-我们的主题曲【华纳】【WAV+CUE】
https://blog.sina.com.cn/s/blog_6943970c0102zoom.html	伊能静.1999-从脆弱到勇敢1987-1996精选2CD【华纳】【WAV+CUE】
https://blog.sina.com.cn/s/blog_6943970c0102zool.html	洪荣宏.2014-拼乎自己看【华特】【WAV+CUE】
https://blog.sina.com.cn/s/blog_6943970c0102zook.html	胡歌.2006-珍惜（EP）【步升大风】【FLAC分轨】
https://blog.sina.com.cn/s/blog_6943970c0102zooj.html	唐娜.1989-那年情人节好冷【喜玛拉雅】【WAV+CUE】
https://blog.sina.com.cn/s/blog_6943970c0102zooi.html	萧亚轩.2008-3面夏娃【维京】【WAV+CUE】
https://blog.sina.com.cn/s/blog_6943970c0102zooh.html	群星.2003-滚石黄金十年系列33CD【滚石】【WAV+CUE】
https://blog.sina.com.cn/s/blog_6943970c0102zoog.html	林俊吉.2007-林俊吉【美华影音】【WAV+CUE】
https://blog.sina.com.cn/s/blog_6943970c0102zoof.html	娃娃.1995-随风【滚石】【WAV+CUE】
https://blog.sina.com.cn/s/blog_6943970c0102zooe.html	何超仪.1996-何家淑女（EP）【华星】【WAV+CUE】
https://blog.sina.com.cn/s/blog_6943970c0102zood.html	群星.2012-尝味·人生-百味华语作品集2CD【环球】【WAV+CUE】
https://blog.sina.com.cn/s/blog_6943970c0102zooc.html	谭咏麟.2023-爱情陷阱（MQA-UHQCD限量版）【环球】【WAV+CUE】
https://blog.sina.com.cn/s/blog_6943970c0102zoob.html	方伊琪.2008-不一样的方伊琪【风行】【WAV+CUE】
https://blog.sina.com.cn/s/blog_6943970c0102zooa.html	群星.2015-华丽上班族电影原声大碟【大右音乐】【WAV+CUE】
https://blog.sina.com.cn/s/blog_6943970c0102zoo9.html	群星.2022-福茂巨星·时空之轮日本唱片志系列DISC4那英-白天不懂夜…
https://blog.sina.com.cn/s/blog_6943970c0102zoo8.html	群星.2022-福茂巨星·时空之轮日本唱片志系列DISC3范晓萱-自言自语…
https://blog.sina.com.cn/s/blog_6943970c0102zoo7.html	群星.2022-福茂巨星·时空之轮日本唱片志系列DISC2范晓萱-RAIN【福…
https://blog.sina.com.cn/s/blog_6943970c0102zoo6.html	群星.2022-福茂巨星·时空之轮日本唱片志系列DISC1黄舒骏-为你疯狂…
https://blog.sina.com.cn/s/blog_6943970c0102zoo5.html	沈文程.1998-历年畅销歌曲精选3CD旧情也绵绵【乡城】【WAV+CUE】
https://blog.sina.com.cn/s/blog_6943970c0102zoo4.html	许秋怡.1995-电影少女【丽音唱片】【FLAC分轨】
https://blog.sina.com.cn/s/blog_6943970c0102zoo3.html	罗文.2015-NEW.XRCD精丫华星】【WAV+CUE】
https://blog.sina.com.cn/s/blog_6943970c0102zoo2.html	郑智化.2024-不思议【智在上作】【FLAC分轨】
https://blog.sina.com.cn/s/blog_6943970c0102zoo1.html	许巍.2018-无尽光芒【和雅弘嘉】【WAV+CUE】
https://blog.sina.com.cn/s/blog_6943970c0102zoo0.html	江美琪.2024-圆的？圆的＞华纳】【FLAC分轨】
https://blog.sina.com.cn/s/blog_6943970c0102zonz.html	张信哲.1996-思念【EMI百代】【WAV+CUE】
https://blog.sina.com.cn/s/blog_6943970c0102zony.html	温岚.2001-有点野【阿尔发】【WAV+CUE】
https://blog.sina.com.cn/s/blog_6943970c0102zonx.html	品冠.2002-U-TURN180°转弯【滚石】【WAV+CUE】
https://blog.sina.com.cn/s/blog_6943970c0102zonw.html	林忆莲.2006-回忆莲莲3CD【滚石】【WAV+CUE】
https://blog.sina.com.cn/s/blog_6943970c0102zonv.html	潘盈.1993-旧情绵绵【名将】【WAV+CUE】
https://blog.sina.com.cn/s/blog_6943970c0102zonu.html	杨采妮.1993-爱的感觉【EMI百代】【WAV+CUE】
https://blog.sina.com.cn/s/blog_6943970c0102zont.html	李国祥.1994-心倦（EP）（2015新世纪复刻版）【嘉音】【WAV+CUE】
https://blog.sina.com.cn/s/blog_6943970c0102zonr.html	曾淑勤.1989-装在袋子里的回忆【点将】【WAV+CUE】
https://blog.sina.com.cn/s/blog_6943970c0102zonq.html	莫华伦.2022-一起走过的日子【京文】【WAV+CUE】
https://blog.sina.com.cn/s/blog_6943970c0102zonp.html	木吉他.1994-木吉他作品全集【滚石】【WAV+CUE】
https://blog.sina.com.cn/s/blog_6943970c0102zono.html	汪佩蓉.2001-ITS.YOU【滚石】【WAV+CUE】
https://blog.sina.com.cn/s/blog_6943970c0102zonn.html	群星.2024-人民警察电视剧原声专辑【奔跑怪物】【FLAC分轨】
https://blog.sina.com.cn/s/blog_6943970c0102zonm.html	鲍翠薇.1995-鲍翠薇精选CD01【娱乐唱片】【WAV+CUE】
https://blog.sina.com.cn/s/blog_6943970c0102zonl.html	伍佰.2002-冬之火九重天演唱会特选录音专辑2CD【滚石】【WAV+CUE】
https://blog.sina.com.cn/s/blog_6943970c0102zonk.html	关淑怡.2008-演唱会+无尽经典3CD【环球】【WAV+CUE】
https://blog.sina.com.cn/s/blog_6943970c0102zonj.html	蒋志光韦绮姗.2014-传奇巨声【环星】【WAV+CUE】
https://blog.sina.com.cn/s/blog_6943970c0102zoni.html	刀郎.2008-红色经典【九雨天下】【WAV+CUE】
https://blog.sina.com.cn/s/blog_6943970c0102zonh.html	戴娆.2006-绽放【易柏文化】【WAV+CUE】
https://blog.sina.com.cn/s/blog_6943970c0102zong.html	江蕙.1994-悲情歌声【点将】【WAV+CUE】
https://blog.sina.com.cn/s/blog_6943970c0102zonf.html	群星.2003-存为爱2CD【环球】【WAV+CUE】
https://blog.sina.com.cn/s/blog_6943970c0102zone.html	陈冠希.2005-THE.BEST.COLLECTION.2CD【英皇娱乐】【WAV+CUE】
https://blog.sina.com.cn/s/blog_6943970c0102zond.html	邰正宵.1994-夜夜寂寞【福茂】【WAV+CUE】
https://blog.sina.com.cn/s/blog_6943970c0102zonc.html	群星.2024-七夜雪电视剧影视原声带【听见时代】【FLAC分轨】
https://blog.sina.com.cn/s/blog_6943970c0102zonb.html	尤雅.1990-台语怀念金曲特选辑【太阳神】【WAV+CUE】
https://blog.sina.com.cn/s/blog_6943970c0102zona.html	温岚.2005-爱回温新歌加精选2CD【阿尔发】【WAV+CUE】
https://blog.sina.com.cn/s/blog_6943970c0102zon9.html	完美倒立.2024-夜色碳酸【草台回声】【FLAC分轨】
https://blog.sina.com.cn/s/blog_6943970c0102zon8.html	余天.2004-二十年来最畅销国语金曲系列2CD【丽歌】【WAV+CUE】
https://blog.sina.com.cn/s/blog_6943970c0102zon7.html	徐小凤.2000-环球2000超巨星系列【环球】【WAV+CUE】
https://blog.sina.com.cn/s/blog_6943970c0102zon6.html	林姗.2024-寄天的记忆【豪记】【FLAC分轨】
https://blog.sina.com.cn/s/blog_6943970c0102zon5.html	群星.2003-英皇精挑细选VOL.1【英皇娱乐】【WAV+CUE】
https://blog.sina.com.cn/s/blog_6943970c0102zon4.html	孙楠.2004-燃烧【华纳】【WAV+CUE】
https://blog.sina.com.cn/s/blog_6943970c0102zon3.html	王中平.2011-保重【乾坤唱片】【WAV+CUE】
https://blog.sina.com.cn/s/blog_6943970c0102zon2.html	张琍敏.1979-悲之秋【海山】【FLAC分轨】
https://blog.sina.com.cn/s/blog_6943970c0102zon1.html	梁咏琪.1999-新鲜【EEI】【WAV+CUE】
https://blog.sina.com.cn/s/blog_6943970c0102zon0.html	方力申.2008-我的最爱新曲+精丫金牌大风】【WAV+CUE】
https://blog.sina.com.cn/s/blog_6943970c0102zomz.html	群星.2024-春花焰电视剧影视原声带【TME】【FLAC分轨】
https://blog.sina.com.cn/s/blog_6943970c0102zomy.html	费玉清.1987-费玉清十周年旧曲情怀4CD【东尼】【WAV+CUE】
https://blog.sina.com.cn/s/blog_6943970c0102zomx.html	韦绮姗.1993-LOVE.ME.ONCE.AGAIN【永高创意】【WAV+CUE】
https://blog.sina.com.cn/s/blog_6943970c0102zomw.html	音乐磁场.1991-1998-音乐磁场系列22CD【瑞星】【WAV+CUE】
https://blog.sina.com.cn/s/blog_6943970c0102zomv.html	群星.2003-难忘的影视金曲·港台篇【正大国际】【WAV+CUE】
https://blog.sina.com.cn/s/blog_6943970c0102zomu.html	TWINS.2004-SUCHABETTERDAY精美礼盒特别版2CD【英皇娱乐】【WAV+CU…
https://blog.sina.com.cn/s/blog_6943970c0102zomt.html	群星.2024-你的谎言也动听影视原声带【韶愔音乐】【FLAC分轨】
https://blog.sina.com.cn/s/blog_6943970c0102zoms.html	刘韵.1998-DENON.MASTERSONIC系列【EMI百代】【WAV+CUE】
https://blog.sina.com.cn/s/blog_6943970c0102zomr.html	南台湾小姑娘.1998-心爱，等一下【大旗】【WAV+CUE】
https://blog.sina.com.cn/s/blog_6943970c0102zomq.html	方皓玟.2009-UNLOCKME【东亚】【WAV+CUE】
https://blog.sina.com.cn/s/blog_6943970c0102zomp.html	林忆莲.1996-夜太黑【滚石】【WAV+CUE】
https://blog.sina.com.cn/s/blog_6943970c0102zomo.html	崔健.2005-给你一点颜色【东西音乐】【WAV+CUE】
https://blog.sina.com.cn/s/blog_6943970c0102zomn.html	群星.2011-剧集金曲精选2CD【永恒】【WAV+CUE】
https://blog.sina.com.cn/s/blog_6943970c0102zomm.html	黄晓君.2011-丽风金典系列VOL.2【丽风】【WAV+CUE】
https://blog.sina.com.cn/s/blog_6943970c0102zoml.html	黄晓君.2010-丽风金典系列VOL.1.2CD【丽风】【WAV+CUE】
https://blog.sina.com.cn/s/blog_6943970c0102zomk.html	童宇.2024-爱情万年历【TOUCH音乐】【FLAC分轨】
https://blog.sina.com.cn/s/blog_6943970c0102zomj.html	群星.2005-三里屯音乐之男孩女孩的情人节【太合麦田】【WAV+CUE】
https://blog.sina.com.cn/s/blog_6943970c0102zomi.html	群星.2005-三里屯音乐之我的祖国【太合麦田】【WAV+CUE】
https://blog.sina.com.cn/s/blog_6943970c0102zomh.html	吴国敬.1999-吴国敬FRIENDS演唱会2CD【正东】【WAV+CUE】
https://blog.sina.com.cn/s/blog_6943970c0102zomg.html	王菀之.2010-OCTAVE剧场版（EP）【东亚】【WAV+CUE】
https://blog.sina.com.cn/s/blog_6943970c0102zomf.html	林一峰.2017-细水如歌（林一峰唱陈百强）【LYFEMusic】【WAV+CUE】
https://blog.sina.com.cn/s/blog_6943970c0102zome.html	群星.2022-芳心荡漾影视剧原声带【韶愔音乐】【FLAC分轨】
https://blog.sina.com.cn/s/blog_6943970c0102zomd.html	陈小云.1990-杯中影【吉马】【WAV+CUE】
https://blog.sina.com.cn/s/blog_6943970c0102zomc.html	高明骏.1989-丛林男孩【巨冀】【WAV+CUE】
https://blog.sina.com.cn/s/blog_6943970c0102zomb.html	胡灵.2007-灵灵【海蝶】【FLAC分轨】
https://blog.sina.com.cn/s/blog_6943970c0102zoma.html	群星.1978-最新佳视主题曲精选（2007复黑版）【EMI百代】【WAV+CUE…
https://blog.sina.com.cn/s/blog_6943970c0102zom9.html	SNH48.2024-最好的朋友【丝芭文化】【FLAC分轨】
https://blog.sina.com.cn/s/blog_6943970c0102zom8.html	奚秀兰.1986-白金劲歌【风行】【WAV+CUE】
https://blog.sina.com.cn/s/blog_6943970c0102zom7.html	阿杜.2005-I.DO.2005-2006国语专辑（引进版）【海蝶】【WAV+CUE】
https://blog.sina.com.cn/s/blog_6943970c0102zom5.html	范逸臣.2008-无乐不作新歌+精选2CD【丰华】【WAV+CUE】
https://blog.sina.com.cn/s/blog_6943970c0102zom4.html	邓瑞霞.2014-我今生有你[情牵30新歌+精丫南方】【FLAC+CUE】
https://blog.sina.com.cn/s/blog_6943970c0102zom3.html	张国荣.2016-华星岁月·哥哥的歌3CD【华星】【WAV+CUE】
https://blog.sina.com.cn/s/blog_6943970c0102zom2.html	程琳.1987-信天游（2018星外星ADMS限量版）【星外星】【WAV+CUE】
https://blog.sina.com.cn/s/blog_6943970c0102zom1.html	群星.1980-79-80宝丽金金唱片特辑（LP版）【宝丽金】【WAV+CUE】
https://blog.sina.com.cn/s/blog_6943970c0102zom0.html	王梦麟.1980-打秋风（滚石新格经典复刻系列19）【新格】【WAV+CUE…
https://blog.sina.com.cn/s/blog_6943970c0102zolz.html	温兆伦.1986-风雪前尘【娱乐唱片】【WAV+CUE】
https://blog.sina.com.cn/s/blog_6943970c0102zoly.html	群星.1998-B计划电影原声大碟【EMI百代】【WAV+CUE】
https://blog.sina.com.cn/s/blog_6943970c0102zolx.html	杨林.1995-也许我不同【宝丽金】【WAV+CUE】
https://blog.sina.com.cn/s/blog_6943970c0102zolw.html	徐佳莹.2010-极限（引进版）【亚神】【WAV+CUE】
https://blog.sina.com.cn/s/blog_6943970c0102zolv.html	王子异.2024-1996【InfiniteThrills】【FLAC分轨】
https://blog.sina.com.cn/s/blog_6943970c0102zolu.html	S.H.E.2007-PLAY（豪华限量版）【华研国际】【WAV+CUE】
https://blog.sina.com.cn/s/blog_6943970c0102zolt.html	张信哲.1996-梦想【EMI百代】【WAV+CUE】
https://blog.sina.com.cn/s/blog_6943970c0102zols.html	大张伟.2024-WoWkie.Time!【开心伟业】【FLAC分轨】
https://blog.sina.com.cn/s/blog_6943970c0102zolr.html	群星.1994-紫色的回忆纪念集（台版15首）【华纳】【WAV+CUE】
https://blog.sina.com.cn/s/blog_6943970c0102zolq.html	李龙基.1982-男子汉（2004复刻版）【EMI百代】【WAV+CUE】
https://blog.sina.com.cn/s/blog_6943970c0102zolp.html	许秋怡.1992-偷偷想你【BMG】【WAV+CUE】
https://blog.sina.com.cn/s/blog_6943970c0102zolo.html	群星.1999-爱情麻辣烫电影情歌精丫滚石】【WAV+CUE】
https://blog.sina.com.cn/s/blog_6943970c0102zoln.html	郑俊弘.2016-THE.RED.BOX.LIVE.GREATEST.HITS.2CD【星梦娱乐】【WA…
https://blog.sina.com.cn/s/blog_6943970c0102zolm.html	施文彬.2011-环岛旅行【禾广娱乐】【WAV+CUE】
https://blog.sina.com.cn/s/blog_6943970c0102zoll.html	于台烟.1994-表情【巨石】【WAV+CUE】
https://blog.sina.com.cn/s/blog_6943970c0102zolk.html	刘德华.1995-真永远【艺能动音】【WAV+CUE】
https://blog.sina.com.cn/s/blog_6943970c0102zolj.html	群星.2023-灿烂的转身影视剧原声带【智慧大狗】【FLAC分轨】
https://blog.sina.com.cn/s/blog_6943970c0102zoli.html	潘美辰.1990-你冷不冷【蓝与白】【WAV+CUE】
https://blog.sina.com.cn/s/blog_6943970c0102zolh.html	罗百吉.2024-一万滴泪滴【乾坤唱片】【FLAC分轨】
https://blog.sina.com.cn/s/blog_6943970c0102zolg.html	群星.2001-稻草人兵团【稻草人】【WAV+CUE】
https://blog.sina.com.cn/s/blog_6943970c0102zolf.html	叶丽仪.1988-19周年纪念（LP版）【EMI百代】【WAV+CUE】
https://blog.sina.com.cn/s/blog_6943970c0102zole.html	沈文程.1998-起程【金瓜石】【WAV+CUE】
https://blog.sina.com.cn/s/blog_6943970c0102zold.html	李荣浩.2024-黑马【一样音乐】【FLAC分轨】
https://blog.sina.com.cn/s/blog_6943970c0102zolb.html	林翠萍.1989-风飞沙【艺歌】【WAV+CUE】
https://blog.sina.com.cn/s/blog_6943970c0102zola.html	伍思凯.2007-音乐天空创作辑2CD（引进版）【亚神音乐】【WAV+CUE】
https://blog.sina.com.cn/s/blog_6943970c0102zol9.html	张韶涵.2007-梦里花【福茂】【WAV+CUE】
https://blog.sina.com.cn/s/blog_6943970c0102zol8.html	张靓颖.2007-UPDATE【华谊兄弟】【WAV+CUE】
https://blog.sina.com.cn/s/blog_6943970c0102zol7.html	叶丽仪.1985-再不想记起（LP版）【EMI百代】【WAV+CUE】
https://blog.sina.com.cn/s/blog_6943970c0102zol6.html	黄维德.1992-热爱【BMG】【WAV+CUE】
https://blog.sina.com.cn/s/blog_6943970c0102zol5.html	纪炎炎.1997-原来我可以【华纳】【WAV+CUE】
https://blog.sina.com.cn/s/blog_6943970c0102zol4.html	群星.1994-杨佩佩精装大戏主题曲2【滚石】【WAV+CUE】
https://blog.sina.com.cn/s/blog_6943970c0102zol3.html	群星.1992-杨佩佩精装大戏主题曲【滚石】【WAV+CUE】
https://blog.sina.com.cn/s/blog_6943970c0102zol2.html	陈冠蒨.2002-欲言又止【8866】【WAV+CUE】
https://blog.sina.com.cn/s/blog_6943970c0102zol1.html	杭天.1999-我的心是油炸的蚕豆【中唱】【WAV+CUE】
https://blog.sina.com.cn/s/blog_6943970c0102zol0.html	五月天.2007-离开地球表面JUMP!【滚石】【WAV+CUE】
https://blog.sina.com.cn/s/blog_6943970c0102zokz.html	郑中基.1997-绝口不提！爱你【宝丽金】【WAV+CUE】
https://blog.sina.com.cn/s/blog_6943970c0102zoky.html	谢采妘.2002-潇洒柔情2CD【南方】【WAV+CUE】
https://blog.sina.com.cn/s/blog_6943970c0102zokx.html	张继聪.2008-Rock.n.Break【维高文化】【WAV分轨】
https://blog.sina.com.cn/s/blog_6943970c0102zokw.html	刘人语.2024-Golden.Tree【氧气娱乐】【FLAC分轨】
https://blog.sina.com.cn/s/blog_6943970c0102zokv.html	谢宜君.2024-爱无罪【豪记】【WAV+CUE】
https://blog.sina.com.cn/s/blog_6943970c0102zoku.html	齐豫潘越云.1985-回声·三毛作品第15号（2014年K2HD限量版）【滚石…
https://blog.sina.com.cn/s/blog_6943970c0102zokt.html	谢雷.2015-一杯醉【先锋创意】【WAV+CUE】
https://blog.sina.com.cn/s/blog_6943970c0102zoks.html	陈珊妮.1999-我从来不是幽默的女生【友善的狗】【WAV+CUE】
https://blog.sina.com.cn/s/blog_6943970c0102zokr.html	洪启.2011-谁的羊【星外星】【WAV+CUE】
https://blog.sina.com.cn/s/blog_6943970c0102zokq.html	曾航生.1990-曾航生【华纳】【WAV+CUE】
https://blog.sina.com.cn/s/blog_6943970c0102zokp.html	群星.2005-超级女声终极PK精丫天娱传媒】【WAV+CUE】
https://blog.sina.com.cn/s/blog_6943970c0102zoko.html	坣娜.1996-退路【巨石】【WAV+CUE】
https://blog.sina.com.cn/s/blog_6943970c0102zokn.html	张学友.1997-不老的传说（2024环球MQA-UHQCD限量版）【环球】【WAV…
https://blog.sina.com.cn/s/blog_6943970c0102zokm.html	王大文.2019-国际太空站【环球】【FLAC分轨】
https://blog.sina.com.cn/s/blog_6943970c0102zokl.html	李慧珍.2007-爱死了【华谊兄弟】【WAV+CUE】
https://blog.sina.com.cn/s/blog_6943970c0102zokk.html	方大同.2024-梦想家TheDreamer【赋音乐】【FLAC分轨】
https://blog.sina.com.cn/s/blog_6943970c0102zoki.html	杨培安.2009-抒·情（EP）【擎天娱乐】【WAV+CUE】
https://blog.sina.com.cn/s/blog_6943970c0102zokh.html	草蜢.1993-宝贝对不起（国）【宝丽金】【WAV+CUE】
https://blog.sina.com.cn/s/blog_6943970c0102zokg.html	罗大佑与OK男女合唱团.1995-再会吧!素兰【音乐工厂】【WAV+CUE】
https://blog.sina.com.cn/s/blog_6943970c0102zokf.html	群星.2021-这就是生活电视剧音乐原声带【嘉尤音乐】【FLAC分轨】
https://blog.sina.com.cn/s/blog_6943970c0102zoke.html	陈百潭.1991-振作【吉马】【WAV+CUE】
https://blog.sina.com.cn/s/blog_6943970c0102zokd.html	黄莺莺.2010-ESSENTIAL·英文精选4CD【EMI百代】【WAV+CUE】
https://blog.sina.com.cn/s/blog_6943970c0102zokc.html	任贤齐.1997-为了爱而心太软【滚石】【WAV+CUE】
https://blog.sina.com.cn/s/blog_6943970c0102zokb.html	谭咏麟.1995-伴我飞翔【宝丽金】【WAV+CUE】
https://blog.sina.com.cn/s/blog_6943970c0102zoka.html	群星.2007-天后传奇2CD思念成诗【迪安】【WAV+CUE】
https://blog.sina.com.cn/s/blog_6943970c0102zok9.html	董文华.2006-池中萍【杰盛唱片】【WAV+CUE】
https://blog.sina.com.cn/s/blog_6943970c0102zok8.html	文章.2024-致青春【川合音乐】【FLAC分轨】
https://blog.sina.com.cn/s/blog_6943970c0102zok7.html	潘越云.1999-唯一潘越云2CD【滚石】【WAV+CUE】
https://blog.sina.com.cn/s/blog_6943970c0102zok6.html	庄学忠.2009-中华民歌2CD【皇星全音】【WAV+CUE】
https://blog.sina.com.cn/s/blog_6943970c0102zok5.html	叶振棠.1980-太极张三丰（2015环球复黑王·百代篇）【EMI百代】【WA…
https://blog.sina.com.cn/s/blog_6943970c0102zok4.html	林淑容.2011-又是起风时【瑞华】【WAV+CUE】
https://blog.sina.com.cn/s/blog_6943970c0102zok3.html	朱逢博.2023-蔷薇处处开（2023鎏金系列MQA金碟版）【太平洋影音】…
https://blog.sina.com.cn/s/blog_6943970c0102zok2.html	王一哲.2021-王一哲（EP）【华纳】【FLAC分轨】
https://blog.sina.com.cn/s/blog_6943970c0102zok1.html	陈淑萍.2012-等呀等【美华】【WAV+CUE】
https://blog.sina.com.cn/s/blog_6943970c0102zok0.html	MCHotDog.2023-脏艺术家（数字版）【滚石】【FLAC分轨】
https://blog.sina.com.cn/s/blog_6943970c0102zojz.html	周翠玲.1996-以声相许【FLAC分轨】
https://blog.sina.com.cn/s/blog_6943970c0102zojy.html	何俐恩.2002-出发【英皇娱乐】【WAV+CUE】
https://blog.sina.com.cn/s/blog_6943970c0102zojx.html	阿达娃.2024-Laluna【W8VES】【FLAC分轨】
https://blog.sina.com.cn/s/blog_6943970c0102zojw.html	黄丽玲.2006-失恋无罪【艾回】【WAV+CUE】
https://blog.sina.com.cn/s/blog_6943970c0102zojv.html	张敬轩.2010-NO.ELEVEN【环球】【WAV+CUE】
https://blog.sina.com.cn/s/blog_6943970c0102zoju.html	群星.1996-风月电影原声带【滚石】【WAV+CUE】
https://blog.sina.com.cn/s/blog_6943970c0102zojt.html	温拿乐队.1992-永远的记忆【宝丽金】【WAV+CUE】
https://blog.sina.com.cn/s/blog_6943970c0102zojs.html	李玉刚.2017-刚好遇见你【玉泽东方】【WAV+CUE】
https://blog.sina.com.cn/s/blog_6943970c0102zojr.html	王菲.2000-寓言【EMI百代】【WAV+CUE】
https://blog.sina.com.cn/s/blog_6943970c0102zojq.html	群星.1996-摇滚柔情【正大国际】【WAV+CUE】
https://blog.sina.com.cn/s/blog_6943970c0102zojp.html	林家谦.2024-ISFP【FLAC分轨】
https://blog.sina.com.cn/s/blog_6943970c0102zojo.html	江美琪.2012-房间【星娱音乐】【WAV+CUE】
https://blog.sina.com.cn/s/blog_6943970c0102zojn.html	施文彬.2008-苦酒恋歌【华特】【WAV+CUE】
https://blog.sina.com.cn/s/blog_6943970c0102zojm.html	群星.2024-乘风踏浪电视原声带【讯通诒合】【FLAC分轨】
https://blog.sina.com.cn/s/blog_6943970c0102zojl.html	陈文媛.2001-GRACEFUL【东方魅力】【WAV+CUE】
https://blog.sina.com.cn/s/blog_6943970c0102zojk.html	好日.2024-好日HoNi【风潮】【FLAC分轨】
https://blog.sina.com.cn/s/blog_6943970c0102zojj.html	群星.1996-宝丽金笑傲江湖精丫宝丽金】【WAV+CUE】
https://blog.sina.com.cn/s/blog_6943970c0102zoji.html	黄舒骏.1997-非常原创精神（南方金点系列）2CD【南方】【WAV+CUE】
https://blog.sina.com.cn/s/blog_6943970c0102zojh.html	潘美辰.1993-找一个雨天【蓝与白】【WAV+CUE】
https://blog.sina.com.cn/s/blog_6943970c0102zojg.html	甲子慧.2015-最爱【乾坤唱片】【WAV+CUE】
https://blog.sina.com.cn/s/blog_6943970c0102zojf.html	梁咏琪.1996-爱自己【EEI】【WAV+CUE】
https://blog.sina.com.cn/s/blog_6943970c0102zoje.html	苏芮.2003-回首·时代全经典2CD【华纳】【WAV+CUE】
https://blog.sina.com.cn/s/blog_6943970c0102zojd.html	孙燕姿.2011-是时候【美妙音乐】【WAV+CUE】
https://blog.sina.com.cn/s/blog_6943970c0102zojc.html	群星.1991-宝丽金精装国语专辑2CD【宝丽金】【WAV+CUE】
https://blog.sina.com.cn/s/blog_6943970c0102zojb.html	张国荣.2010-I.AM.WHAT.I.AM.2CD【环球】【WAV+CUE】
https://blog.sina.com.cn/s/blog_6943970c0102zoja.html	安雯.1994-想你总是在雨季【音乐家】【WAV+CUE】
https://blog.sina.com.cn/s/blog_6943970c0102zoj9.html	陈雷.1995-烧翻卖【金圆唱片】【WAV+CUE】
https://blog.sina.com.cn/s/blog_6943970c0102zoj8.html	范玮琪.2003-真善美【福茂】【WAV+CUE】
https://blog.sina.com.cn/s/blog_6943970c0102zoj7.html	殷秀梅.2014-沁园春·雪【太平洋影音】【WAV+CUE】
https://blog.sina.com.cn/s/blog_6943970c0102zoj6.html	郭富城.2004-城意三步曲【华纳】【WAV+CUE】
https://blog.sina.com.cn/s/blog_6943970c0102zoj5.html	王中平.1993-天知道我爱你【蓝与白】【WAV+CUE】
https://blog.sina.com.cn/s/blog_6943970c0102zoj4.html	群星.2009-她的沧海遗珠精选（金碟铁盒珍藏系列）【SONY】【WAV+CU…
https://blog.sina.com.cn/s/blog_6943970c0102zoj3.html	群星.2009-他的沧海遗珠精选（金碟铁盒珍藏系列）【SONY】【WAV+CU…
https://blog.sina.com.cn/s/blog_6943970c0102zoj2.html	忧欢派对.1988-忧欢派对【飞碟】【WAV+CUE】
https://blog.sina.com.cn/s/blog_6943970c0102zoj1.html	张智霖VS许秋怡.1991-现代爱情故事【永高创意】【WAV+CUE】
https://blog.sina.com.cn/s/blog_6943970c0102zoj0.html	张宇.1997-温古知新一个人的天荒地老【EMI百代】【WAV+CUE】
https://blog.sina.com.cn/s/blog_6943970c0102zoiz.html	黄雅莉.2009-雅莉不怕【福茂】【FLAC分轨】
https://blog.sina.com.cn/s/blog_6943970c0102zoiy.html	黄莺莺.1984-炎夏的梦（2004环球复黑王）【宝丽金】【WAV+CUE】
https://blog.sina.com.cn/s/blog_6943970c0102zoix.html	陈崎凡.2024-CHEN【HAHAHAI】【FLAC分轨】
https://blog.sina.com.cn/s/blog_6943970c0102zoiw.html	范晓萱.1996-甜蜜·眼泪国语合辑【福茂】【WAV+CUE】
https://blog.sina.com.cn/s/blog_6943970c0102zoiv.html	万芳.2018-.....那些美丽的相遇【何乐音乐】【WAV+CUE】
https://blog.sina.com.cn/s/blog_6943970c0102zoiu.html	郑瑞芬.1989-BE.MY.BABY【现代】【WAV+CUE】
https://blog.sina.com.cn/s/blog_6943970c0102zois.html	郭书瑶.2009-爱的抱抱（EP）【种子音乐】【FLAC分轨】
https://blog.sina.com.cn/s/blog_6943970c0102zoit.html	群星.1996-红不让台语原唱2辑【福和唱片】【WAV+CUE】
https://blog.sina.com.cn/s/blog_6943970c0102zoir.html	盘尼西林.2024-岛与黎明【智慧大狗】【FLAC分轨】
https://blog.sina.com.cn/s/blog_6943970c0102zoiq.html	群星.1997-强力舞曲总动员【金点】【WAV+CUE】
https://blog.sina.com.cn/s/blog_6943970c0102zoip.html	方季惟.1989-一生只爱一次【蓝与白】【WAV+CUE】
https://blog.sina.com.cn/s/blog_6943970c0102zoio.html	姚可杰.2015-面对太阳【起初娱乐】【WAV+CUE】
https://blog.sina.com.cn/s/blog_6943970c0102zoin.html	群星.1994-艺能动音群星谱VOL.2【艺能动音】【WAV+CUE】
https://blog.sina.com.cn/s/blog_6943970c0102zoim.html	群星.1994-艺能动音群星谱VOL.1【艺能动音】【WAV+CUE】
https://blog.sina.com.cn/s/blog_6943970c0102zoil.html	郑秀文.2024-Best.Concert.Live【华纳】【FLAC分轨】
https://blog.sina.com.cn/s/blog_6943970c0102zoik.html	杨宗宪.1996-想啥人怨啥人等啥人【有容唱片】【WAV+CUE】
https://blog.sina.com.cn/s/blog_6943970c0102zoij.html	周华健.1996-爱的光【滚石】【WAV+CUE】
https://blog.sina.com.cn/s/blog_6943970c0102zoii.html	王忆灵.2024-枯萎颂【FLAC分轨】
https://blog.sina.com.cn/s/blog_6943970c0102zoih.html	娃娃.1997-精选290巅峰情歌经典【滚石】【WAV+CUE】
https://blog.sina.com.cn/s/blog_6943970c0102zoig.html	娃娃.1997-精选180绝版冠军精丫滚石】【WAV+CUE】
https://blog.sina.com.cn/s/blog_6943970c0102zoif.html	群星.1992-电视金曲巡礼VOL.2【EMI百代】【WAV+CUE】
https://blog.sina.com.cn/s/blog_6943970c0102zoie.html	群星.1988-电视金曲巡礼【EMI百代】【WAV+CUE】
https://blog.sina.com.cn/s/blog_6943970c0102zoid.html	16层乐队.2024-大快朵颐【摩登天空】【FLAC分轨】
https://blog.sina.com.cn/s/blog_6943970c0102zoic.html	张敬轩王菀之.2006-903.ID.CLUB拉阔演奏厅LIVE.2CD【环球】【WAV+C…
https://blog.sina.com.cn/s/blog_6943970c0102zoib.html	群星.1998-华纳好情歌精选17首【华纳】【WAV+CUE】
https://blog.sina.com.cn/s/blog_6943970c0102zoia.html	孟庭苇.1994-1990-1994钻石精选集2CD（2022环球XRCD限量版）【上华…
https://blog.sina.com.cn/s/blog_6943970c0102zoi9.html	林子祥.1983-爱情故事（2014K2HD限量版）【华纳】【WAV+CUE】
https://blog.sina.com.cn/s/blog_6943970c0102zoi8.html	十个勤天.2024-故乡长卷【TME】【FLAC分轨】
https://blog.sina.com.cn/s/blog_6943970c0102zoi7.html	李克勤.2008-金碟铁盒珍藏系列李克勤【SONY】【WAV+CUE】
https://blog.sina.com.cn/s/blog_6943970c0102zoi6.html	顺子.2001-AND.MUSICS.THERE【EMI百代】【WAV+CUE】
https://blog.sina.com.cn/s/blog_6943970c0102zoi5.html	卓文萱.2008-翻滚吧！蛋炒饭电视原声带【滚石】【FLAC分轨】
https://blog.sina.com.cn/s/blog_6943970c0102zoi4.html	陈小云.2000-餐厅综艺金榜【海丽唱片】【WAV+CUE】
https://blog.sina.com.cn/s/blog_6943970c0102zoi3.html	梅艳芳.1994-是这样的（金碟版）【华星】【WAV+CUE】
https://blog.sina.com.cn/s/blog_6943970c0102zoi1.html	BEYOND.1993-FINAL.LIVE.WITH家驹【华纳】【WAV+CUE】
https://blog.sina.com.cn/s/blog_6943970c0102zoi0.html	许魏洲.2024-CrossFever交互热爱【智慧大狗】【FLAC分轨】
https://blog.sina.com.cn/s/blog_6943970c0102zohz.html	林强.1992-春风少年兄【魔岩】【WAV+CUE】
https://blog.sina.com.cn/s/blog_6943970c0102zohy.html	群星.1995-亚洲电视剧集主题曲大全·乐作剧2CD【滚石】【WAV+CUE】
https://blog.sina.com.cn/s/blog_6943970c0102zohx.html	彭海桐.2000-好好想想你【SONY】【WAV+CUE】
https://blog.sina.com.cn/s/blog_6943970c0102zohw.html	邱锋泽.2024-COlOR.Free【发现梦想】【FLAC分轨】
https://blog.sina.com.cn/s/blog_6943970c0102zohv.html	杭天琪.2002-水与火的缠绵【泰达】【WAV+CUE】
https://blog.sina.com.cn/s/blog_6943970c0102zohu.html	王子鸣.2009-永远【九洲】【WAV分轨】
https://blog.sina.com.cn/s/blog_6943970c0102zoht.html	南台湾小姑娘.1996-爱作梦的查某囡仔【大旗】【WAV+CUE】
https://blog.sina.com.cn/s/blog_6943970c0102zohs.html	伍佰.2003-泪桥【艾回】【WAV+CUE】
https://blog.sina.com.cn/s/blog_6943970c0102zohr.html	郭子.1996-为爱偷生（载歌载舞歌载戏“极度疯狂”唱作全纪录）【滚石…
https://blog.sina.com.cn/s/blog_6943970c0102zohq.html	陈慧琳.1998-爱我不爱（国）【福茂】【WAV+CUE】
https://blog.sina.com.cn/s/blog_6943970c0102zohp.html	叶振棠陈晓慧.1986-龙的心·俘虏你（2006复黑限量版）【永恒】【WAV…
https://blog.sina.com.cn/s/blog_6943970c0102zoho.html	佟妍.2015-七窍玲珑心【万马旦】【WAV+CUE】
https://blog.sina.com.cn/s/blog_6943970c0102zohn.html	罗时丰.2003-唱歌的人台语精选+新歌【贝特音乐】【WAV+CUE】
https://blog.sina.com.cn/s/blog_6943970c0102zohm.html	罗时丰.2002-唱歌的人（2011再生版）【贝特音乐】【WAV+CUE】
https://blog.sina.com.cn/s/blog_6943970c0102zohl.html	潘美辰.2008-全新重声大碟（出道20年精选纪念版）【倍特音乐】【WA…
https://blog.sina.com.cn/s/blog_6943970c0102zohk.html	群星.2013-百代好声音ADMSCD1【EMI百代】【WAV+CUE】
https://blog.sina.com.cn/s/blog_6943970c0102zohj.html	杜德伟.1994-ALL.FOR.YOU（英）【滚石】【WAV+CUE】
https://blog.sina.com.cn/s/blog_6943970c0102zohi.html	污甩乐队.2024-Let.the.dirt.left【摩登天空】【FLAC分轨】
https://blog.sina.com.cn/s/blog_6943970c0102zohh.html	邓丽君.1983-淡淡幽情（2022环球MQA-UHQCD限量版）【环球】【WAV+C…
https://blog.sina.com.cn/s/blog_6943970c0102zohg.html	群星.1994-浓情蜜意情歌精丫华纳】【WAV+CUE】
https://blog.sina.com.cn/s/blog_6943970c0102zohf.html	黄安.1989-一切从头（TP版）【天际唱片】【FLAC分轨】
https://blog.sina.com.cn/s/blog_6943970c0102zohe.html	文章.2004-被遗忘的时光【华博音乐】【WAV+CUE】
https://blog.sina.com.cn/s/blog_6943970c0102zohd.html	郑亚弦.2024-隔壁包厢603（EP）【发现梦想】【FLAC分轨】
https://blog.sina.com.cn/s/blog_6943970c0102zohc.html	赵传.1994-精挑细选精选集【滚石】【WAV+CUE】
https://blog.sina.com.cn/s/blog_6943970c0102zohb.html	李美凤.1992-情深透全情歌集【EMI百代】【WAV+CUE】
https://blog.sina.com.cn/s/blog_6943970c0102zoha.html	BIGFOUR.2013-大家利事【寰亚】【WAV+CUE】
https://blog.sina.com.cn/s/blog_6943970c0102zoh9.html	群星.2024-今夜一起为爱鼓掌电视剧原声带【相信音乐】【FLAC分轨】
https://blog.sina.com.cn/s/blog_6943970c0102zoh8.html	黄妃.2020-色違【米乐士娱乐】【FLAC分轨】
https://blog.sina.com.cn/s/blog_6943970c0102zoh7.html	陈淑桦.1988-抱紧我HOLD.ME.NOW【EMI百代】【WAV+CUE】
https://blog.sina.com.cn/s/blog_6943970c0102zoh6.html	单色凌.2014-小岁月太着急【海蝶】【WAV+CUE】
https://blog.sina.com.cn/s/blog_6943970c0102zoh5.html	ZEN.1996-珍惜所有【华纳】【WAV+CUE】
https://blog.sina.com.cn/s/blog_6943970c0102zoh4.html	张惠妹.2011-A.MEI.ACOUSTIC.BEST.2CD【丰华】【WAV+CUE】
https://blog.sina.com.cn/s/blog_6943970c0102zoh3.html	张尕怂.2024-甘肃娃娃【FLAC分轨】
https://blog.sina.com.cn/s/blog_6943970c0102zoh2.html	群星.2002-恋爱物语情歌对唱精选2CD（引进版）【滚石】【WAV+CUE】
https://blog.sina.com.cn/s/blog_6943970c0102zoh1.html	刘力扬.2019-Neon.Lit虹【摩登天空】【FLAC分轨】
https://blog.sina.com.cn/s/blog_6943970c0102zoh0.html	动力火车.1999-背叛情歌【上华】【WAV+CUE】
https://blog.sina.com.cn/s/blog_6943970c0102zogz.html	张真.1993-失恋十四行【上华】【WAV+CUE】
https://blog.sina.com.cn/s/blog_6943970c0102zogx.html	群星.1990-细听锋芒（2014华星40金碟复刻版）【华星】【WAV+CUE】
https://blog.sina.com.cn/s/blog_6943970c0102zogw.html	谢金晶.2017-放心【豪记】【WAV+CUE】
https://blog.sina.com.cn/s/blog_6943970c0102zogv.html	以莉·高露.2015-美好時刻【风潮】【FLAC分轨】
https://blog.sina.com.cn/s/blog_6943970c0102zogu.html	李家明.1992-不老的情人【新艺宝】【WAV+CUE】
https://blog.sina.com.cn/s/blog_6943970c0102zogt.html	吕方.2001-旧情人·老情歌精选2CD【华纳】【WAV+CUE】
https://blog.sina.com.cn/s/blog_6943970c0102zogs.html	伍珂玥.2014-伍珂玥【湾彩星辰】【FLAC分轨】
https://blog.sina.com.cn/s/blog_6943970c0102zogq.html	李锦华.1987-日与夜（LP版）【SOLO】【WAV+CUE】
https://blog.sina.com.cn/s/blog_6943970c0102zogp.html	黄品源.2004-感谢·情人（引进版）【滚石】【WAV+CUE】
https://blog.sina.com.cn/s/blog_6943970c0102zogo.html	于台烟.2004-执着【乾坤唱片】【WAV+CUE】
https://blog.sina.com.cn/s/blog_6943970c0102zogn.html	群星.2024-祝你幸福！电影原声带【阿里巴巴】【FLAC分轨】
https://blog.sina.com.cn/s/blog_6943970c0102zogm.html	邝美云.1993-一生只愿爱一次【EMI百代】【WAV+CUE】
https://blog.sina.com.cn/s/blog_6943970c0102zogl.html	遗忘曲线.2024-遗忘曲线（EP）【LuuvLabel】【FLAC分轨】
https://blog.sina.com.cn/s/blog_6943970c0102zogk.html	赵传.1988-我很丑，可是我很温柔【滚石】【WAV+CUE】
https://blog.sina.com.cn/s/blog_6943970c0102zogj.html	群星.1996-各自各精彩【上华】【WAV+CUE】
https://blog.sina.com.cn/s/blog_6943970c0102zogi.html	废五金.1998-废五金【SONY】【WAV+CUE】
https://blog.sina.com.cn/s/blog_6943970c0102zogh.html	裘海正.1997-看不见的温柔【飞鹰】【WAV+CUE】
https://blog.sina.com.cn/s/blog_6943970c0102zogg.html	泰迪罗宾.1984-天外人（2004环球复黑王）【宝丽金】【WAV+CUE】
https://blog.sina.com.cn/s/blog_6943970c0102zogf.html	王力宏.2015-你的爱【HomeBoy】【WAV+CUE】
https://blog.sina.com.cn/s/blog_6943970c0102zoge.html	李丽芬.1988-游戏规则（2006飞跃复刻版）【海丽】【WAV+CUE】
https://blog.sina.com.cn/s/blog_6943970c0102zogd.html	谢安琪.2005-KAY.ONE（2015金碟复刻版）【BanBanMusic】【WAV+CUE…
https://blog.sina.com.cn/s/blog_6943970c0102zogc.html	谢安琪.2006-K.SUS.2（EP）（2015金碟复刻版）【BanBanMusic】【WA…
https://blog.sina.com.cn/s/blog_6943970c0102zogb.html	王宏伟.2012-用我的心握你的手【太平洋影音】【WAV+CUE】
https://blog.sina.com.cn/s/blog_6943970c0102zoga.html	谢金燕.2004-默契【华特】【WAV+CUE】
https://blog.sina.com.cn/s/blog_6943970c0102zog9.html	谭嘉仪.2018-LONELY【星梦娱乐】【WAV+CUE】
https://blog.sina.com.cn/s/blog_6943970c0102zog8.html	群星.2022-问天录电视剧原声专辑【听见时代】【FLAC分轨】
https://blog.sina.com.cn/s/blog_6943970c0102zog7.html	凤飞飞.1998-凤飞飞30周年飞精选CD书2CD【歌林】【WAV+CUE】
https://blog.sina.com.cn/s/blog_6943970c0102zog6.html	黄征.2012-征爱·拾力【乐华娱乐】【FLAC分轨】
https://blog.sina.com.cn/s/blog_6943970c0102zog5.html	群星.1998-在那一年2CD【宝丽金】【WAV+CUE】
https://blog.sina.com.cn/s/blog_6943970c0102zog4.html	刘德华.1999-人间爱【艺能动音】【WAV+CUE】
https://blog.sina.com.cn/s/blog_6943970c0102zog1.html	周深.2024-反深代词【华纳】【FLAC分轨】
https://blog.sina.com.cn/s/blog_6943970c0102zog0.html	上山安娜.1986-上山安娜【EMI百代】【WAV+CUE】
https://blog.sina.com.cn/s/blog_6943970c0102zofz.html	FUNDAMENTAL.1989-感觉号渡轮【SONY】【WAV+CUE】
https://blog.sina.com.cn/s/blog_6943970c0102zofy.html	张雨生.2016-雨后星空2CD【丰华】【WAV+CUE】
https://blog.sina.com.cn/s/blog_6943970c0102zofx.html	群星.2001-华纳歌声魅影【华纳】【WAV+CUE】
https://blog.sina.com.cn/s/blog_6943970c0102zofw.html	陈惠婷.2017-Voyager3【亚神音乐】【FLAC分轨】
https://blog.sina.com.cn/s/blog_6943970c0102zofv.html	南合文斗.2007-陪君醉笑三千尘鸟人唱片】【FLAC+CUE】
https://blog.sina.com.cn/s/blog_6943970c0102zofu.html	杨林.1989-留一点爱来爱自己【综一唱片】【WAV+CUE】
https://blog.sina.com.cn/s/blog_6943970c0102zoft.html	群星.2007－中文十大金曲30周年纪念专辑【RTHK】【WAV+CUE】
https://blog.sina.com.cn/s/blog_6943970c0102zofs.html	欧倩怡.2001-Cindy（EP）【华星】【WAV+CUE】
https://blog.sina.com.cn/s/blog_6943970c0102zofr.html	庾澄庆.1991-管不住自己【福茂】【WAV+CUE】
https://blog.sina.com.cn/s/blog_6943970c0102zofq.html	群星.2022-良辰好景知几何电视剧原声带【SONY】【FLAC分轨】
https://blog.sina.com.cn/s/blog_6943970c0102zofp.html	邓丽欣.2006-FANTASY【金牌大风】【WAV+CUE】
https://blog.sina.com.cn/s/blog_6943970c0102zofo.html	张惠妹.1999-妹力新世纪2CD【丰华】【WAV+CUE】
https://blog.sina.com.cn/s/blog_6943970c0102zofn.html	何方.1990-我不是那种人【林杰唱片】【WAV+CUE】
https://blog.sina.com.cn/s/blog_6943970c0102zofm.html	辛欣.2001-放120个心【上海音像】【WAV+CUE】
https://blog.sina.com.cn/s/blog_6943970c0102zofl.html	方芳.1996-得意洋洋【中唱】【WAV+CUE】
https://blog.sina.com.cn/s/blog_6943970c0102zofk.html	梁朝伟.1986-朦胧夜雨裡（华星40经典）【华星】【WAV+CUE】
https://blog.sina.com.cn/s/blog_6943970c0102zofj.html	群星.1995-坠入情网【宝丽金】【WAV+CUE】
https://blog.sina.com.cn/s/blog_6943970c0102zofi.html	汪峰.2005-怒放的生命【创盟音乐】【WAV+CUE】
https://blog.sina.com.cn/s/blog_6943970c0102zofh.html	纪晓君.2001-野火·春风【魔岩】【WAV+CUE】
https://blog.sina.com.cn/s/blog_6943970c0102zofg.html	黎明.1999-向往金色的黎明新歌+精选2CD【环球】【WAV+CUE】
https://blog.sina.com.cn/s/blog_6943970c0102zoff.html	群星.2024-幻乐森林影视原声带【韶愔音乐】【FLAC分轨】
https://blog.sina.com.cn/s/blog_6943970c0102zofe.html	陈奂仁.2011-谁是陈奂仁【BBS】【FLAC分轨】
https://blog.sina.com.cn/s/blog_6943970c0102zofd.html	关淑怡.2009-ERA【星娱乐】【WAV+CUE】
https://blog.sina.com.cn/s/blog_6943970c0102zofc.html	陆虎.2024-是否愿意成为我的全世界【Hikoon】【FLAC分轨】
https://blog.sina.com.cn/s/blog_6943970c0102zofb.html	蔡幸娟.1993-相爱容易相处难【飞碟】【WAV+CUE】
https://blog.sina.com.cn/s/blog_6943970c0102zofa.html	秀兰玛雅.2006-梦中情网【大旗】【WAV+CUE】
https://blog.sina.com.cn/s/blog_6943970c0102zof9.html	刘德华.1989-永远...记得你（2012金碟复刻版）【EMI百代】【WAV+CU…
https://blog.sina.com.cn/s/blog_6943970c0102zof8.html	群星.1977-多多宝丽多（LP版）【宝丽金】【WAV+CUE】
https://blog.sina.com.cn/s/blog_6943970c0102zof7.html	张秀卿.1999-赢【神采】【WAV+CUE】
https://blog.sina.com.cn/s/blog_6943970c0102zof6.html	邰肇玫.1981-雪歌（滚石25周年经典复刻系列）【滚石】【WAV+CUE】
https://blog.sina.com.cn/s/blog_6943970c0102zof5.html	群星.1997-纯电影·电影歌曲剧照纪念篇【新艺宝】【WAV+CUE】
https://blog.sina.com.cn/s/blog_6943970c0102zof4.html	秦咏.1997-歌咏诗情·历年名曲典故【音乐谷】【WAV+CUE】
https://blog.sina.com.cn/s/blog_6943970c0102zof3.html	FINE乐团.2022-宇宙神经【FLAC分轨】
https://blog.sina.com.cn/s/blog_6943970c0102zof2.html	蓝心湄.1999-心湄看新湄【SONY】【WAV+CUE】
https://blog.sina.com.cn/s/blog_6943970c0102zof1.html	群星.2024-流水迢迢影视原声带【诗和远方】【FLAC分轨】
https://blog.sina.com.cn/s/blog_6943970c0102zof0.html	高胜美.1990-太阳雨【上格】【WAV+CUE】
https://blog.sina.com.cn/s/blog_6943970c0102zoez.html	陈山河.1992-为你付出【喜玛拉雅】【WAV+CUE】
https://blog.sina.com.cn/s/blog_6943970c0102zoey.html	林俊杰.2015-和自己对话2CD【华纳】【WAV+CUE】
https://blog.sina.com.cn/s/blog_6943970c0102zoex.html	林忆莲.1996-回忆总是美好的超级精丫飞碟】【WAV+CUE】
https://blog.sina.com.cn/s/blog_6943970c0102zoew.html	群星.1992-妖兽都市电影原声帶【滚石】【WAV+CUE】
https://blog.sina.com.cn/s/blog_6943970c0102zoev.html	周葆元.1994-总有一天你会懂【飞碟】【WAV+CUE】
https://blog.sina.com.cn/s/blog_6943970c0102zoeu.html	赖慧如.2024-坚疕【发现梦想】【FLAC分轨】
https://blog.sina.com.cn/s/blog_6943970c0102zoet.html	叶欢.1995-爱疯了【飞碟】【WAV+CUE】
https://blog.sina.com.cn/s/blog_6943970c0102zoes.html	群星.2003-光阴的故事（陈复明，陈志远经典作品辑）【华纳】【WAV+…
https://blog.sina.com.cn/s/blog_6943970c0102zoer.html	谭咏麟.1988-心手相连【宝丽金】【WAV+CUE】
https://blog.sina.com.cn/s/blog_6943970c0102zoeq.html	王识贤.1998-最痛的痛（国）【滚石】【FLAC分轨】
https://blog.sina.com.cn/s/blog_6943970c0102zoep.html	梅艳芳.1998-床前明月光【BMG】【WAV+CUE】
https://blog.sina.com.cn/s/blog_6943970c0102zoeo.html	乃万.2024-Narchive0000RE【少城时代】【FLAC分轨】
https://blog.sina.com.cn/s/blog_6943970c0102zoen.html	何炅.2004-可以爱【中唱】【WAV+CUE】
https://blog.sina.com.cn/s/blog_6943970c0102zoem.html	FUNDAMENTAL.1988-FUNDAMENTAL（经典系列复刻版）【SONY】【WAV+CU…
https://blog.sina.com.cn/s/blog_6943970c0102zoel.html	群星.2024-如果奔跑是我的人生电视剧原声带【韶愔音乐】【FLAC分轨…
https://blog.sina.com.cn/s/blog_6943970c0102zoek.html	李宗盛.1994-不舍（纸盒版）【滚石】【WAV+CUE】
https://blog.sina.com.cn/s/blog_6943970c0102zoeh.html	陶喆.2013-再见你好吗【伟大文化】【WAV+CUE】
https://blog.sina.com.cn/s/blog_6943970c0102zoeg.html	钮大可陈本瑜-山谷与风的对话【飞碟】【WAV+CUE】
https://blog.sina.com.cn/s/blog_6943970c0102zoef.html	TWINS.2008-桐话妍语（引进版）【英皇娱乐】【WAV+CUE】
https://blog.sina.com.cn/s/blog_6943970c0102zoee.html	常石磊.2010-自己【风向乐动】【WAV+CUE】
https://blog.sina.com.cn/s/blog_6943970c0102zoed.html	群星.1990-华纳夏日情【华纳】【WAV+CUE】
https://blog.sina.com.cn/s/blog_6943970c0102zoec.html	范丽丝.1977-爱慕（2016复刻版）【丰荣】【WAV+CUE】
https://blog.sina.com.cn/s/blog_6943970c0102zoeb.html	小虎队.1989-逍遥游【飞碟】【WAV+CUE】
https://blog.sina.com.cn/s/blog_6943970c0102zoea.html	黄义达.2011-微光（EP）【橙天娱乐】【WAV+CUE】
https://blog.sina.com.cn/s/blog_6943970c0102zoe9.html	许志豪.2024-袂记的青春【发现梦想】【FLAC分轨】
https://blog.sina.com.cn/s/blog_6943970c0102zoe8.html	群星.2024-舍不得星星影视原声带【TME】【FLAC分轨】
https://blog.sina.com.cn/s/blog_6943970c0102zoe7.html	杜德伟.1993-准我再一次【华纳】【WAV+CUE】
https://blog.sina.com.cn/s/blog_6943970c0102zoe6.html	陈奕迅.2009-H3M（加强版）【新艺宝】【WAV+CUE】
https://blog.sina.com.cn/s/blog_6943970c0102zoe5.html	群星.1995-福星高照2将爱实现【福茂】【WAV+CUE】
https://blog.sina.com.cn/s/blog_6943970c0102zoe4.html	群星.1994-福星高照【福茂】【WAV+CUE】
https://blog.sina.com.cn/s/blog_6943970c0102zoe3.html	曹格.2022-我为歌狂·滚石40粤语精选4EP【滚石】【FLAC分轨】
https://blog.sina.com.cn/s/blog_6943970c0102zoe2.html	BLACK.BOX.1996-三个愿望【滚石】【WAV+CUE】
https://blog.sina.com.cn/s/blog_6943970c0102zoe1.html	邱綺玲.1993-夜在烧【HNH】【WAV+CUE】
https://blog.sina.com.cn/s/blog_6943970c0102zoe0.html	群星.1995-炽热中国火【魔岩】【WAV+CUE】
https://blog.sina.com.cn/s/blog_6943970c0102zodz.html	林秀凤.1982-爱要庄重（LP版）【统一唱片】【WAV+CUE】
https://blog.sina.com.cn/s/blog_6943970c0102zody.html	许巍.2009-今天·生活作品集2002-2008【步升大风】【WAV+CUE】
https://blog.sina.com.cn/s/blog_6943970c0102zodx.html	群星.1996-宝丽金百感交集4CD【宝丽金】【WAV+CUE】
https://blog.sina.com.cn/s/blog_6943970c0102zodw.html	黄思婷.2011-感谢天【豪记】【WAV+CUE】
https://blog.sina.com.cn/s/blog_6943970c0102zodv.html	吴奇隆.1994-奇而浓新歌+精丫华纳】【WAV+CUE】
https://blog.sina.com.cn/s/blog_6943970c0102zodu.html	陈淑桦.1991-聪明糊涂心【滚石】【WAV+CUE】
https://blog.sina.com.cn/s/blog_6943970c0102zodt.html	杨乃文.2009-SELF-SLECTED（引进版）【SONY】【WAV+CUE】
https://blog.sina.com.cn/s/blog_6943970c0102zods.html	毛不易.2024-冒险精神【哇唧唧哇娱乐】【FLAC分轨】
https://blog.sina.com.cn/s/blog_6943970c0102zodr.html	罗文.1990-迟来的爱【世纪唱片】【WAV+CUE】
https://blog.sina.com.cn/s/blog_6943970c0102zodq.html	赵咏华.1992-珍藏赵咏华精选集2CD【全美唱片】【WAV+CUE】
https://blog.sina.com.cn/s/blog_6943970c0102zodp.html	KIV.2024-太子【华纳】【FLAC分轨】
https://blog.sina.com.cn/s/blog_6943970c0102zodo.html	伦永亮.1990-钢琴后的人【百利】【WAV+CUE】
https://blog.sina.com.cn/s/blog_6943970c0102zodn.html	群星.1996-钟爱CHAGE.AND.ASKA【飞碟】【WAV+CUE】
https://blog.sina.com.cn/s/blog_6943970c0102zodm.html	陈永业.1994-移情别恋（EP）【MOOD】【WAV+CUE】
https://blog.sina.com.cn/s/blog_6943970c0102zodl.html	林一峰.2009-恋爱总是平静地意外....来临【LYFEMUSIC】【FLAC分轨…
https://blog.sina.com.cn/s/blog_6943970c0102zodk.html	李明依.1996-爱的决定【友善的狗】【WAV+CUE】
https://blog.sina.com.cn/s/blog_6943970c0102zodj.html	张小英.1982-银河·我在梦乡（2015新世纪复黑版）【风格】【WAV+CUE…
https://blog.sina.com.cn/s/blog_6943970c0102zodi.html	群星.1989-永远的朋友【宝丽金】【WAV+CUE】
https://blog.sina.com.cn/s/blog_6943970c0102zodh.html	康晋荣.2022-百味人生【华纳】【FLAC分轨】
https://blog.sina.com.cn/s/blog_6943970c0102zodg.html	赵雷.2014-吉姆餐厅【科学文化音像】【WAV+CUE】
https://blog.sina.com.cn/s/blog_6943970c0102zodf.html	陈松龄.1996-同龄女子【滚石】【WAV+CUE】
https://blog.sina.com.cn/s/blog_6943970c0102zode.html	林俊杰.2005-编号89757（引进版）【海蝶】【WAV+CUE】
https://blog.sina.com.cn/s/blog_6943970c0102zodd.html	群星.2000-玉置浩二改编作品集【环球】【WAV+CUE】
https://blog.sina.com.cn/s/blog_6943970c0102zodc.html	天李.1988-流浪的爱【齐飞唱片】【WAV+CUE】
https://blog.sina.com.cn/s/blog_6943970c0102zodb.html	苏永康.2017-LOVE.FROM.THE.LAST.CENTURY【华星】【WAV+CUE】
https://blog.sina.com.cn/s/blog_6943970c0102zoda.html	黑豹乐队.2004-黑豹【麒麟童文化】【WAV+CUE】
https://blog.sina.com.cn/s/blog_6943970c0102zod9.html	丁薇.1999-开始（2002上像再版）【BMG】【WAV+CUE】
https://blog.sina.com.cn/s/blog_6943970c0102zod8.html	Energy.2003-E3【环球】【FLAC分轨】
https://blog.sina.com.cn/s/blog_6943970c0102zod7.html	AT17.2010-JUST.THE.TWO.OF.US...UNTIL.WE.MEET.AGAIN.LIVE【东亚…
https://blog.sina.com.cn/s/blog_6943970c0102zod6.html	夏韶声.2015-谙【SONY】【WAV+CUE】
https://blog.sina.com.cn/s/blog_6943970c0102zod5.html	群星.2000-爱合唱精英（20世纪光辉印记版）【环球】【WAV+CUE】
https://blog.sina.com.cn/s/blog_6943970c0102zod4.html	李翊君.2005-勇敢的爱【创意唱片】【WAV+CUE】
https://blog.sina.com.cn/s/blog_6943970c0102zod3.html	杨宗宪.1994-留你留袂着【有容唱片】【WAV+CUE】
https://blog.sina.com.cn/s/blog_6943970c0102zod2.html	袁娅维.2021-月亮失眠了（DELUXE）【华纳】【FLAC分轨】
https://blog.sina.com.cn/s/blog_6943970c0102zod1.html	张宇.1999-雨一直下【EMI百代】【WAV+CUE】
https://blog.sina.com.cn/s/blog_6943970c0102zod0.html	群星.1988-国语金曲尽精英VOL.2【瑞成】【WAV+CUE】
https://blog.sina.com.cn/s/blog_6943970c0102zocz.html	群星.1986-国语金曲尽精英【瑞成】【WAV+CUE】
https://blog.sina.com.cn/s/blog_6943970c0102zocy.html	黎明.2006-LOOKING【东亚唱片】【WAV+CUE】
https://blog.sina.com.cn/s/blog_6943970c0102zocx.html	白嘉倩.1992-我有我【星工厂】【WAV+CUE】
https://blog.sina.com.cn/s/blog_6943970c0102zocw.html	王菲.1994-天空（2022环球MQA-UHQCD限量版）【环球】【WAV+CUE】
https://blog.sina.com.cn/s/blog_6943970c0102zocv.html	群星.2002-王晓锋影视作品专辑【普罗艺术】【WAV+CUE】
https://blog.sina.com.cn/s/blog_6943970c0102zocu.html	AnsrJ.2023-Feeling.Good,Living.Better【白米范】【FLAC分轨】
https://blog.sina.com.cn/s/blog_6943970c0102zoct.html	齐秦.1989-金曲纪念辑【快乐唱片】【WAV+CUE】
https://blog.sina.com.cn/s/blog_6943970c0102zocs.html	梁咏琪.2001-透明【EEI】【WAV+CUE】
https://blog.sina.com.cn/s/blog_6943970c0102zocr.html	尹光.2006-浓情香港半世纪2CD【环星】【FLAC分轨】
https://blog.sina.com.cn/s/blog_6943970c0102zocq.html	张秀卿.2000-却上心头【锐音音乐】【WAV+CUE】
https://blog.sina.com.cn/s/blog_6943970c0102zocp.html	庞龙.2017-走着唱着【星外星】【WAV+CUE】
https://blog.sina.com.cn/s/blog_6943970c0102zoco.html	望江晴.2024-望【华纳】【FLAC分轨】
https://blog.sina.com.cn/s/blog_6943970c0102zocn.html	阿桑.2005-寂寞在唱歌（星外星引进版）【华研国际】【WAV+CUE】
https://blog.sina.com.cn/s/blog_6943970c0102zocm.html	群星.1997-新艺宝优质音响系列·国语精选监听版【新艺宝】【WAV+CUE…
https://blog.sina.com.cn/s/blog_6943970c0102zocl.html	孟庭苇.1996-月亮说话（2020环球24KGOLD限量版）【上华】【WAV+CUE…
https://blog.sina.com.cn/s/blog_6943970c0102zock.html	群星.2023-宿命之敌电视剧原声带【韶愔音乐】【FLAC分轨】
https://blog.sina.com.cn/s/blog_6943970c0102zocj.html	陈加洛.1992-痛到感觉不到【宝丽金】【WAV+CUE】
https://blog.sina.com.cn/s/blog_6943970c0102zoci.html	林育群.2013-BalladShow（日本版）【环球】【WAV+CUE】
https://blog.sina.com.cn/s/blog_6943970c0102zoch.html	方文琳.1993-飞起来【新笛】【WAV+CUE】
https://blog.sina.com.cn/s/blog_6943970c0102zocg.html	群星.1998-超级收视大赏【华星】【WAV+CUE】
https://blog.sina.com.cn/s/blog_6943970c0102zocf.html	董育君.2016-情批【美乐帝】【WAV+CUE】
https://blog.sina.com.cn/s/blog_6943970c0102zoce.html	刘秋仪.2005-不老情歌【皇星全音】【WAV+CUE】
https://blog.sina.com.cn/s/blog_6943970c0102zocd.html	彭坦.2013-迁徙（港版）【摩登天空】【WAV+CUE】
https://blog.sina.com.cn/s/blog_6943970c0102zocc.html	金元萱.1994-第一次接触（国专）【宝丽金】【WAV+CUE】
https://blog.sina.com.cn/s/blog_6943970c0102zocb.html	陈奕迅.2008-不想放手（国）【新艺宝】【WAV+CUE】
https://blog.sina.com.cn/s/blog_6943970c0102zoca.html	群星.1989-宝丽金88雷射金曲【宝丽金】【WAV+CUE】
https://blog.sina.com.cn/s/blog_6943970c0102zoc9.html	萧亚轩.2003-爱上爱【维京】【WAV+CUE】
https://blog.sina.com.cn/s/blog_6943970c0102zoc8.html	巫奇.1995-犯错【滚石】【WAV+CUE】
https://blog.sina.com.cn/s/blog_6943970c0102zoc7.html	群星.1998-百代情歌竞技长女子组【EMI百代】【WAV+CUE】
https://blog.sina.com.cn/s/blog_6943970c0102zoc6.html	黄翊.1989-冬季等到夏季【新艺宝】【WAV+CUE】
https://blog.sina.com.cn/s/blog_6943970c0102zoc5.html	韩红.2005-精丫麒麟童】【WAV+CUE】
https://blog.sina.com.cn/s/blog_6943970c0102zoc4.html	希文.2024-沉溺【StreetVoice】【FLAC分轨】
https://blog.sina.com.cn/s/blog_6943970c0102zoc3.html	群星.2003-重遇80·感动今天的都市人2CD【SONY】【WAV+CUE】
https://blog.sina.com.cn/s/blog_6943970c0102zoc2.html	周华健.1988-我付出我的真爱我实现我的梦【滚石】【WAV+CUE】
https://blog.sina.com.cn/s/blog_6943970c0102zoc1.html	王新莲.1992-安全界线【飞碟】【WAV+CUE】
https://blog.sina.com.cn/s/blog_6943970c0102zoc0.html	周启生.1987-独醉之后【华纳】【WAV+CUE】
https://blog.sina.com.cn/s/blog_6943970c0102zobz.html	王杰.1989-故事的角色(粤)【华纳】【WAV+CUE】
https://blog.sina.com.cn/s/blog_6943970c0102zoby.html	十个勤天.2024-展开一天【可能文化】【FLAC分轨】
https://blog.sina.com.cn/s/blog_6943970c0102zobx.html	黑豹乐队.2024-Smokescreen视陷（EP）【风华秋实】【FLAC分轨】
https://blog.sina.com.cn/s/blog_6943970c0102zobw.html	群星.1989-华纳国语金曲第二辑【华纳】【WAV+CUE】
https://blog.sina.com.cn/s/blog_6943970c0102zobv.html	群星.1986-华纳国语金曲精丫华纳】【WAV+CUE】
https://blog.sina.com.cn/s/blog_6943970c0102zobu.html	何方.1997-随便你【瑞星】【WAV+CUE】
https://blog.sina.com.cn/s/blog_6943970c0102zobt.html	群星.2009-田野的春天徐沛东精选作品集【太平洋影音】【WAV+CUE】
https://blog.sina.com.cn/s/blog_6943970c0102zobs.html	王力宏.2007-改変自己【SONY】【WAV+CUE】
https://blog.sina.com.cn/s/blog_6943970c0102zobr.html	刘思达.2024-在你闪烁时我开始在意【网易电波】【FLAC分轨】
https://blog.sina.com.cn/s/blog_6943970c0102zobq.html	刘小慧.1995-寂寞都有罪【BMG】【WAV+CUE】
https://blog.sina.com.cn/s/blog_6943970c0102zobp.html	群星.2013-林振强·依然爱不完101系列6CD【环球】【WAV+CUE】
https://blog.sina.com.cn/s/blog_6943970c0102zobo.html	陈随意.2024-我若放袂记【豪记】【WAV+CUE】
https://blog.sina.com.cn/s/blog_6943970c0102zobn.html	臧逸文.1992-站在需要你的地方【飞碟】【WAV+CUE】
https://blog.sina.com.cn/s/blog_6943970c0102zobm.html	群星.2001-薰衣草电视原声带【魔岩】【WAV+CUE】
https://blog.sina.com.cn/s/blog_6943970c0102zobl.html	汪佩蓉.1998-请你CHA.CHA.2CD【滚石】【WAV+CUE】
https://blog.sina.com.cn/s/blog_6943970c0102zobk.html	BEYOND.1997-惊喜【滚石】【WAV+CUE】
https://blog.sina.com.cn/s/blog_6943970c0102zobj.html	杨林.1987-纯白【综一唱片】【WAV+CUE】
https://blog.sina.com.cn/s/blog_6943970c0102zobi.html	谢霆锋.2000-零距离【英皇娱乐】【WAV+CUE】
https://blog.sina.com.cn/s/blog_6943970c0102zobh.html	高嘉丰.2024-早期科技Early.Technologies【摩登天空】【FLAC分轨】
https://blog.sina.com.cn/s/blog_6943970c0102zobg.html	群星.1997-同根同心【EMI百代】【WAV+CUE】
https://blog.sina.com.cn/s/blog_6943970c0102zobf.html	叶树茵.2005-INVISIBLE【IDO音乐】【WAV+CUE】
https://blog.sina.com.cn/s/blog_6943970c0102zobe.html	张国荣.2024-告别乐坛演唱会足本3CD【环球】【WAV+CUE】
https://blog.sina.com.cn/s/blog_6943970c0102zobd.html	周慧敏.2014-HIM【英皇娱乐】【WAV+CUE】
https://blog.sina.com.cn/s/blog_6943970c0102zobc.html	李茂山.1990-影视剧主题曲【飞翔】【WAV+CUE】
https://blog.sina.com.cn/s/blog_6943970c0102zobb.html	群星.2008-电影情结·台湾70年代电影歌曲2CD【可登】【WAV+CUE】
https://blog.sina.com.cn/s/blog_6943970c0102zoba.html	李嘉-2001-恋爱傻瓜【乾坤唱片】【WAV+CUE】
https://blog.sina.com.cn/s/blog_6943970c0102zob9.html	群星.2013-激战电影原声大碟【JAVA】【WAV+CUE】
https://blog.sina.com.cn/s/blog_6943970c0102zob8.html	许茹芸.2001-只说给你听【EMI百代】【WAV+CUE】
https://blog.sina.com.cn/s/blog_6943970c0102zob7.html	蒋先贵.2022-珍妮的潮汐（EP）【哇唧唧哇】【FLAC分轨】
https://blog.sina.com.cn/s/blog_6943970c0102zob6.html	巫启贤.1998-我是你的【风格】【WAV+CUE】
https://blog.sina.com.cn/s/blog_6943970c0102zob5.html	邵萱.1997-是是非非【捷登】【WAV+CUE】
https://blog.sina.com.cn/s/blog_6943970c0102zob4.html	群星.1997-世纪之歌第二辑6CD【宝丽金】【WAV+CUE】
https://blog.sina.com.cn/s/blog_6943970c0102zob3.html	蔡琴.1985-老歌（2022新世纪MQA限量版）【永声】【WAV+CUE】
https://blog.sina.com.cn/s/blog_6943970c0102zob2.html	张文浩.2024-跳火山的人【星外星】【FLAC分轨】
https://blog.sina.com.cn/s/blog_6943970c0102zob1.html	MARIA.CORDERO玛俐亚.1987-MARIA.CORDERO【银星】【WAV+CUE】
https://blog.sina.com.cn/s/blog_6943970c0102zob0.html	钟镇涛.1994-情歌对唱集·寂寞【飞碟】【WAV+CUE】
https://blog.sina.com.cn/s/blog_6943970c0102zoaz.html	群星.2000-杨贵妃主题曲原声大碟【环球】【WAV+CUE】
https://blog.sina.com.cn/s/blog_6943970c0102zoay.html	唐俪.2023-月下再相逢【豪记】【WAV+CUE】
https://blog.sina.com.cn/s/blog_6943970c0102zoax.html	张舒娟.1996-昨日之歌VOL.1【荣机构】【WAV+CUE】
https://blog.sina.com.cn/s/blog_6943970c0102zoaw.html	阿桑.2003-受了点伤（星外星引进版）【华研国际】【WAV+CUE】
https://blog.sina.com.cn/s/blog_6943970c0102zoav.html	张国荣.1989-FINAL.ENCOUNTER（2024环球MQA-UHQCD限量版）【环球】…
https://blog.sina.com.cn/s/blog_6943970c0102zoau.html	刘若英.2005-一整夜【大熊星】【WAV+CUE】
https://blog.sina.com.cn/s/blog_6943970c0102zoat.html	吕方.1990-不舍得你【华纳】【WAV+CUE】
https://blog.sina.com.cn/s/blog_6943970c0102zoas.html	苗子杰.1993-SUN.SHINE【歌林】【WAV+CUE】
https://blog.sina.com.cn/s/blog_6943970c0102zoar.html	薛之谦.2018-怪咖【海蝶】【WAV+CUE】
https://blog.sina.com.cn/s/blog_6943970c0102zoaq.html	群星.1994-宝丽金原创专辑【宝丽金】【WAV+CUE】
https://blog.sina.com.cn/s/blog_6943970c0102zoap.html	汪明荃.1980-渺渺情(2019年娱乐宝典原音重现系列)【娱乐唱片】【WA…
https://blog.sina.com.cn/s/blog_6943970c0102zoao.html	群星.2023-非凡医者影视原声带【华纳】【FLAC分轨】
https://blog.sina.com.cn/s/blog_6943970c0102zoan.html	杨克强.1992-特制的面具【恩华声视】【WAV+CUE】
https://blog.sina.com.cn/s/blog_6943970c0102zoam.html	于台烟.1989-人间山水【银河唱片】【WAV+CUE】
https://blog.sina.com.cn/s/blog_6943970c0102zoal.html	陈明真.1990-变心的翅膀【华星】【WAV+CUE】
https://blog.sina.com.cn/s/blog_6943970c0102zoak.html	群星.2006-美丽心民谣【野火乐集】【WAV+CUE】
https://blog.sina.com.cn/s/blog_6943970c0102zoaj.html	王识贤.2005-男人泪【华特】【WAV+CUE】
https://blog.sina.com.cn/s/blog_6943970c0102zoai.html	林以乐.2024-素颜的样子【相信音乐】【FLAC分轨】
https://blog.sina.com.cn/s/blog_6943970c0102zoah.html	黎明.1995-天地豪情·一生最爱就是你【宝丽金】【WAV+CUE】
https://blog.sina.com.cn/s/blog_6943970c0102zoaf.html	陈亮吟.1994-走过红尘【腾祥唱片】【WAV+CUE】
https://blog.sina.com.cn/s/blog_6943970c0102zoae.html	姜育恒.1996-男人的心也会痛【飞碟】【WAV+CUE】
https://blog.sina.com.cn/s/blog_6943970c0102zoad.html	林忆莲.1987-灰色【SONY】【WAV+CUE】
https://blog.sina.com.cn/s/blog_6943970c0102zoac.html	苏永康.2011-SO.GREAT.4CD【环球】【WAV+CUE】
https://blog.sina.com.cn/s/blog_6943970c0102zoab.html	叶蓓.2001-双鱼【华纳】【WAV+CUE】
https://blog.sina.com.cn/s/blog_6943970c0102zoaa.html	康姆士COMZ.2016-你要如何，我们就如何【后台音乐】【WAV分轨】
https://blog.sina.com.cn/s/blog_6943970c0102zoa9.html	陈艾湄.1996-牵绊【巨翼】【WAV+CUE】
https://blog.sina.com.cn/s/blog_6943970c0102zoa8.html	群星.1994-摇滚列车【音乐家】【WAV+CUE】
https://blog.sina.com.cn/s/blog_6943970c0102zoa7.html	谢金燕.2002-YOYO姊妹【华特】【WAV+CUE】
https://blog.sina.com.cn/s/blog_6943970c0102zoa6.html	许志安.1998-男人30·许志安30首2CD【华星】【WAV+CUE】
https://blog.sina.com.cn/s/blog_6943970c0102zoa5.html	郑棋元.2024-戏梦【TME】【FLAC分轨】
https://blog.sina.com.cn/s/blog_6943970c0102zoa4.html	群星.2004-原味的夏天电视原声带【擎天娱乐】【WAV+CUE】
https://blog.sina.com.cn/s/blog_6943970c0102zoa3.html	曹方.2005-遇见我【钛友文化】【WAV+CUE】
https://blog.sina.com.cn/s/blog_6943970c0102zoa2.html	游鸿明.1999-五月的雪【大宇国际】【WAV+CUE】
https://blog.sina.com.cn/s/blog_6943970c0102zoa1.html	张靓颖.2012-倾听【少城时代】【WAV+CUE】
https://blog.sina.com.cn/s/blog_6943970c0102zoa0.html	群星.2006-80-90组BAND时代2CD【新世纪】【WAV+CUE】
https://blog.sina.com.cn/s/blog_6943970c0102zo9z.html	群星.2005-影视红星4CD【东尼机构】【WAV+CUE】
https://blog.sina.com.cn/s/blog_6943970c0102zo9y.html	群星.1998-星声相识精选16首【华纳】【WAV+CUE】
https://blog.sina.com.cn/s/blog_6943970c0102zo9x.html	范晓萱100%乐团.2007-突破（EP）【吃草的鱼】【WAV+CUE】
https://blog.sina.com.cn/s/blog_6943970c0102zo9w.html	李玖哲.2005-影子【麻吉娱乐】【WAV+CUE】
https://blog.sina.com.cn/s/blog_6943970c0102zo9v.html	群星.2024-K-DOL爱心增加学院影集原声带【华研国际】【FLAC分轨】
https://blog.sina.com.cn/s/blog_6943970c0102zo9u.html	戴佩妮.2006-IPENNY【喜欢音乐】【WAV+CUE】
https://blog.sina.com.cn/s/blog_6943970c0102zo9t.html	群星.2010-恋花（洪敬尧全新音乐创意）【SONY】【WAV+CUE】
https://blog.sina.com.cn/s/blog_6943970c0102zo9s.html	郭富城.1995-备忘录MEMORANDUM【华纳】【WAV+CUE】
https://blog.sina.com.cn/s/blog_6943970c0102zo9r.html	钱幽兰.1993-新同居时代【BMG】【WAV+CUE】
https://blog.sina.com.cn/s/blog_6943970c0102zo9q.html	郑钧.2003-我们的生活充满阳光【灯火文化】【WAV+CUE】
https://blog.sina.com.cn/s/blog_6943970c0102zo9p.html	群星.2021-当天真遇见爱情O.S.T【芒果娱乐】【FLAC分轨】
https://blog.sina.com.cn/s/blog_6943970c0102zo9o.html	关菊英.1983-说不出再见（2008年环球复黑王限量版）【宝丽金】【WA…
https://blog.sina.com.cn/s/blog_6943970c0102zo9n.html	尹毓恪.2018-浴室与太平洋【海蝶】【FLAC分轨】
https://blog.sina.com.cn/s/blog_6943970c0102zo9m.html	张宇.1995-一言难揪EMI百代】【WAV+CUE】
https://blog.sina.com.cn/s/blog_6943970c0102zo9l.html	尤雅.1995-情海茫茫【怀登唱片】【WAV+CUE】
https://blog.sina.com.cn/s/blog_6943970c0102zo9k.html	群星.1995-宝丽金火红季节【宝丽金】【WAV+CUE】
https://blog.sina.com.cn/s/blog_6943970c0102zo9j.html	叶玉卿.1994-来…寻梦【飞图】【WAV+CUE】
https://blog.sina.com.cn/s/blog_6943970c0102zo9i.html	群星.1998-滾石24K24Bit珍藏版金碟系列·驿动男人心【滚石】【WAV+C…
https://blog.sina.com.cn/s/blog_6943970c0102zo9h.html	方伊琪.1997-喜乐人生【ALS】【WAV+CUE】
https://blog.sina.com.cn/s/blog_6943970c0102zo9g.html	群星.1997-一起走过的岁月【SONY】【WAV+CUE】
https://blog.sina.com.cn/s/blog_6943970c0102zo9f.html	王新莲.1989-如果你不认识我（滚石25周年·经典复刻系列）【滚石】…
https://blog.sina.com.cn/s/blog_6943970c0102zo9e.html	陈盈洁.1993-陈盈洁VS7个男人【风潮】【WAV+CUE】
https://blog.sina.com.cn/s/blog_6943970c0102zo9d.html	群星.2024-流光引影视原声带【飞宝文化】【FLAC分轨】
https://blog.sina.com.cn/s/blog_6943970c0102zo9c.html	陈松龄.1991-月儿弯弯照九州【娱乐唱片】【WAV+CUE】
https://blog.sina.com.cn/s/blog_6943970c0102zo9b.html	卓依婷.1997-皇牌影视金曲2辑【金碟豹】【WAV+CUE】
https://blog.sina.com.cn/s/blog_6943970c0102zo9a.html	小虫.2008-与世无争【海蝶】【WAV+CUE】
https://blog.sina.com.cn/s/blog_6943970c0102zo99.html	李丽珍.1994-纯真【飞碟】【WAV+CUE】
https://blog.sina.com.cn/s/blog_6943970c0102zo98.html	群星.2013-寰亚时代2CD【寰亚】【WAV+CUE】
https://blog.sina.com.cn/s/blog_6943970c0102zo97.html	筷子兄弟.2014-老男孩之猛龙过江电影原声带【乐视】【FLAC分轨】
https://blog.sina.com.cn/s/blog_6943970c0102zo96.html	梁咏琪.1997-洗脸【EEI】【WAV+CUE】
https://blog.sina.com.cn/s/blog_6943970c0102zo95.html	谭咏麟李克勤.2014-左麟右李十周年演唱会3CD（2024环球红馆40复刻…
https://blog.sina.com.cn/s/blog_6943970c0102zo94.html	群星.1993-一曲难忘精丫瑞华】【WAV+CUE】
https://blog.sina.com.cn/s/blog_6943970c0102zo93.html	钟尚荣.1995-只愿一生牵着你的手【波丽佳音】【WAV+CUE】
https://blog.sina.com.cn/s/blog_6943970c0102zo92.html	群星.1990-金装偶像精丫SONY】【WAV+CUE】
https://blog.sina.com.cn/s/blog_6943970c0102zo91.html	李丽蕊.1987-伤心天使（2006复黑版）【永恒】【WAV+CUE】
https://blog.sina.com.cn/s/blog_6943970c0102zo90.html	群星.2012-浮想联翩张国荣ReIMAGINE2CD【环球】【WAV+CUE】
https://blog.sina.com.cn/s/blog_6943970c0102zo8z.html	潘越云.1985-相思已是不曾闲(滚石25周年经典复刻版)【滚石】【WAV+…
https://blog.sina.com.cn/s/blog_6943970c0102zo8y.html	黄征.2009-我是谁的谁【太合麦田】【WAV+CUE】
https://blog.sina.com.cn/s/blog_6943970c0102zo8x.html	群星.1993-金韵民谣风·1977-1982辉煌民歌记录精选3CD【华特】【FLA…
https://blog.sina.com.cn/s/blog_6943970c0102zo8w.html	李祖宁.1992-对不起亲爱的【新格】【WAV+CUE】
https://blog.sina.com.cn/s/blog_6943970c0102zo8v.html	霍正奇.1992-童年时·自尊与自卑【飞鹰】【WAV+CUE】
https://blog.sina.com.cn/s/blog_6943970c0102zo8u.html	羊米人Yummy.Man.2024-无梦少年家【发现梦想】【FLAC分轨】
https://blog.sina.com.cn/s/blog_6943970c0102zo8t.html	群星.1994-新秀系列·永远的偶像【华星】【WAV+CUE】
https://blog.sina.com.cn/s/blog_6943970c0102zo8s.html	邓健泓.2002-朋友二号【正东】【WAV+CUE】
https://blog.sina.com.cn/s/blog_6943970c0102zo8r.html	谭咏麟.2006-ALAN听4CD【环球】【WAV+CUE】
https://blog.sina.com.cn/s/blog_6943970c0102zo8q.html	何方.1995-爱一个人要多久【瑞星】【WAV+CUE】
https://blog.sina.com.cn/s/blog_6943970c0102zo8p.html	刘德华.2020-演·唱【映艺音乐】【WAV+CUE】
https://blog.sina.com.cn/s/blog_6943970c0102zo8o.html	马兆骏.1996-美姑娘【EMI百代】【WAV+CUE】
https://blog.sina.com.cn/s/blog_6943970c0102zo8n.html	丁当.2019-爱到不要命【相信音乐】【WAV+CUE】
https://blog.sina.com.cn/s/blog_6943970c0102zo8m.html	赵咏华.1992-我想我已经爱上你【全美唱片】【WAV+CUE】
https://blog.sina.com.cn/s/blog_6943970c0102zo8l.html	窦靖童.2024-空中飞人【GreyWaters】【FLAC分轨】
https://blog.sina.com.cn/s/blog_6943970c0102zo8k.html	郑希怡.2005-Yumiko【英皇娱乐】【FLAC分轨】
https://blog.sina.com.cn/s/blog_6943970c0102zo8j.html	韩宝仪.2014-潇洒经典金曲·南方金点系列2CD【南方】【WAV+CUE】
https://blog.sina.com.cn/s/blog_6943970c0102zo8i.html	群星.2000-滚石字典·国语部3CD【滚石】【WAV+CUE】
https://blog.sina.com.cn/s/blog_6943970c0102zo8h.html	ChiliChill.2024-混入人类计划【StreetVoice】【FLAC分轨】
https://blog.sina.com.cn/s/blog_6943970c0102zo8g.html	翁立友.2010-不能讲的秘密【豪记】【WAV+CUE】
https://blog.sina.com.cn/s/blog_6943970c0102zo8f.html	陈淑桦.1995-淑桦盛开Forever【滚石】【WAV+CUE】
https://blog.sina.com.cn/s/blog_6943970c0102zo8e.html	群星.2022-星河长明电视原声带【乐有奇思】【FLAC分轨】
https://blog.sina.com.cn/s/blog_6943970c0102zo8d.html	刘美君.2017-千色·30总选3CD【环球】【WAV+CUE】
https://blog.sina.com.cn/s/blog_6943970c0102zo8c.html	洪卓立.2010-TASTE.OF.LOVE新曲+精丫英皇娱乐】【WAV+CUE】
https://blog.sina.com.cn/s/blog_6943970c0102zo8b.html	黄小琥.2009-简单／不简单【华纳】【WAV+CUE】
https://blog.sina.com.cn/s/blog_6943970c0102zo8a.html	陈明.1998-为了爱影视歌曲+新歌【中唱】【WAV+CUE】
https://blog.sina.com.cn/s/blog_6943970c0102zo89.html	群星.1994-非常精丫宝丽金】【WAV+CUE】
https://blog.sina.com.cn/s/blog_6943970c0102zo88.html	徐小凤.1997-金曲精选（康艺经典珍藏系列）【康艺成音】【WAV+CUE…
https://blog.sina.com.cn/s/blog_6943970c0102zo87.html	林宥嘉.2008-神秘嘉宾（引进版）【华研国际】【WAV+CUE】
https://blog.sina.com.cn/s/blog_6943970c0102zo86.html	李玟.2008-1994-2008豪华典藏精选2CD【SONY】【WAV+CUE】
https://blog.sina.com.cn/s/blog_6943970c0102zo85.html	呼吸乐队.1992-THEBREATHING【深飞】【WAV+CUE】
https://blog.sina.com.cn/s/blog_6943970c0102zo84.html	卫华.1990-太阳升【BMG】【WAV+CUE】
https://blog.sina.com.cn/s/blog_6943970c0102zo83.html	群星.2022-一不小心喵上你原声大碟【TME影音】【FLAC分轨】
https://blog.sina.com.cn/s/blog_6943970c0102zo82.html	杜德伟.1997-知.解2CD【滚石】【WAV+CUE】
https://blog.sina.com.cn/s/blog_6943970c0102zo81.html	群星.1994-全世界精丫华星】【WAV+CUE】
https://blog.sina.com.cn/s/blog_6943970c0102zo80.html	ECHO.1991-你是爱我还是需要我（国专）【EMI百代】【WAV+CUE】
https://blog.sina.com.cn/s/blog_6943970c0102zo7z.html	59.9高校生.1994-素兰万岁【上华】【WAV+CUE】
https://blog.sina.com.cn/s/blog_6943970c0102zo7y.html	刀郎.2006-刀郎【九雨天下】【WAV+CUE】
https://blog.sina.com.cn/s/blog_6943970c0102zo7x.html	坣娜.1998-别恋【非常喜】【WAV+CUE】
https://blog.sina.com.cn/s/blog_6943970c0102zo7w.html	群星.1994-新滚石九大天王之年度大丫滚石】【WAV+CUE】
https://blog.sina.com.cn/s/blog_6943970c0102zo7v.html	群星.1992-滚石九大天王·十二出好戏【滚石】【WAV+CUE】
https://blog.sina.com.cn/s/blog_6943970c0102zo7u.html	群星.1993-滚石九大天王十二出好戏·贺岁齐唱【滚石】【WAV+CUE】
https://blog.sina.com.cn/s/blog_6943970c0102zo7t.html	群星.1993-滚石九大天王十二出好戏·纵夏欢唱【滚石】【WAV+CUE】
https://blog.sina.com.cn/s/blog_6943970c0102zo7s.html	群星.1995-新滚石九大天王之情歌大全【滚石】【WAV+CUE】
https://blog.sina.com.cn/s/blog_6943970c0102zo7r.html	曾轶可.2011-一只猫的旅行【天娱传媒】【WAV+CUE】
https://blog.sina.com.cn/s/blog_6943970c0102zo7q.html	黑豹乐队.1993-光芒之神【摇音晨【WAV+CUE】
https://blog.sina.com.cn/s/blog_6943970c0102zo7p.html	冼佩瑾.2024-女儿Daughter（EP）【杰威尔】【FLAC分轨】
https://blog.sina.com.cn/s/blog_6943970c0102zo7o.html	许美静.1995-遗憾（新马版）【上华】【WAV+CUE】
https://blog.sina.com.cn/s/blog_6943970c0102zo7n.html	陈奕迅.2013-Easons.Life演唱会2CD（2024环球红馆40复刻系列）【环…
https://blog.sina.com.cn/s/blog_6943970c0102zo7m.html	五条人.2012-一些风景2CD【刀马旦】【WAV+CUE】
https://blog.sina.com.cn/s/blog_6943970c0102zo7l.html	曾淑勤.1993-金选集【点将】【WAV+CUE】
https://blog.sina.com.cn/s/blog_6943970c0102zo7k.html	王栎鑫.2008-天生一对（EP）【种子音乐】【WAV+CUE】
https://blog.sina.com.cn/s/blog_6943970c0102zo7j.html	群星.1995-SUMMER.PASSION.REMIX【宝丽金】【WAV+CUE】
https://blog.sina.com.cn/s/blog_6943970c0102zo7i.html	王瑞霞.1996-是我太软心【名冠】【WAV+CUE】
https://blog.sina.com.cn/s/blog_6943970c0102zo7h.html	袁培华.1992-有缘【歌林】【WAV+CUE】
https://blog.sina.com.cn/s/blog_6943970c0102zo7g.html	陈慧琳.2002-闪亮每一天新歌+精选2CD【正东】【WAV+CUE】
https://blog.sina.com.cn/s/blog_6943970c0102zo7f.html	群星.2024-凡人歌电视剧原声带【正午阳光】【FLAC分轨】
https://blog.sina.com.cn/s/blog_6943970c0102zo7e.html	林美音.1993-酒后的心声【瑞华】【WAV+CUE】
https://blog.sina.com.cn/s/blog_6943970c0102zo7d.html	王菲.1999-只爱陌生人【EMI百代】【WAV+CUE】
https://blog.sina.com.cn/s/blog_6943970c0102zo7c.html	群星.1995-烧得厉害VOL.4两个世界【滚石】【WAV+CUE】
https://blog.sina.com.cn/s/blog_6943970c0102zo7b.html	群星.1994-烧得厉害VOL.3风笑痴【滚石】【WAV+CUE】
https://blog.sina.com.cn/s/blog_6943970c0102zo7a.html	群星.1994-烧得厉害VOL.2我不是一个人拙滚石】【WAV+CUE】
https://blog.sina.com.cn/s/blog_6943970c0102zo79.html	群星.1993-烧得厉害VOL.1好戏好歌唱不停【滚石】【WAV+CUE】
https://blog.sina.com.cn/s/blog_6943970c0102zo78.html	群星.2024-长乐曲电视剧原声带【TME影音】【FLAC分轨】
https://blog.sina.com.cn/s/blog_6943970c0102zo77.html	群星.2009-原班情歌2CD【SONY】【WAV+CUE】
https://blog.sina.com.cn/s/blog_6943970c0102zo76.html	林隆璇.1993-收藏昨日【福茂】【WAV+CUE】
https://blog.sina.com.cn/s/blog_6943970c0102zo75.html	张秀卿.2019-感情骗子【豪记】【WAV+CUE】
https://blog.sina.com.cn/s/blog_6943970c0102zo74.html	陈秋霞.1977-温馨在我心（LP版）【歌林】【WAV+CUE】
https://blog.sina.com.cn/s/blog_6943970c0102zo73.html	群星.1994-神摇第一章·极乐扬州路【D.I.Y】【WAV+CUE】
https://blog.sina.com.cn/s/blog_6943970c0102zo72.html	何雨雯.1994-给你的歌【天王唱片】【WAV+CUE】
https://blog.sina.com.cn/s/blog_6943970c0102zo71.html	李泉.1995-上海梦【魔岩】【WAV+CUE】
https://blog.sina.com.cn/s/blog_6943970c0102zo70.html	林姗.2009-个人精选集【芮河】【WAV+CUE】
https://blog.sina.com.cn/s/blog_6943970c0102zo6z.html	张国荣.1995-宠爱（2014年K2HD限量版）【滚石】【WAV+CUE】
https://blog.sina.com.cn/s/blog_6943970c0102zo6y.html	没有才能.2024-我终于也变成人了【华研国际】【FLAC分轨】
https://blog.sina.com.cn/s/blog_6943970c0102zo6x.html	群星.2021-流金岁月电视剧原声带【仁溪音乐】【FLAC分轨】
https://blog.sina.com.cn/s/blog_6943970c0102zo6w.html	群星.1991-8大巨星展魅力【新丽声】【WAV+CUE】
https://blog.sina.com.cn/s/blog_6943970c0102zo6v.html	林珊如.1997-神秘的感觉【鸿谷唱片】【WAV+CUE】
https://blog.sina.com.cn/s/blog_6943970c0102zo6u.html	梁汉文.1995-抱着你感觉很好【华星】【WAV+CUE】
https://blog.sina.com.cn/s/blog_6943970c0102zo6t.html	李宇春.2014-1987我不知会遇见你【天娱传媒】【WAV+CUE】
https://blog.sina.com.cn/s/blog_6943970c0102zo6s.html	许冠杰.2003-四合一珍藏集4CD【宝丽金】【WAV+CUE】
https://blog.sina.com.cn/s/blog_6943970c0102zo6r.html	胡杨林.2011-爱上了瘾（EP）【喜欢音乐】【WAV+CUE】
https://blog.sina.com.cn/s/blog_6943970c0102zo6q.html	群星.1994-宝丽金主题曲巡礼【宝丽金】【WAV+CUE】
https://blog.sina.com.cn/s/blog_6943970c0102zo6p.html	群星.2024-小财迷影视剧原声带【星辰盛想】【FLAC分轨】
https://blog.sina.com.cn/s/blog_6943970c0102zo6o.html	温拿乐队.2007-温拿33好时光演唱会2CD（2024环球红馆40复刻系列）…
https://blog.sina.com.cn/s/blog_6943970c0102zo6n.html	曹雅雯.2018-小说【美乐蒂】【FLAC分轨】
https://blog.sina.com.cn/s/blog_6943970c0102zo6m.html	黎瑞恩.1992-雨季不再来【宝丽金】【WAV+CUE】
https://blog.sina.com.cn/s/blog_6943970c0102zo6l.html	群星.1995-爱情，勿语【可登】【WAV+CUE】
https://blog.sina.com.cn/s/blog_6943970c0102zo6k.html	高明骏.1993-透过你的双眼【巨冀】【WAV+CUE】
https://blog.sina.com.cn/s/blog_6943970c0102zo6j.html	BEYOND.2005-永远等待25周年限量版5CD【KINNS】【WAV+CUE】
https://blog.sina.com.cn/s/blog_6943970c0102zo6i.html	蒋明.2015-空山【大象音乐】【FLAC分轨】
https://blog.sina.com.cn/s/blog_6943970c0102zo6h.html	江淑娜.1988-琼瑶原著电视连续剧主题曲【风格】【WAV+CUE】
https://blog.sina.com.cn/s/blog_6943970c0102zo6g.html	陆虎.2024-时间是个有趣的东西【天娱传媒】【FLAC分轨】
https://blog.sina.com.cn/s/blog_6943970c0102zo6f.html	洪卓立.2012-找个懂我的女孩（国专）【英皇娱乐】【WAV+CUE】
https://blog.sina.com.cn/s/blog_6943970c0102zo6e.html	高林生.1993-牵挂你的人是我【白天鹅】【WAV+CUE】
https://blog.sina.com.cn/s/blog_6943970c0102zo6d.html	隔壁老樊.2019-我曾【好听音乐】【FLAC分轨】
https://blog.sina.com.cn/s/blog_6943970c0102zo6c.html	华少翌.2005-华少翌【中唱艺能】【WAV+CUE】
https://blog.sina.com.cn/s/blog_6943970c0102zo6b.html	群星.2009-Magic.Cover日粤精华3CD【环球】【WAV+CUE】
https://blog.sina.com.cn/s/blog_6943970c0102zo6a.html	翁立友.2008-恨孤单【大旗】【WAV+CUE】
https://blog.sina.com.cn/s/blog_6943970c0102zo69.html	群星.2024-我们永远是我们电影原声带【乐禾发文化】【FLAC分轨】
https://blog.sina.com.cn/s/blog_6943970c0102zo68.html	于台烟.2003-爱自己【乾坤唱片】【WAV+CUE】
https://blog.sina.com.cn/s/blog_6943970c0102zo67.html	陈百强.1993-离不开...纪念歌集2CD【华纳】【WAV+CUE】
https://blog.sina.com.cn/s/blog_6943970c0102zo66.html	草蜢.1997-三人世界精选17首【宝丽金】【WAV+CUE】
https://blog.sina.com.cn/s/blog_6943970c0102zo65.html	周殷廷.2024-TO.WHOM.IT.MAY.CONCERN【环球】【FLAC分轨】
https://blog.sina.com.cn/s/blog_6943970c0102zo64.html	群星.1990-电影看板·人间道【宝丽金】【WAV+CUE】
https://blog.sina.com.cn/s/blog_6943970c0102zo63.html	无印良品.1999-私藏三首·原创相对论（EP）【滚石】【WAV+CUE】
https://blog.sina.com.cn/s/blog_6943970c0102zo62.html	顺子.2001-昨日·唯一·更多·顺子自选辑【魔岩】【WAV+CUE】
https://blog.sina.com.cn/s/blog_6943970c0102zo61.html	段奥娟.2024-23·岁碎念【白米范】【FLAC分轨】
https://blog.sina.com.cn/s/blog_6943970c0102zo60.html	群星.1991-不一样的感觉REMIX【宝丽金】【WAV+CUE】
https://blog.sina.com.cn/s/blog_6943970c0102zo5z.html	苏慧伦.2020-面面Every.Side.of.Me【相信音乐】【WAV+CUE】
https://blog.sina.com.cn/s/blog_6943970c0102zo5y.html	苏芮.1991-停在我心里的温柔【福茂】【WAV+CUE】
https://blog.sina.com.cn/s/blog_6943970c0102zo5x.html	童安格.1991-一世情缘【宝丽金】【WAV+CUE】
https://blog.sina.com.cn/s/blog_6943970c0102zo5w.html	成龙.1996-龙的心【滚石】【WAV+CUE】
https://blog.sina.com.cn/s/blog_6943970c0102zo5v.html	辛禄乐队.2024-热烈的少年【星辰】【FLAC分轨】
https://blog.sina.com.cn/s/blog_6943970c0102zo5u.html	陈慧娴.1996-雪映美白96演唱会2CD（2024环球红馆40复刻系列）【环…
https://blog.sina.com.cn/s/blog_6943970c0102zo5t.html	蔣志光.1993-多情多寂寞（国专）【BMG】【WAV+CUE】
https://blog.sina.com.cn/s/blog_6943970c0102zo5s.html	龙千玉.2011-卡将哟【豪记】【WAV+CUE】
https://blog.sina.com.cn/s/blog_6943970c0102zo5r.html	何耀珊.2006-收获【华纳】【WAV+CUE】
https://blog.sina.com.cn/s/blog_6943970c0102zo5q.html	乐俊亨.2024-同泪【CharioticMusic】【FLAC分轨】
https://blog.sina.com.cn/s/blog_6943970c0102zo5p.html	群星.1994-宝丽金最倾情3CD【宝丽金】【WAV+CUE】
https://blog.sina.com.cn/s/blog_6943970c0102zo5o.html	余天.2002-雄狮魅力金曲2CD（南方金点系列）【南方】【WAV+CUE】
https://blog.sina.com.cn/s/blog_6943970c0102zo5n.html	张芸京.2012-小女孩【金牌大风】【WAV+CUE】
https://blog.sina.com.cn/s/blog_6943970c0102zo5m.html	鹿晗.2015-重启【海蝶】【FLAC分轨】
https://blog.sina.com.cn/s/blog_6943970c0102zo5l.html	林俊杰.2014-新地球（精装预售“光”版）【华纳】【WAV+CUE】
https://blog.sina.com.cn/s/blog_6943970c0102zo5k.html	群星.1990-宝丽金影视金曲巡礼【宝丽金】【WAV+CUE】
https://blog.sina.com.cn/s/blog_6943970c0102zo5j.html	方伊琪.1976-时光消逝（2015复黑限量版）【风行】【WAV+CUE】
https://blog.sina.com.cn/s/blog_6943970c0102zo5i.html	薰妮.1983-梦+淡（2000年永恒真存双碟版）【永恒】【WAV+CUE】
https://blog.sina.com.cn/s/blog_6943970c0102zo5h.html	黄鹤翔.1998-爱的咏叹调【中唱】【WAV+CUE】
https://blog.sina.com.cn/s/blog_6943970c0102zo5g.html	刘美君.1993-被你纵坏【SONY】【WAV+CUE】
https://blog.sina.com.cn/s/blog_6943970c0102zo5f.html	张雨生.1997-口是心非【丰华】【WAV+CUE】
https://blog.sina.com.cn/s/blog_6943970c0102zo5e.html	黄乙玲.2005-甲你作伴【亚律音乐】【WAV+CUE】
https://blog.sina.com.cn/s/blog_6943970c0102zo5d.html	陈美玲.1987-孤单的心【EMI百代】【WAV+CUE】
https://blog.sina.com.cn/s/blog_6943970c0102zo5c.html	软硬天师.2006-LONG.TIME.NO.SEE【金牌大风】【WAV+CUE】
https://blog.sina.com.cn/s/blog_6943970c0102zo5b.html	群星.2007-歌林10年流行岁月12CD【歌林】【WAV+CUE】
https://blog.sina.com.cn/s/blog_6943970c0102zo5a.html	袁培华.1990-我写不出一首情歌给我最爱的你【可登】【WAV+CUE】
https://blog.sina.com.cn/s/blog_6943970c0102zo59.html	江惠仪.2011-感謝您【禾广娱乐】【FLAC分轨】
https://blog.sina.com.cn/s/blog_6943970c0102zo58.html	邓紫棋.2010-MYSECRET【蜂鸟音乐】【WAV+CUE】
https://blog.sina.com.cn/s/blog_6943970c0102zo57.html	张星特.2024-流绪呢喃【中视鸣达】【FLAC分轨】
https://blog.sina.com.cn/s/blog_6943970c0102zo56.html	许志安.2002-On.Show演唱会2CD（2024环球红馆40复刻系列）【环球】…
https://blog.sina.com.cn/s/blog_6943970c0102zo54.html	群星.2000-超级BAND.BAND.BAND【滚石】【WAV+CUE】
https://blog.sina.com.cn/s/blog_6943970c0102zo53.html	陈珊妮.2013-低调人生2CD【和气音乐】【WAV+CUE】
https://blog.sina.com.cn/s/blog_6943970c0102zo52.html	罗文.2022-大地留着的记号·纪念罗文辞别廿载3CD【环球】【WAV+CUE…
https://blog.sina.com.cn/s/blog_6943970c0102zo51.html	谭咏麟.1989-像我这样的朋友【宝丽金】【WAV+CUE】
https://blog.sina.com.cn/s/blog_6943970c0102zo50.html	蓝心湄.2000-你开心了湄2CD【SONY】【WAV+CUE】
https://blog.sina.com.cn/s/blog_6943970c0102zo4z.html	群星.2021-一生一世电视剧原声带【韶愔音乐】【FLAC分轨】
https://blog.sina.com.cn/s/blog_6943970c0102zo4y.html	范晓萱.1995-RAIN【福茂】【WAV+CUE】
https://blog.sina.com.cn/s/blog_6943970c0102zo4x.html	曾琳.2011-好好爱我【南方】【WAV+CUE】
https://blog.sina.com.cn/s/blog_6943970c0102zo4w.html	周汤豪.2010-周汤豪【华纳】【FLAC分轨】
https://blog.sina.com.cn/s/blog_6943970c0102zo4v.html	林子祥.1984-创作歌集【华纳】【WAV+CUE】
https://blog.sina.com.cn/s/blog_6943970c0102zo4u.html	群星.1992-滚石第一流台湾歌·12王牌大车拼【滚石】【WAV+CUE】
https://blog.sina.com.cn/s/blog_6943970c0102zo4t.html	潘秀琼.1994-木兰从军【名将】【WAV+CUE】
https://blog.sina.com.cn/s/blog_6943970c0102zo4s.html	许志安.2011-ON.AND.ON【东亚】【WAV+CUE】
https://blog.sina.com.cn/s/blog_6943970c0102zo4r.html	郭采洁.2015-Begin.Again爱造飞鸡【华纳】【FLAC分轨】
https://blog.sina.com.cn/s/blog_6943970c0102zo4q.html	杨千嬅.2002-万紫千红演唱会2CD（2024环球红馆40复刻系列）【环球…
https://blog.sina.com.cn/s/blog_6943970c0102zo4p.html	吴倩莲.1997-望爱【EMI百代】【WAV+CUE】
https://blog.sina.com.cn/s/blog_6943970c0102zo4o.html	群星.1994-大烂片2辑【派森】【WAV+CUE】
https://blog.sina.com.cn/s/blog_6943970c0102zo4n.html	范文芳.1996-FNNTASY【HYPE】【WAV+CUE】
https://blog.sina.com.cn/s/blog_6943970c0102zo4m.html	狮子合唱团.2016-LION（引进版）【华纳】【WAV+CUE】
https://blog.sina.com.cn/s/blog_6943970c0102zo4l.html	王俪婷.2011-ROMANCE【华研国际】【WAV+CUE】
https://blog.sina.com.cn/s/blog_6943970c0102zo4k.html	刘宇.2024-宇宙诗人【哔哟哔哟文化】【FLAC分轨】
https://blog.sina.com.cn/s/blog_6943970c0102zo4j.html	范莉丝.1979-送郎一朵牵牛花（LP版）【大联机构】【WAV+CUE】
https://blog.sina.com.cn/s/blog_6943970c0102zo4i.html	Supper.Moment.2016-The.Moment【寰亚】【FLAC分轨】
https://blog.sina.com.cn/s/blog_6943970c0102zo4h.html	林忆莲.2019-0（2023精装版）【环球】【WAV+CUE】
https://blog.sina.com.cn/s/blog_6943970c0102zo4g.html	群星.1994-宝丽金超级孖宝2CD【宝丽金】【WAV+CUE】
https://blog.sina.com.cn/s/blog_6943970c0102zo4f.html	郑希怡.2004-Perfect.Date【英皇娱乐】【FLAC分轨】
https://blog.sina.com.cn/s/blog_6943970c0102zo4e.html	李明依.1989-小女生【滚石】【WAV+CUE】
https://blog.sina.com.cn/s/blog_6943970c0102zo4d.html	陈柏宇.2009-CANT.BE.HALF【SONY】【WAV+CUE】
https://blog.sina.com.cn/s/blog_6943970c0102zo4c.html	潘越云.1985-世间女子(滚石25周年经典复刻版)【滚石】【WAV+CUE】
https://blog.sina.com.cn/s/blog_6943970c0102zo4b.html	群星.2022-传家电视剧原声带【东阳欢娱】【FLAC分轨】
https://blog.sina.com.cn/s/blog_6943970c0102zo4a.html	王菲.1996-浮躁（2024环球MQA-UHQCD限量版）【环球】【WAV+CUE】
https://blog.sina.com.cn/s/blog_6943970c0102zo49.html	群星.2000-大地金曲世纪回顾2CD【大地】【WAV+CUE】
https://blog.sina.com.cn/s/blog_6943970c0102zo48.html	黄心懋1991-轻忧郁【滚石】【WAV+CUE】
https://blog.sina.com.cn/s/blog_6943970c0102zo47.html	郭美美.2010-我是郭美美【华纳】【WAV+CUE】
https://blog.sina.com.cn/s/blog_6943970c0102zo46.html	江玲.1989-这样你才爱我，是吗？【新作有声】【WAV+CUE】
https://blog.sina.com.cn/s/blog_6943970c0102zo45.html	谭咏麟.2000-魅力千禧演唱会2CD（2024环球红馆40复刻系列）【环球…
https://blog.sina.com.cn/s/blog_6943970c0102zo44.html	范世錡.2024-錡妙夜（EP）【天娱传媒】【FLAC分轨】
https://blog.sina.com.cn/s/blog_6943970c0102zo43.html	群星.2000-电影主题曲原声带·琼瑶的世界【歌林】【WAV+CUE】
https://blog.sina.com.cn/s/blog_6943970c0102zo42.html	关智斌.2007-In.Progress【英皇娱乐】【FLAC分轨】
https://blog.sina.com.cn/s/blog_6943970c0102zo41.html	林翠萍.1991-舞曲世界2辑【星河】【WAV+CUE】
https://blog.sina.com.cn/s/blog_6943970c0102zo40.html	群星.2024-Jambo.Medley（BEYOND40周年·致敬2）【Kinns】【FLAC分…
https://blog.sina.com.cn/s/blog_6943970c0102zo3z.html	许美静.1999-快乐无罪【上华】【WAV+CUE】
https://blog.sina.com.cn/s/blog_6943970c0102zo3y.html	张学友.1999-有个人【宝丽金】【WAV+CUE】
https://blog.sina.com.cn/s/blog_6943970c0102zo3x.html	陈思安.1993-怀念福建金曲5CD【歌丽美】【WAV+CUE】
https://blog.sina.com.cn/s/blog_6943970c0102zo3w.html	黄凯芹.1990-给你留念（2024环球MQA-UHQCD限量版）【环球】【WAV+C…
https://blog.sina.com.cn/s/blog_6943970c0102zo3v.html	陈晓东.1997-在乎你感受（EP）【宝丽金】【WAV+CUE】
https://blog.sina.com.cn/s/blog_6943970c0102zo3u.html	梁静茹.2007-崇拜【相信音乐】【WAV+CUE】
https://blog.sina.com.cn/s/blog_6943970c0102zo3t.html	金佩姗.1997-喜新恋旧【现代派】【WAV+CUE】
https://blog.sina.com.cn/s/blog_6943970c0102zo3s.html	洪卓立.2012-GROWN.UP【英皇娱乐】【WAV+CUE】
https://blog.sina.com.cn/s/blog_6943970c0102zo3r.html	群星.2009-NOON.D.广东.2CD【新世纪】【WAV+CUE】
https://blog.sina.com.cn/s/blog_6943970c0102zo3q.html	李恕权.2003-回·20年全精选2CD【SONY】【WAV+CUE】
https://blog.sina.com.cn/s/blog_6943970c0102zo3p.html	李幸倪.2018-First.Of.All.Live.Concert.3CD（2024环球红馆40复刻…
https://blog.sina.com.cn/s/blog_6943970c0102zo3o.html	山风点伙.1997-深藏不露【立得】【WAV+CUE】
https://blog.sina.com.cn/s/blog_6943970c0102zo3n.html	Sweety.2006-花言乔语【丰华】【WAV+CUE】
https://blog.sina.com.cn/s/blog_6943970c0102zo3m.html	关淑怡.2013-MY.FAVORITE.SK.3CD【环球】【WAV+CUE】
https://blog.sina.com.cn/s/blog_6943970c0102zo3l.html	陈雷.1997-安锁咧【金圆唱片】【WAV+CUE】
https://blog.sina.com.cn/s/blog_6943970c0102zo3k.html	群星.2024-四方馆影视原声带【韶愔音乐】【FLAC分轨】
https://blog.sina.com.cn/s/blog_6943970c0102zo3j.html	许巍.2004-每一刻都是崭新的【步升大风】【WAV+CUE】
https://blog.sina.com.cn/s/blog_6943970c0102zo3i.html	陈家慧.2011-钢琴酒吧2CD【龙吟唱片】【WAV+CUE】
https://blog.sina.com.cn/s/blog_6943970c0102zo3h.html	郑秀文.1999-我应该得到（国）【华纳】【WAV+CUE】
https://blog.sina.com.cn/s/blog_6943970c0102zo3g.html	陈慧娴.2018-Priscilla-Ism演唱会3CD（2024环球红馆40复刻系列）【…
https://blog.sina.com.cn/s/blog_6943970c0102zo3f.html	孙悦.1996-伙伴【正大国际】【ＷAV+CUE】
https://blog.sina.com.cn/s/blog_6943970c0102zo3e.html	群星.2005-LOVE情歌集VOL.5.2CD【正东】【WAV+CUE】
https://blog.sina.com.cn/s/blog_6943970c0102zo3d.html	石欣卉.2007-剧欣卉集·完整电视剧主题精丫华纳】【WAV+CUE】
https://blog.sina.com.cn/s/blog_6943970c0102zo3c.html	许景淳.1992-你来自何方【全美唱片】【WAV+CUE】
https://blog.sina.com.cn/s/blog_6943970c0102zo3b.html	李国祥.1995-九五变奏【嘉音】【WAV+CUE】
https://blog.sina.com.cn/s/blog_6943970c0102zo3a.html	戴梅君.2011-问签诗【美华】【WAV+CUE】
https://blog.sina.com.cn/s/blog_6943970c0102zo39.html	陈淑桦.1990-娃娃的故事【柯达】【WAV+CUE】
https://blog.sina.com.cn/s/blog_6943970c0102zo38.html	群星.1981-名曲65（2014环球复黑王·百代篇）【EMI百代】【WAV+CUE…
https://blog.sina.com.cn/s/blog_6943970c0102zo37.html	庾澄庆.1988-错过的爱【福茂】【WAV+CUE】
https://blog.sina.com.cn/s/blog_6943970c0102zo36.html	裘海正.1994-爱我的人和我爱的人【上华】【WAV+CUE】
https://blog.sina.com.cn/s/blog_6943970c0102zo35.html	陈容森.1996-情断【上华】【WAV+CUE】
https://blog.sina.com.cn/s/blog_6943970c0102zo34.html	邓丽君.1983-漫步人生路（2024环球MQA-UHQCD限量版）【环球】【WAV…
https://blog.sina.com.cn/s/blog_6943970c0102zo33.html	王恩喆.2024-黄沙【KOOD】【FLAC分轨】
https://blog.sina.com.cn/s/blog_6943970c0102zo32.html	高卿尘.2024-情绪商店【Hahahai】【FLAC分轨】
https://blog.sina.com.cn/s/blog_6943970c0102zo31.html	潘美辰.2006-最冷的夏天（引进版）【美梦辰真】【WAV+CUE】
https://blog.sina.com.cn/s/blog_6943970c0102zo30.html	米志宏.1994-HAPPY1994【波丽佳音】【WAV+CUE】
https://blog.sina.com.cn/s/blog_6943970c0102zo2z.html	陈慧琳.2008-Love.Fighters演唱会3CD（2024环球红馆40复刻系列）【…
https://blog.sina.com.cn/s/blog_6943970c0102zo2y.html	沈雁.1986-四季（2012梦田复刻版）【白云唱片】【WAV+CUE】
https://blog.sina.com.cn/s/blog_6943970c0102zo2x.html	群星.2020-同步过冬2020冀待晴空【环球】【WAV+CUE】
https://blog.sina.com.cn/s/blog_6943970c0102zo2w.html	群星.2001-同步过冬AVCD【环球】【WAV+CUE】
https://blog.sina.com.cn/s/blog_6943970c0102zo2v.html	群星.2008-本色·百代音乐人创作专辑【EMI百代】【WAV+CUE】
https://blog.sina.com.cn/s/blog_6943970c0102zo2u.html	齐秦.1994-黄金十年1981-1990CHINA.TOUR.LIVE精丫上华】【WAV+CUE…
https://blog.sina.com.cn/s/blog_6943970c0102zo2t.html	刘雅丽.2001-丽花皇后·EMI精选王【EMI百代】【FLAC分轨】
https://blog.sina.com.cn/s/blog_6943970c0102zo2s.html	景冈山.1996-我的眼里只有你【大地唱片】【WAV+CUE】
https://blog.sina.com.cn/s/blog_6943970c0102zo2r.html	王翠玲.1995-ANGEL【新艺宝】【WAV+CUE】
https://blog.sina.com.cn/s/blog_6943970c0102zo2q.html	张信哲.1992-知道新曲与精丫巨石】【WAV+CUE】
https://blog.sina.com.cn/s/blog_6943970c0102zo2p.html	黄妃.2005-红【亚律】【WAV+CUE】
https://blog.sina.com.cn/s/blog_6943970c0102zo2o.html	林忆莲.1996-爱莲说2CD【华纳】【WAV+CUE】
https://blog.sina.com.cn/s/blog_6943970c0102zo2n.html	何洛洛.2024-别叫醒我（EP）【光羽】【FLAC分轨】
https://blog.sina.com.cn/s/blog_6943970c0102zo2m.html	陈慧娴.1989-永远是你的朋友（2024环球MQA-UHQCD限量版）【环球】…
https://blog.sina.com.cn/s/blog_6943970c0102zo2l.html	群星.2024-聆听“某某”影视原声带【华纳】【FLAC分轨】
https://blog.sina.com.cn/s/blog_6943970c0102zo2k.html	群星.1994-宝丽金最流行3CD【宝丽金】【WAV+CUE】
https://blog.sina.com.cn/s/blog_6943970c0102zo2j.html	麦洁文.1989-新曲与精丫新艺宝】【WAV+CUE】
https://blog.sina.com.cn/s/blog_6943970c0102zo2i.html	群星.1981-新金曲奖·青年创作园地12合辑（喜玛拉雅复刻版）【歌林…
https://blog.sina.com.cn/s/blog_6943970c0102zo2h.html	魏如萱.2011-在哪里（EP）【添翼创越】【WAV+CUE】
https://blog.sina.com.cn/s/blog_6943970c0102zo2g.html	张宇.2001-替身【EMI百代】【WAV+CUE】
https://blog.sina.com.cn/s/blog_6943970c0102zo2f.html	蟑螂乐队.1999-帮个忙【福茂】【WAV+CUE】
https://blog.sina.com.cn/s/blog_6943970c0102zo2e.html	张含韵.2007-一人一梦【天中文化】【WAV+CUE】
https://blog.sina.com.cn/s/blog_6943970c0102zo2d.html	谢采妘.2016-邓丽君名曲专辑【丰荣】【WAV+CUE】
https://blog.sina.com.cn/s/blog_6943970c0102zo2c.html	小虫.1996-想得太美【滚石】【WAV+CUE】
https://blog.sina.com.cn/s/blog_6943970c0102zo2b.html	田震.1997-顺其自然（日版）【红星生产社】【WAV+CUE】
https://blog.sina.com.cn/s/blog_6943970c0102zo2a.html	陈冠希.2003-HITS.OR.MISSES【英皇娱乐】【WAV+CUE】
https://blog.sina.com.cn/s/blog_6943970c0102zo29.html	陈怡婷.2024-予你的心谁来赔【福茂】【FLAC分轨】
https://blog.sina.com.cn/s/blog_6943970c0102zo28.html	Beyond.1989-真的见证（2024环球MQA-UHQCD限量版）【环球】【WAV+C…
https://blog.sina.com.cn/s/blog_6943970c0102zo27.html	胡鸿钧.2021-ex：CHANGE【星梦娱乐】【WAV+CUE】
https://blog.sina.com.cn/s/blog_6943970c0102zo26.html	群星.1994-音乐工厂3·儿童乐园【音乐工厂】【WAV+CUE】
https://blog.sina.com.cn/s/blog_6943970c0102zo25.html	群星.1992-音乐工厂2·首都【音乐工厂】【WAV+CUE】
https://blog.sina.com.cn/s/blog_6943970c0102zo24.html	群星.1991-音乐工厂1·皇后大道东【音乐工厂】【WAV+CUE】
https://blog.sina.com.cn/s/blog_6943970c0102zo23.html	张芸京.2016-失败的高歌【泡耳音乐】【WAV+CUE】
https://blog.sina.com.cn/s/blog_6943970c0102zo22.html	唐朝.2008-浪漫骑士【音乐家】【WAV+CUE】
https://blog.sina.com.cn/s/blog_6943970c0102zo21.html	刘德华.2000-爱无知（金装版）【NEWMELODY】【WAV+CUE】
https://blog.sina.com.cn/s/blog_6943970c0102zo20.html	群星.1993-一曲成名·青春无悔【飞碟】【WAV+CUE】
https://blog.sina.com.cn/s/blog_6943970c0102zo1z.html	歌莉雅.2012-My.Voice.Story【环星】【FLAC分轨】
https://blog.sina.com.cn/s/blog_6943970c0102zo1y.html	洪荣宏.2010-上爱的人【华特】【WAV+CUE】
https://blog.sina.com.cn/s/blog_6943970c0102zo1x.html	江希文.1994-伝说少女（饿狼伝说动画原声大碟）【嘉音】【WAV+CUE…
https://blog.sina.com.cn/s/blog_6943970c0102zo1w.html	群星.2024-繁花电视剧原声带3CD【环球】【WAV+CUE】
https://blog.sina.com.cn/s/blog_6943970c0102zo1v.html	后弦.2006-9公主（EP）【东升世纪】【WAV+CUE】
https://blog.sina.com.cn/s/blog_6943970c0102zo1u.html	曾淑勤.2019-爱在山谷回荡【种子音乐】【WAV+CUE】
https://blog.sina.com.cn/s/blog_6943970c0102zo1t.html	陈百强.1986-凝望（2024环球MQA-UHQCD限量版）【环球】【WAV+CUE】
https://blog.sina.com.cn/s/blog_6943970c0102zo1s.html	郑智鸿.2024-迷途之外【黑籁音乐】【FLAC分轨】
https://blog.sina.com.cn/s/blog_6943970c0102zo1r.html	梁朝伟.2000-GREATEST.HITS.2CD【BMG】【WAV+CUE】
https://blog.sina.com.cn/s/blog_6943970c0102zo1q.html	群星.1984-宝丽金中文金曲精丫宝丽金】【WAV+CUE】
https://blog.sina.com.cn/s/blog_6943970c0102zo1p.html	温兆伦.1993-投入生命新歌精丫娱乐唱片】【WAV+CUE】
https://blog.sina.com.cn/s/blog_6943970c0102zo1o.html	许素瑄.2024-So,Ya（EP）【上行娱乐】【FLAC分轨】
https://blog.sina.com.cn/s/blog_6943970c0102zo1n.html	郭子.2001-原来你什么都不想要创作集丫滚石】【WAV+CUE】
https://blog.sina.com.cn/s/blog_6943970c0102zo1m.html	古巨基.1998-LEO.KU（国）【千禧年代】【WAV+CUE】
https://blog.sina.com.cn/s/blog_6943970c0102zo1l.html	李翊君.1993-相思的烈酒【上华】【WAV+CUE】
https://blog.sina.com.cn/s/blog_6943970c0102zo1k.html	钟一诺.2019-SongBook歌集MQACD限量版【EVOmusic】【WAV+CUE】
https://blog.sina.com.cn/s/blog_6943970c0102zo1j.html	崔苔菁.1990-国语原声带2CD【丽歌】【WAV+CUE】
https://blog.sina.com.cn/s/blog_6943970c0102zo1i.html	伍佰.1994-浪人情歌【滚石】【WAV+CUE】
https://blog.sina.com.cn/s/blog_6943970c0102zo1h.html	段志豪.2024-飞去哪都可以，是吗？【哇唧唧哇】【FLAC分轨】
https://blog.sina.com.cn/s/blog_6943970c0102zo1g.html	群星.1993-可口可乐夏日精丫华纳】【WAV+CUE】
https://blog.sina.com.cn/s/blog_6943970c0102zo1f.html	郑伊健.1999-双面人（EP）【BMG】【WAV+CUE】
https://blog.sina.com.cn/s/blog_6943970c0102zo1e.html	陈慧娴.2022-一生悬命3CD【宝丽金】【WAV+CUE】
https://blog.sina.com.cn/s/blog_6943970c0102zo1d.html	群星.2007-LOVE情歌集VOL.7压轴篇2CD【正东】【WAV+CUE】
https://blog.sina.com.cn/s/blog_6943970c0102zo1b.html	刘玉翠.1994-遇上一九四一（EP）【新艺宝】【WAV+CUE】
https://blog.sina.com.cn/s/blog_6943970c0102zo1a.html	陈立农.2024-青春为名上下二部曲【华纳】【FLAC分轨】
https://blog.sina.com.cn/s/blog_6943970c0102zo19.html	黄嘉千.1997-爱已经满满的【滚石】【WAV+CUE】
https://blog.sina.com.cn/s/blog_6943970c0102zo18.html	群星.2024-Kowloon.Rock（BEYOND40周年）【Kinns】【FLAC分轨】
https://blog.sina.com.cn/s/blog_6943970c0102zo17.html	黄思婷.2020-风中泪【豪记】【WAV+CUE】
https://blog.sina.com.cn/s/blog_6943970c0102zo16.html	伦永亮.1993-时间【嘉音】【WAV+CUE】
https://blog.sina.com.cn/s/blog_6943970c0102zo15.html	吴奇隆.1994-想找一个地方【飞碟】【WAV+CUE】
https://blog.sina.com.cn/s/blog_6943970c0102zo14.html	李健.2008-寂寞星空·见歌【天狼文化】【WAV+CUE】
https://blog.sina.com.cn/s/blog_6943970c0102zo13.html	苏儿真.1996-末世纪【金点唱片】【WAV+CUE】
https://blog.sina.com.cn/s/blog_6943970c0102zo12.html	范晓萱.1997-舞法无天-小魔女变身舞曲第1变【福茂】【WAV+CUE】
https://blog.sina.com.cn/s/blog_6943970c0102zo11.html	罗文甄妮.2024-射雕英雄传（2024环球MQA-UHQCD限量版）【环球】【W…
https://blog.sina.com.cn/s/blog_6943970c0102zo10.html	李玟.2024-Always.On.My.Mind（30th.Anniversary）【SONY】【FLAC…
https://blog.sina.com.cn/s/blog_6943970c0102zo0z.html	周子寒.1995-星愿·圈儿词（翻唱辑）【蓝与白】【WAV+CUE】
https://blog.sina.com.cn/s/blog_6943970c0102zo0y.html	周启生.1993-ONCE.UPON.A.TIME【华纳】【WAV+CUE】
https://blog.sina.com.cn/s/blog_6943970c0102zo0x.html	群星.1994-我和春天有个约会电影原声版【EMI百代】【WAV+CUE】
https://blog.sina.com.cn/s/blog_6943970c0102zo0w.html	张艾嘉.1999-最爱·最完整精选全记录2辑【滚石】【WAV+CUE】
https://blog.sina.com.cn/s/blog_6943970c0102zo0v.html	熊天平.1999-傻哥歌【东方】【WAV+CUE】
https://blog.sina.com.cn/s/blog_6943970c0102zo0u.html	潘协庆.1996-爱情当铺【立得】【WAV+CUE】
https://blog.sina.com.cn/s/blog_6943970c0102zo0t.html	王瑞霞.1993-期待【名冠】【WAV+CUE】
https://blog.sina.com.cn/s/blog_6943970c0102zo0s.html	群星.2024-上船了各位！节目原声带【水稻星娱乐】【FLAC分轨】
https://blog.sina.com.cn/s/blog_6943970c0102zo0r.html	高明瀚.1993-一个人的时候一切靠自己【滚石】【WAV+CUE】
https://blog.sina.com.cn/s/blog_6943970c0102zo0q.html	黎瑞恩.1995-秘密【宝丽金】【WAV+CUE】
https://blog.sina.com.cn/s/blog_6943970c0102zo0p.html	群星.1990-暖火1990【BMG】【WAV+CUE】
https://blog.sina.com.cn/s/blog_6943970c0102zo0o.html	方怡萍.1991-山地情歌【荣国际】【WAV+CUE】
https://blog.sina.com.cn/s/blog_6943970c0102zo0n.html	蔡汶家.2005-HOMEMADE【J-SONIC】【WAV+CUE】
https://blog.sina.com.cn/s/blog_6943970c0102zo0m.html	萧正楠.2003-你想我点【大国文化】【WAV+CUE】
https://blog.sina.com.cn/s/blog_6943970c0102zo0l.html	郑秀文.1992-NeverTooLate【华星】【WAV+CUE】
https://blog.sina.com.cn/s/blog_6943970c0102zo0k.html	周笔畅.2024-HAVE.A.NICE.DAY【SN.Music】【FLAC分轨】
https://blog.sina.com.cn/s/blog_6943970c0102zo0i.html	邓丽君.2024-美好世界8CD（日本唱片志限量编号版）【环球】【WAV+C…
https://blog.sina.com.cn/s/blog_6943970c0102zo0h.html	棒棒堂.2007-哪里怕（引进版）【EMI百代】【WAV+CUE】
https://blog.sina.com.cn/s/blog_6943970c0102zo0g.html	罗嘉良.1986-秦始皇（2014环球复黑王·百代篇）【EMI百代】【WAV+CU…
https://blog.sina.com.cn/s/blog_6943970c0102zo0f.html	陈楚生.2007-原来我一直都不孤单（EP）【天娱传媒】【WAV+CUE】
https://blog.sina.com.cn/s/blog_6943970c0102zo0e.html	林慧萍.1982-往昔（飞跃复刻版）【歌林】【WAV+CUE】
https://blog.sina.com.cn/s/blog_6943970c0102zo0d.html	张宇.2016-好男人的情歌NEWXRCD【金牌大风】【WAV+CUE】
https://blog.sina.com.cn/s/blog_6943970c0102zo0c.html	王霏霏.2024-TOOOOO.BUSY（EP）【SNMUSIC】【FLAC分轨】
https://blog.sina.com.cn/s/blog_6943970c0102zo0b.html	群星.1993-飞图合唱歌曲精丫飞图】【WAV+CUE】
https://blog.sina.com.cn/s/blog_6943970c0102zo0a.html	泳儿.2010-VINSELECTION新曲+精选2CD【英皇娱乐】【WAV+CUE】
https://blog.sina.com.cn/s/blog_6943970c0102zo09.html	齐秦.1996-丝路【东方】【WAV+CUE】
https://blog.sina.com.cn/s/blog_6943970c0102zo08.html	屠洪刚.2002-九九艳阳天【京文】【WAV+CUE】
https://blog.sina.com.cn/s/blog_6943970c0102zo07.html	王芷蕾.2010-仰望【丰华】【WAV+CUE】
https://blog.sina.com.cn/s/blog_6943970c0102zo06.html	郭婷筠.2024-爱你到底为啥物【福茂】【FLAC分轨】
https://blog.sina.com.cn/s/blog_6943970c0102zo05.html	群星.1993-新艺宝碟宝金曲精丫新艺宝】【WAV+CUE】
https://blog.sina.com.cn/s/blog_6943970c0102zo04.html	钟镇涛.1988-晴（2009环球复黑王）【宝丽金】【WAV+CUE】
https://blog.sina.com.cn/s/blog_6943970c0102zo03.html	陈百强.2000-一生紫爱3CD【华纳】【WAV+CUE】
https://blog.sina.com.cn/s/blog_6943970c0102zo02.html	李之勤.1991-爱我不爱【飞碟】【WAV+CUE】
https://blog.sina.com.cn/s/blog_6943970c0102zo01.html	张杰.2015-拾【天娱传媒】【WAV+CUE】
https://blog.sina.com.cn/s/blog_6943970c0102zo00.html	林海峰.2011-30.METHING.ABOUT.JAN.LAMB【金牌大风】【WAV+CUE】
https://blog.sina.com.cn/s/blog_6943970c0102znzz.html	杨林.1995-热恋【宝丽金】【WAV+CUE】
https://blog.sina.com.cn/s/blog_6943970c0102znzy.html	罗宾.1997-黄金20新经典【南方】【WAV+CUE】
https://blog.sina.com.cn/s/blog_6943970c0102znzx.html	群星.1997-重头戏【BMG】【WAV+CUE】
https://blog.sina.com.cn/s/blog_6943970c0102znzw.html	苏勋伦.2024-我现在就想这样【海蝶】【FLAC分轨】
https://blog.sina.com.cn/s/blog_6943970c0102znzv.html	谭咏麟.1985-暴风女神Lorelei（2024环球MQA-UHQCD限量版）【环球】…
https://blog.sina.com.cn/s/blog_6943970c0102znzu.html	伊能静.1999-我很勇敢【大信唱片】【WAV+CUE】
https://blog.sina.com.cn/s/blog_6943970c0102znzt.html	陈彼得.2018-忘年计画【种子音乐】【WAV+CUE】
https://blog.sina.com.cn/s/blog_6943970c0102znzs.html	张秀卿.2010-选择你【豪记】【WAV+CUE】
https://blog.sina.com.cn/s/blog_6943970c0102znzr.html	群星.2024-四海重明影视原声带【韶愔音乐】【FLAC分轨】
https://blog.sina.com.cn/s/blog_6943970c0102znzq.html	陈雷.1996-随缘【金圆唱片】【WAV+CUE】
https://blog.sina.com.cn/s/blog_6943970c0102znzp.html	阿穆隆.2009-木头人【种子音乐】【WAV+CUE】
https://blog.sina.com.cn/s/blog_6943970c0102znzo.html	孙悦.2024-时光音乐会【金蜂】【WAV+CUE】
https://blog.sina.com.cn/s/blog_6943970c0102znzn.html	群星.1992-畅销榜老歌金曲10CD【风格】【WAV+CUE】
https://blog.sina.com.cn/s/blog_6943970c0102znzm.html	陈柏宇.2011-QUINQUENNIUM【SONY】【WAV+CUE】
https://blog.sina.com.cn/s/blog_6943970c0102znzl.html	新格合唱团.1981-我唱你和2辑（滚石新格民歌系列）【新格】【WAV+C…
https://blog.sina.com.cn/s/blog_6943970c0102znzk.html	费翔.1997-NOW现在【第一中国】【WAV+CUE】
https://blog.sina.com.cn/s/blog_6943970c0102znzj.html	叶丽仪.1992-仙鹤神针电视剧原声音乐专辑【星传真】【WAV+CUE】
https://blog.sina.com.cn/s/blog_6943970c0102znzi.html	群星.1999-上华世纪国语总冠军4CD【上华】【WAV+CUE】
https://blog.sina.com.cn/s/blog_6943970c0102znzh.html	露云娜.2020-下雨天（MQA-CD限量版）【风行】【WAV+CUE】
https://blog.sina.com.cn/s/blog_6943970c0102znzg.html	高胜美.1994-玫瑰爱情精丫银星】【WAV+CUE】
https://blog.sina.com.cn/s/blog_6943970c0102znzf.html	群星.2024-冰雪谣网剧原声带【看见音乐】【FLAC分轨】
https://blog.sina.com.cn/s/blog_6943970c0102znze.html	刘小慧.1994-改改（EP）【宝丽金】【WAV+CUE】
https://blog.sina.com.cn/s/blog_6943970c0102znzd.html	齐豫.1997-骆驼·飞鸟·鱼【滚石】【WAV+CUE】
https://blog.sina.com.cn/s/blog_6943970c0102znzc.html	群星.1993-创意家族真心精丫创意家族】【WAV+CUE】
https://blog.sina.com.cn/s/blog_6943970c0102znzb.html	陶莉萍.2007-爱Do【群石国际】【WAV+CUE】
https://blog.sina.com.cn/s/blog_6943970c0102znza.html	张广天.2012-杨柳枝【中唱】【WAV+CUE】
https://blog.sina.com.cn/s/blog_6943970c0102znz9.html	王建杰.2011-荣华富贵【喜玛拉雅】【WAV+CUE】
https://blog.sina.com.cn/s/blog_6943970c0102znz8.html	林隆璇.1997-如果没有（1986-1997创作选辑）【福茂】【WAV+CUE】
https://blog.sina.com.cn/s/blog_6943970c0102znz7.html	陈慧琳.1998-你不一样（国）【福茂】【WAV+CUE】
https://blog.sina.com.cn/s/blog_6943970c0102znz6.html	余超颖.2024-迷焕纪【华纳】【FLAC分轨】
https://blog.sina.com.cn/s/blog_6943970c0102znz5.html	群星.1995-相亲相爱【飞碟】【WAV+CUE】
https://blog.sina.com.cn/s/blog_6943970c0102znz4.html	黄品源.2006-爱你!爱你!（引进版）【步升大风】【WAV+CUE】
https://blog.sina.com.cn/s/blog_6943970c0102znz3.html	刘玉翠.1993-刘玉翠【新艺宝】【WAV+CUE】
https://blog.sina.com.cn/s/blog_6943970c0102znz2.html	吴青峰.2022－马拉美的星期二【环球】【WAV+CUE】
https://blog.sina.com.cn/s/blog_6943970c0102znz1.html	蔡琴.2008-金声回忆录101系列6CD【环星】【WAV+CUE】
https://blog.sina.com.cn/s/blog_6943970c0102znz0.html	蛋魂乐团.2024-Remake【发现梦想】【FLAC分轨】
https://blog.sina.com.cn/s/blog_6943970c0102znyz.html	群星.2022-烽烟尽处电视剧原声带【SONY】【FLAC分轨】
https://blog.sina.com.cn/s/blog_6943970c0102znyy.html	袁凤瑛.1994-不知不觉间【音乐工厂】【WAV+CUE】
https://blog.sina.com.cn/s/blog_6943970c0102znyx.html	许茹芸.1999-真爱无敌【上华】【WAV+CUE】
https://blog.sina.com.cn/s/blog_6943970c0102znyw.html	汪苏泷.2017-莱芙【大象音乐】【FLAC分轨】
https://blog.sina.com.cn/s/blog_6943970c0102znyv.html	群星.1997-百代情牵翡翠三十年2CD【EMI百代】【WAV+CUE】
https://blog.sina.com.cn/s/blog_6943970c0102znyu.html	李逸朗.2007-李威乐【英皇娱乐】【WAV+CUE】
https://blog.sina.com.cn/s/blog_6943970c0102znyt.html	黄乙玲.1998-感谢无情人【上华】【WAV+CUE】
https://blog.sina.com.cn/s/blog_6943970c0102znys.html	曾庆瑜.1988-你听一听【清优】【WAV+CUE】
https://blog.sina.com.cn/s/blog_6943970c0102znyr.html	张学友.2000-TOUCH.OF.LOVE.2CD【上华】【WAV+CUE】
https://blog.sina.com.cn/s/blog_6943970c0102znyq.html	阿杜.2024-时光音乐会【金蜂】【WAV+CUE】
https://blog.sina.com.cn/s/blog_6943970c0102znyp.html	群星.1975-清宫残梦（2010娱乐50周年金碟版）【娱乐唱片】【WAV+CU…
https://blog.sina.com.cn/s/blog_6943970c0102znyo.html	蔡依林.2018-UGLY.BEAUTY【SONY】【WAV+CUE】
https://blog.sina.com.cn/s/blog_6943970c0102znyn.html	蔡幸娟.1992-蔡幸娟专辑4辑【金企鹅】【WAV+CUE】
https://blog.sina.com.cn/s/blog_6943970c0102znym.html	群星.2016-环球词选5CD【环球】【WAV+CUE】
https://blog.sina.com.cn/s/blog_6943970c0102znyl.html	吴雨霏.2008-LADE.K.TRANSFORMATIONS【金牌大风】【WAV+CUE】
https://blog.sina.com.cn/s/blog_6943970c0102znyk.html	群星.1997-97滚石年度最卖座主打歌刷新全纪录·新好男人3【滚石】【…
https://blog.sina.com.cn/s/blog_6943970c0102znyj.html	群星.1996-96滚石年度最卖座主打歌刷新全纪录·新好男人2【滚石】【…
https://blog.sina.com.cn/s/blog_6943970c0102znyi.html	群星.1995-95滚石年度最卖座主打歌刷新全纪录·新好男人【滚石】【W…
https://blog.sina.com.cn/s/blog_6943970c0102znyh.html	黄西田櫻桃姊妹.1997-感情像大風颱【豪记】【WAV+CUE】
https://blog.sina.com.cn/s/blog_6943970c0102znyg.html	高慧君.1999-认真的女人最美丽【宝丽金】【WAV+CUE】
https://blog.sina.com.cn/s/blog_6943970c0102znyf.html	群星.2023-暮色心约电视剧原声带【完美青春】【FLAC分轨】
https://blog.sina.com.cn/s/blog_6943970c0102znye.html	雷光夏.1999-脸颊贴紧月球【SONY】【WAV+CUE】
https://blog.sina.com.cn/s/blog_6943970c0102znyd.html	蒋明.2013-罔极寺【大象音乐】【FLAC分轨】
https://blog.sina.com.cn/s/blog_6943970c0102znyc.html	傅薇.2009-FU.WAY【晴水创意】【WAV+CUE】
https://blog.sina.com.cn/s/blog_6943970c0102znyb.html	郭富城.2001-ABSOLUTE【华纳】【WAV+CUE】
https://blog.sina.com.cn/s/blog_6943970c0102znya.html	梁雁翎.1993-想你【飞图】【WAV+CUE】
https://blog.sina.com.cn/s/blog_6943970c0102zny9.html	群星.1997-97滚石年度最卖座主打歌刷新全纪录·乱世佳人3【滚石】【…
https://blog.sina.com.cn/s/blog_6943970c0102zny8.html	群星.1996-96滚石年度最卖座主打歌刷新全纪录·乱世佳人2【滚石】【…
https://blog.sina.com.cn/s/blog_6943970c0102zny7.html	群星.1995-95滚石年度最卖座主打歌刷新全纪录·乱世佳人【滚石】【W…
https://blog.sina.com.cn/s/blog_6943970c0102zny6.html	张碧晨.2019-不及雨（EP）【梦想当然】【FLAC分轨】
https://blog.sina.com.cn/s/blog_6943970c0102zny5.html	黄丽玲.2014-罪恶感（真情告白预购版）【SONY】【WAV+CUE】
https://blog.sina.com.cn/s/blog_6943970c0102zny4.html	黎明.1991-是爱是缘【宝丽金】【WAV+CUE】
https://blog.sina.com.cn/s/blog_6943970c0102zny3.html	陈小云.1985-陈小云2辑【乡城】【WAV+CUE】
https://blog.sina.com.cn/s/blog_6943970c0102zny2.html	林依轮.1997-爱情贵族【嘉华文化】【FLAC分轨】
https://blog.sina.com.cn/s/blog_6943970c0102zny1.html	张信哲.1997-直觉【SONY】【WAV+CUE】
https://blog.sina.com.cn/s/blog_6943970c0102zny0.html	尚雯婕.2023-意识上传中…（3EP）【TME】【FLAC分轨】
https://blog.sina.com.cn/s/blog_6943970c0102znxz.html	群星.1996-宰相刘罗锅【文采】【WAV+CUE】
https://blog.sina.com.cn/s/blog_6943970c0102znxy.html	徐小凤.1998-一生最爱三十首选2CD【宝丽金】【WAV+CUE】
https://blog.sina.com.cn/s/blog_6943970c0102znxx.html	南拳妈妈.2006-调色盘【阿尔发】【WAV+CUE】
https://blog.sina.com.cn/s/blog_6943970c0102znxw.html	群星.2009-70年代电影100首5CD【东尼机构】【WAV+CUE】
https://blog.sina.com.cn/s/blog_6943970c0102znxv.html	叶玉卿.1992-全部给你【飞图】【WAV+CUE】
https://blog.sina.com.cn/s/blog_6943970c0102znxu.html	光良.2015-那些未完成的…（EP）【星娱音乐】【FLAC分轨】
https://blog.sina.com.cn/s/blog_6943970c0102znxt.html	TWINS.2003-TOUCHOFLOVE【英皇娱乐】【WAV+CUE】
https://blog.sina.com.cn/s/blog_6943970c0102znxs.html	太极乐队.1990-新歌+创作精丫华纳】【WAV+CUE】
https://blog.sina.com.cn/s/blog_6943970c0102znxr.html	江蕙.1989-落山风【乡城】【WAV+CUE】
https://blog.sina.com.cn/s/blog_6943970c0102znxq.html	曾宝仪.1999-阿宝【丰华】【WAV+CUE】
https://blog.sina.com.cn/s/blog_6943970c0102znxp.html	群星.2023-宿命之敌电视剧原声带【韶愔音乐】【FLAC分轨】
https://blog.sina.com.cn/s/blog_6943970c0102znxo.html	赵传.2001-那个傻瓜爱过你【滚石】【WAV+CUE】
https://blog.sina.com.cn/s/blog_6943970c0102znxn.html	许志豪.2012-一条红线【上豪】【WAV+CUE】
https://blog.sina.com.cn/s/blog_6943970c0102znxm.html	巫启贤.1994-太傻情歌回顾展【EMI百代】【WAV+CUE】
https://blog.sina.com.cn/s/blog_6943970c0102znxl.html	谢春花.2024-消磨时间【讯飞】【FLAC分轨】
https://blog.sina.com.cn/s/blog_6943970c0102znxk.html	刘玉翠.1992-NOT.SO.SORRY【新艺宝】【WAV+CUE】
https://blog.sina.com.cn/s/blog_6943970c0102znxj.html	柯以敏.1993-太傻【SONY】【WAV+CUE】
https://blog.sina.com.cn/s/blog_6943970c0102znxi.html	罗嘉良.1998-天地豪情【丽音】【WAV+CUE】
https://blog.sina.com.cn/s/blog_6943970c0102znxh.html	汤灿.2002-幸福万年长【金蜂】【WAV+CUE】
https://blog.sina.com.cn/s/blog_6943970c0102znxg.html	群星.1986-宝丽金十五周年特辑【宝丽金】【WAV+CUE】
https://blog.sina.com.cn/s/blog_6943970c0102znxf.html	何耀珊.2003-SUN.WITH.LOVE【福茂】【WAV+CUE】
https://blog.sina.com.cn/s/blog_6943970c0102znxe.html	王中平.1996-不甘寂寞【蓝与白】【WAV+CUE】
https://blog.sina.com.cn/s/blog_6943970c0102znxd.html	群星.2017-射雕英雄传电视原声帶【听见时代】【FLAC分轨】
https://blog.sina.com.cn/s/blog_6943970c0102znxc.html	胡凯欣.1996-我很容易被宠坏【BMG】【WAV+CUE】
https://blog.sina.com.cn/s/blog_6943970c0102znxb.html	谭咏麟.1987-再见吧!浪漫（2015环球K2HD限量版）【宝丽金】【WAV+C…
https://blog.sina.com.cn/s/blog_6943970c0102znxa.html	谢宜君.2015-红豆【豪记】【WAV+CUE】
https://blog.sina.com.cn/s/blog_6943970c0102znx9.html	陈淑桦.1990-一生守候【滚石】【WAV+CUE】
https://blog.sina.com.cn/s/blog_6943970c0102znx8.html	林一峰.2017-绝对清白2CD【LYFEMusic】【WAV+CUE】
https://blog.sina.com.cn/s/blog_6943970c0102znx7.html	群星.1991-中国巨星荟萃【太平洋影音】【WAV+CUE】
https://blog.sina.com.cn/s/blog_6943970c0102znx6.html	梅艳芳.2013-追忆似水芳华4CD【东亚】【WAV+CUE】
https://blog.sina.com.cn/s/blog_6943970c0102znx5.html	方文琳.1997-埋葬爱情（梦田金碟限量版）【飞鹰】【WAV+CUE】
https://blog.sina.com.cn/s/blog_6943970c0102znx4.html	林良乐.1990-假戏真做的人【乡城】【WAV+CUE】
https://blog.sina.com.cn/s/blog_6943970c0102znx3.html	群星.2018-ALL.TIME.DIVAS【环星】【WAV+CUE】
https://blog.sina.com.cn/s/blog_6943970c0102znx2.html	吴大维.1993-隐藏的爱【友善的狗】【WAV+CUE】
https://blog.sina.com.cn/s/blog_6943970c0102znx1.html	林子祥.1992-最难忘的你【华纳】【WAV+CUE】
https://blog.sina.com.cn/s/blog_6943970c0102znx0.html	乔幼.2018-用性命爱我【豪记】【WAV+CUE】
https://blog.sina.com.cn/s/blog_6943970c0102znwz.html	许冠杰.2003-难忘许冠杰30年2CD【环球】【WAV+CUE】
https://blog.sina.com.cn/s/blog_6943970c0102znwy.html	Raidas.1987-危险游戏【艺视】【WAV+CUE】
https://blog.sina.com.cn/s/blog_6943970c0102znwx.html	SNH48.2024-阿尔法之芯【丝芭文化】【FLAC分轨】
https://blog.sina.com.cn/s/blog_6943970c0102znww.html	范文芳.1998-神雕侠侣精选集【HYPE】【WAV+CUE】
https://blog.sina.com.cn/s/blog_6943970c0102znwv.html	群星.2002-酒场演歌热唱第一辑8CD【乡城】【WAV+CUE】
https://blog.sina.com.cn/s/blog_6943970c0102znwu.html	陈松龄.1987-宵禁(2019娱乐宝典原音重现系列)【娱乐唱片】【WAV+CU…
https://blog.sina.com.cn/s/blog_6943970c0102znwt.html	刘德华.1991-来生缘（黑白版）【宝艺星】【WAV+CUE】
https://blog.sina.com.cn/s/blog_6943970c0102znws.html	林凡.2012-爱情·很突然2CD【滚石】【WAV+CUE】
https://blog.sina.com.cn/s/blog_6943970c0102znwr.html	陈秀雯.1996-女人背后【宝丽金】【WAV+CUE】
https://blog.sina.com.cn/s/blog_6943970c0102znwq.html	群星.1977-佳艺电视节目主题曲精选（2001复刻版）【文志】【WAV+CU…
https://blog.sina.com.cn/s/blog_6943970c0102znwp.html	房东的猫.2017-房东的猫【科文音像】【WAV+CUE】
https://blog.sina.com.cn/s/blog_6943970c0102znwo.html	于冠华.1997-爱情合约【EMI百代】【WAV+CUE】
https://blog.sina.com.cn/s/blog_6943970c0102znwn.html	许美静.1998-一场朋友2CD【上华】【WAV+CUE】
https://blog.sina.com.cn/s/blog_6943970c0102znwm.html	潘玮柏.2017-异类【阿尔发】【WAV+CUE】
https://blog.sina.com.cn/s/blog_6943970c0102znwl.html	苏永康.2000-苏情时间【福茂】【WAV+CUE】
https://blog.sina.com.cn/s/blog_6943970c0102znwk.html	孙淑媚.1997-香味【大旗】【WAV+CUE】
https://blog.sina.com.cn/s/blog_6943970c0102znwj.html	黄小琥.1995-寂寞女子【喜玛拉雅】【WAV+CUE】
https://blog.sina.com.cn/s/blog_6943970c0102znwi.html	温拿乐队.2011-音乐大全101系列6CD【环球】【WAV+CUE】
https://blog.sina.com.cn/s/blog_6943970c0102znwr.html	陈秀雯.1996-女人背后【宝丽金】【WAV+CUE】
https://blog.sina.com.cn/s/blog_6943970c0102znwq.html	群星.1977-佳艺电视节目主题曲精选（2001复刻版）【文志】【WAV+CU…
https://blog.sina.com.cn/s/blog_6943970c0102znwp.html	房东的猫.2017-房东的猫【科文音像】【WAV+CUE】
https://blog.sina.com.cn/s/blog_6943970c0102znwo.html	于冠华.1997-爱情合约【EMI百代】【WAV+CUE】
https://blog.sina.com.cn/s/blog_6943970c0102znwn.html	许美静.1998-一场朋友2CD【上华】【WAV+CUE】
https://blog.sina.com.cn/s/blog_6943970c0102znwm.html	潘玮柏.2017-异类【阿尔发】【WAV+CUE】
https://blog.sina.com.cn/s/blog_6943970c0102znwl.html	苏永康.2000-苏情时间【福茂】【WAV+CUE】
https://blog.sina.com.cn/s/blog_6943970c0102znwk.html	孙淑媚.1997-香味【大旗】【WAV+CUE】
https://blog.sina.com.cn/s/blog_6943970c0102znwj.html	黄小琥.1995-寂寞女子【喜玛拉雅】【WAV+CUE】
https://blog.sina.com.cn/s/blog_6943970c0102znwi.html	温拿乐队.2011-音乐大全101系列6CD【环球】【WAV+CUE】
https://blog.sina.com.cn/s/blog_6943970c0102znw7.html	戴佩妮.2002-JUST.SING.IT【EMI百代】【WAV+CUE】
https://blog.sina.com.cn/s/blog_6943970c0102znw6.html	GAI周延.2022-杜康【种梦音乐】【FLAC分轨】
https://blog.sina.com.cn/s/blog_6943970c0102znw5.html	李中希.1996-太著緊【SONY】【WAV+CUE】
https://blog.sina.com.cn/s/blog_6943970c0102znw4.html	潘越云.1987-纱的吻(滚石25周年经典复刻版)【滚石】【WAV+CUE】
https://blog.sina.com.cn/s/blog_6943970c0102znw3.html	张美玲侯俊辉.1999-福建情歌对唱【南方】【WAV+CUE】
https://blog.sina.com.cn/s/blog_6943970c0102znw2.html	何家劲.1995-认真【艺能动音】【WAV+CUE】
https://blog.sina.com.cn/s/blog_6943970c0102znw1.html	田震.2024-时光音乐会【金峰】【WAV+CUE】
https://blog.sina.com.cn/s/blog_6943970c0102znw0.html	李幸倪.2012-GIN.LEE【BMA】【WAV+CUE】
https://blog.sina.com.cn/s/blog_6943970c0102znvz.html	胡彦斌.2012-大一号【乐华】【WAV+CUE】
https://blog.sina.com.cn/s/blog_6943970c0102znvy.html	群星.1990-宝丽金星光灿烂珍藏版【宝丽金】【WAV+CUE】
https://blog.sina.com.cn/s/blog_6943970c0102znvx.html	五条人.2009-县城记【刀马旦】【WAV+CUE】
https://blog.sina.com.cn/s/blog_6943970c0102znvw.html	群星.1981-香港映歌82（2004环球复黑王）【宝丽金】【WAV+CUJE】
https://blog.sina.com.cn/s/blog_6943970c0102znvv.html	海来阿木.2024-同名专辑【海音文化】【WAV+CUE】
https://blog.sina.com.cn/s/blog_6943970c0102znvu.html	黎瑞恩.1998-爱情故事精选2CD【宝丽金】【WAV+CUE】
https://blog.sina.com.cn/s/blog_6943970c0102znvt.html	群星.2019-用九柑仔店电视剧原声带【SONY】【FLAC分轨】
https://blog.sina.com.cn/s/blog_6943970c0102znvs.html	黎沸挥.1996-想着你的人【巨石】【WAV+CUE】
https://blog.sina.com.cn/s/blog_6943970c0102znvr.html	陈奕迅.2003-LIVE.FOR.TODAY【英皇娱乐】【WAV+CUE】
https://blog.sina.com.cn/s/blog_6943970c0102znvq.html	刘秋仪.2005-千娇百媚【华声】【WAV+CUE】
https://blog.sina.com.cn/s/blog_6943970c0102znvp.html	谢金晶.2015-我的爸爸【豪记】【WAV+CUE】
https://blog.sina.com.cn/s/blog_6943970c0102znvo.html	关正杰.1980-大地恩情（环球30周年金碟限量版）【环球】【WAV+CUE…
https://blog.sina.com.cn/s/blog_6943970c0102znvn.html	刺猬乐队.2020-赤子白仙【赤瞳音乐】【FLAC分轨】
https://blog.sina.com.cn/s/blog_6943970c0102znvm.html	林志美.1990-白金珍藏版【SONY】【WAV+CUE】
https://blog.sina.com.cn/s/blog_6943970c0102znvl.html	吴宗宪.2003-原罪【BMG】【FLAC分轨】
https://blog.sina.com.cn/s/blog_6943970c0102znvk.html	4complete.2024-丛生【唯我音乐】【FLAC分轨】
https://blog.sina.com.cn/s/blog_6943970c0102znvj.html	童安格.2004-青春手卷【伊世代】【WAV+CUE】
https://blog.sina.com.cn/s/blog_6943970c0102znvi.html	BEYOND.2008-弦续·别了家驹15载【爱贝克思】【WAV+CUE】
https://blog.sina.com.cn/s/blog_6943970c0102znvh.html	群星.2010-当年情·粤语经典4CD【丽风】【WAV+CUE】
https://blog.sina.com.cn/s/blog_6943970c0102znvg.html	杨耀东.1982-怎么能够（LP版）【新格】【WAV+CUE】
https://blog.sina.com.cn/s/blog_6943970c0102znvf.html	杨坤.2007-牧马人【华谊兄弟】【WAV+CUE】
https://blog.sina.com.cn/s/blog_6943970c0102znve.html	群星.2007-迪托帮【嚎叫唱片】【WAV+CUE】
https://blog.sina.com.cn/s/blog_6943970c0102znvd.html	王馨平.2011-馨情【新世纪】【WAV+CUE】
https://blog.sina.com.cn/s/blog_6943970c0102znvc.html	林良欢.2016-露水情缘【豪记】【WAV+CUE】
https://blog.sina.com.cn/s/blog_6943970c0102znvb.html	何润东.2007-好想对你说（引进版）【丰华】【FLAC分轨】
https://blog.sina.com.cn/s/blog_6943970c0102znva.html	李明依.1992-不懂【宝丽金】【WAV+CUE】
https://blog.sina.com.cn/s/blog_6943970c0102znv9.html	茵达INDAHKUS.2024-茵The.Blue【YEG】【FLAC分轨】
https://blog.sina.com.cn/s/blog_6943970c0102znv8.html	高明骏.1995-我不哭【宝丽金】【WAV+CUE】
https://blog.sina.com.cn/s/blog_6943970c0102znv7.html	朱婧汐.2020-塑膠天堂【FLAC分轨】
https://blog.sina.com.cn/s/blog_6943970c0102znv6.html	梅艳芳.1997-镜花水月【华星】【WAV+CUE】
https://blog.sina.com.cn/s/blog_6943970c0102znv5.html	群星.2022-少年派2影视原声带【SONY】【FLAC分轨】
https://blog.sina.com.cn/s/blog_6943970c0102znv4.html	陈秋霞.1979-珍惜好年华（2006环球复黑王）【宝丽金】【WAV+CUE】
https://blog.sina.com.cn/s/blog_6943970c0102znv3.html	群星.1993-PUMPS.UP.THE.BEST【宝丽金】【WAV+CUE】
https://blog.sina.com.cn/s/blog_6943970c0102znv2.html	陈杰洲.1990-成人礼【滚石】【WAV+CUE】
https://blog.sina.com.cn/s/blog_6943970c0102znv1.html	黄品源.1991-真心【滚石】【WAV+CUE】
https://blog.sina.com.cn/s/blog_6943970c0102znv0.html	无印良品.1999-想见你【滚石】【WAV+CUE】
https://blog.sina.com.cn/s/blog_6943970c0102znuz.html	邝美云.1992-疼我爱我精丫EMI百代】【WAV+CUE】
https://blog.sina.com.cn/s/blog_6943970c0102znuy.html	李健达.1991-到底我要等到什么时候【世界唱片】【WAV+CUE】
https://blog.sina.com.cn/s/blog_6943970c0102znux.html	曹方.2009-哼一首歌等日落【大班音乐】【WAV+CUE】
https://blog.sina.com.cn/s/blog_6943970c0102znuw.html	杜德伟.1990-ONE.DAY.IN.MY.LIFE【华星】【WAV+CUE】
https://blog.sina.com.cn/s/blog_6943970c0102znuv.html	陈淑萍.2016-相思话【豪记】【WAV+CUE】
https://blog.sina.com.cn/s/blog_6943970c0102znuu.html	群星.2016-民谣地图·拾众而歌【众乐纪】【WAV+CUE】
https://blog.sina.com.cn/s/blog_6943970c0102znut.html	青山.1990-金曲精选专辑【丽歌】【WAV+CUE】
https://blog.sina.com.cn/s/blog_6943970c0102znus.html	王心凌.2009-美丽的日子新歌+精选6CD【爱贝克思】【WAV+CUE】
https://blog.sina.com.cn/s/blog_6943970c0102znur.html	庞龙.2024-心光【龙翔天乐】【FLAC分轨】
https://blog.sina.com.cn/s/blog_6943970c0102znuq.html	周传雄.1996-心出发【EMI百代】【WAV+CUE】
https://blog.sina.com.cn/s/blog_6943970c0102znup.html	邓丽君.2024-生誕70年ベストアルバム沒後30年【环球】【WAV+CUE】
https://blog.sina.com.cn/s/blog_6943970c0102znuo.html	杨烈.1991-新男人【名冠】【WAV+CUE】
https://blog.sina.com.cn/s/blog_6943970c0102znun.html	周蕙.2011-自己的房间【群石】【WAV+CUE】
https://blog.sina.com.cn/s/blog_6943970c0102znum.html	杨峻荣.1986-寂寞的时候（2017复刻版）【乡城】【WAV+CUE】
https://blog.sina.com.cn/s/blog_6943970c0102znul.html	王杰.2006-华纳NO.1系列2CD【华纳】【WAV+CUE】
https://blog.sina.com.cn/s/blog_6943970c0102znuk.html	金城武.1994-失约（粤专）【福隆唱片】【WAV+CUE】
https://blog.sina.com.cn/s/blog_6943970c0102znuj.html	傅薇.1991-迷雾中共舞【歌林】【WAV+CUE】
https://blog.sina.com.cn/s/blog_6943970c0102znui.html	黄安.1995-新鸳鸯蝴蝶梦精华选集【上华】【WAV+CUE】
https://blog.sina.com.cn/s/blog_6943970c0102znuh.html	A.P.M亚流新世代.2024-一起冒险【乐手公园】【FLAC分轨】
https://blog.sina.com.cn/s/blog_6943970c0102znug.html	群星.1994-1994Taiwan地下音乐档案2辑【精实唱片】【WAV+CUE】
https://blog.sina.com.cn/s/blog_6943970c0102znuf.html	陈琳.2002-不想骗自己【竹书文化】【WAV+CUE】
https://blog.sina.com.cn/s/blog_6943970c0102znue.html	五条人.2016-梦幻丽莎发廊【摩登天空】【WAV+CUE】
https://blog.sina.com.cn/s/blog_6943970c0102znud.html	蔡秋凤.2006-无情的人·谁人了解我【大旗】【WAV+CUE】
https://blog.sina.com.cn/s/blog_6943970c0102znuc.html	刘德华.1991-不可不信......缘【宝艺星】【WAV+CUE】
https://blog.sina.com.cn/s/blog_6943970c0102znub.html	杨泰瑞.2024-City.Boy【哇唧唧哇】【FLAC分轨】
https://blog.sina.com.cn/s/blog_6943970c0102znua.html	钱幽兰.1987-平平仄仄仄平平（原色复黑版）【乡城】【WAV+CUE】
https://blog.sina.com.cn/s/blog_6943970c0102znu9.html	林忆莲.2000-2001莲(大碟26)【维京】【WAV+CUE】
https://blog.sina.com.cn/s/blog_6943970c0102znu8.html	群星.1977-18粵语流行曲（LP版）【丽风】【WAV+CUE】
https://blog.sina.com.cn/s/blog_6943970c0102znu7.html	郑少秋.1983-新蜀山剑侠（LP版）【娱乐唱片】【WAV+CUE】
https://blog.sina.com.cn/s/blog_6943970c0102znu6.html	林蒙.1994-执迷不悟【现代派】【WAV+CUE】
https://blog.sina.com.cn/s/blog_6943970c0102znu5.html	白雪.2005-我不想说再见【杰盛】【FLAC分轨】
https://blog.sina.com.cn/s/blog_6943970c0102znu4.html	艾敬.1995-私の1997（日版EP）【SONY】【WAV+CUE】
https://blog.sina.com.cn/s/blog_6943970c0102znu3.html	伍佰.2000-电影歌曲典藏1992-2000【魔岩】【WAV+CUE】
https://blog.sina.com.cn/s/blog_6943970c0102znu2.html	群星.2023-玫瑰凭证VOL.2【银河方舟】【FLAC分轨】
https://blog.sina.com.cn/s/blog_6943970c0102znu1.html	群星.2019-玫瑰凭证【银河方舟】【FLAC分轨】
https://blog.sina.com.cn/s/blog_6943970c0102znu0.html	张美玲.2006-哭无目屎福建畅销金曲【南方】【WAV+CUE】
https://blog.sina.com.cn/s/blog_6943970c0102zntz.html	仁科.2009-春就很好听了【元音工坊】【FLAC分轨】
https://blog.sina.com.cn/s/blog_6943970c0102znty.html	孟庭苇.2012-太阳出来了【滚石】【WAV+CUE】
https://blog.sina.com.cn/s/blog_6943970c0102zntx.html	梅艳芳.1995-歌之女【华星】【WAV+CUE】
https://blog.sina.com.cn/s/blog_6943970c0102zntw.html	TANK.2024-我不伟大，至少我能改变我【光影岁月文化】【FLAC分轨】
https://blog.sina.com.cn/s/blog_6943970c0102zntv.html	群星.1993-校园民歌精选5CD【名流】【WAV+CUE】
https://blog.sina.com.cn/s/blog_6943970c0102zntu.html	群星.1978-无线电视片集主题曲精选（1992复刻版）【文志】【WAV+CU…
https://blog.sina.com.cn/s/blog_6943970c0102zntt.html	黄凯芹.2007-幸福【WAV+CUE】
https://blog.sina.com.cn/s/blog_6943970c0102znts.html	吕珊.1992-今天再生【BMG】【WAV+CUE】
https://blog.sina.com.cn/s/blog_6943970c0102zntr.html	徐佳莹.2009-首张创作专辑（引进版）【亚神】【WAV+CUE】
https://blog.sina.com.cn/s/blog_6943970c0102zntq.html	杨千嬅.1997-私日记（EP）【华星】【WAV+CUE】
https://blog.sina.com.cn/s/blog_6943970c0102zntp.html	Pandora乐队.2019-THE.OPENING【索雅音乐】【FLAC分轨】
https://blog.sina.com.cn/s/blog_6943970c0102znto.html	李婷宜.1997-舍不得的不只是你【波丽嘉音】【WAV+CUE】
https://blog.sina.com.cn/s/blog_6943970c0102zntn.html	陈随意.2012-今生的伴【豪记】【WAV+CUE】
https://blog.sina.com.cn/s/blog_6943970c0102zntm.html	群星.1986-畅销排行榜金曲的嘉年华会（喜玛拉雅复刻版）【歌林】【…
https://blog.sina.com.cn/s/blog_6943970c0102zntl.html	王铮亮.2024-慢人理论【少城时代】【FLAC分轨】
https://blog.sina.com.cn/s/blog_6943970c0102zntk.html	林子祥.1980-一个人【EMI百代】【WAV+CUE】
https://blog.sina.com.cn/s/blog_6943970c0102zntj.html	张楚.2020-自信心【弓长三人禾】【FLAC分轨】
https://blog.sina.com.cn/s/blog_6943970c0102znti.html	彭羚.1993.06-有着你...多么美【EMI百代】【WAV+CUE】
https://blog.sina.com.cn/s/blog_6943970c0102znth.html	彦希.2024-Golden.Blue【SN】【FLAC分轨】
https://blog.sina.com.cn/s/blog_6943970c0102zntg.html	黎瑞恩.1994-爱你这样傻（EP）【宝丽金】【WAV+CUE】
https://blog.sina.com.cn/s/blog_6943970c0102zntf.html	群星.1992-流行至尊2辑【EMI百代】【WAV+CUE】
https://blog.sina.com.cn/s/blog_6943970c0102znte.html	王海玲.1982-王海玲（滚石新格民歌系列27）【滚石】【WAV+CUE】
https://blog.sina.com.cn/s/blog_6943970c0102zntd.html	群星.2014-美丽心民谣·远行【野火乐集】【WAV+CUE】
https://blog.sina.com.cn/s/blog_6943970c0102zntc.html	谭咏麟.1998-在乎【宝丽金】【WAV+CUE】
https://blog.sina.com.cn/s/blog_6943970c0102zntb.html	二手玫瑰.2012-出龙重鸣【科学文化音像】【WAV+CUE】
https://blog.sina.com.cn/s/blog_6943970c0102znta.html	韩宝仪.2006-恰恰与精绚经典金曲4CD【风格】【WAV+CUE】
https://blog.sina.com.cn/s/blog_6943970c0102znt9.html	动力火车.1997-无情的情书【上华】【WAV+CUE】
https://blog.sina.com.cn/s/blog_6943970c0102znt8.html	曾心梅.1995-天公疼憨人【乡城】【FLAC+CUE】
https://blog.sina.com.cn/s/blog_6943970c0102znt7.html	张帝.1991-凤凰鸣·国语谐趣金曲【金阳】【WAV+CUE】
https://blog.sina.com.cn/s/blog_6943970c0102znt6.html	李蕙敏.1996-我为我生存【乐意唱片】【WAV+CUE】
https://blog.sina.com.cn/s/blog_6943970c0102znt5.html	周华健.1998-有故事的人2CD【滚石】【WAV+CUE】
https://blog.sina.com.cn/s/blog_6943970c0102znt4.html	罗志祥.2024-舞状元【华纳】【FLAC分轨】
https://blog.sina.com.cn/s/blog_6943970c0102znt3.html	罗百吉.2018-我们都一样【乾坤唱片】【WAV+CUE】
https://blog.sina.com.cn/s/blog_6943970c0102znt2.html	群星.1994-东方之珠VOL.6世间情歌【滚石】【WAV+CUE】
https://blog.sina.com.cn/s/blog_6943970c0102znt1.html	群星.1993-东方之珠VOL.5有情人·男人与女人的情话世界【滚石】【WA…
https://blog.sina.com.cn/s/blog_6943970c0102znt0.html	群星.1993-东方之珠VOL.4如今才是唯一【滚石】【WAV+CUE】
https://blog.sina.com.cn/s/blog_6943970c0102znsz.html	群星.1992-东方之珠VOL.3葬心【滚石】【WAV+CUE】
https://blog.sina.com.cn/s/blog_6943970c0102znsy.html	群星.1991-东方之珠VOL.2在我生命中的每一天【滚石】【WAV+CUE】
https://blog.sina.com.cn/s/blog_6943970c0102znsx.html	群星.1991-东方之珠VOL.1来自你·来自我·来自他【滚石】【WAV+CUE】…
https://blog.sina.com.cn/s/blog_6943970c0102znsw.html	群星.1992-想飞就飞【飞碟】【WAV+CUE】
https://blog.sina.com.cn/s/blog_6943970c0102znsv.html	郭富城.1997-爱的呼唤【华纳】【WAV+CUE】
https://blog.sina.com.cn/s/blog_6943970c0102znsu.html	群星.1987-Mix-Up.Remix点指星Sing12（2006经典复黑系列）【SONY】…
https://blog.sina.com.cn/s/blog_6943970c0102znst.html	无印良品.1998-3人行【滚石】【WAV+CUE】
https://blog.sina.com.cn/s/blog_6943970c0102znss.html	江志丰.2011-爱你的理由【豪记】【WAV+CUE】
https://blog.sina.com.cn/s/blog_6943970c0102znsr.html	彭家丽.2021-绚丽（EP）【FLAC分轨】
https://blog.sina.com.cn/s/blog_6943970c0102znsq.html	郑秀文.2000-LOVE.IS…【华纳】【WAV+CUE】
https://blog.sina.com.cn/s/blog_6943970c0102znsp.html	潘协庆.1995-变了真心【立得】【WAV+CUE】
https://blog.sina.com.cn/s/blog_6943970c0102znso.html	群星.1998-LIVE.BAND乐园限量珍藏版【上华】【WAV+CUE】
https://blog.sina.com.cn/s/blog_6943970c0102znsn.html	潘越云.1995-最醉【飞碟】【WAV+CUE】
https://blog.sina.com.cn/s/blog_6943970c0102znsm.html	尚士达.2024-莫回头【智慧小狗】【FLAC分轨】
https://blog.sina.com.cn/s/blog_6943970c0102znsl.html	崔健.1985-85回顾（1994再版）【中唱】【WAV+CUE】
https://blog.sina.com.cn/s/blog_6943970c0102znsk.html	杨烈.1989-夏日序幕（飞跃复刻版）【钜声】【WAV+CUE】
https://blog.sina.com.cn/s/blog_6943970c0102znsj.html	陈洁仪.2000-THE.BEST【新艺宝】【WAV+CUE】
https://blog.sina.com.cn/s/blog_6943970c0102znsi.html	陈底里.1998-我快乐死了【直接流行】【WAV+CUE】
https://blog.sina.com.cn/s/blog_6943970c0102znsh.html	群星.2022-You,Dear【超音速】【FLAC分轨】
https://blog.sina.com.cn/s/blog_6943970c0102znsg.html	黎瑞恩.1996-我知道你在说再见【WAV+CUE】
https://blog.sina.com.cn/s/blog_6943970c0102znsf.html	于台烟.1999-崩溃【金锐】【WAV+CUE】
https://blog.sina.com.cn/s/blog_6943970c0102znse.html	邰肇玫.1985-昨夜的话（回音复刻版）【喜玛拉雅】【WAV+CUE】
https://blog.sina.com.cn/s/blog_6943970c0102znsd.html	群星.1991-相逢何必曾相识（91情歌精选系列1）【麦罗唱片】【WAV+C…
https://blog.sina.com.cn/s/blog_6943970c0102znsc.html	东来东往.2004-回到我身边·别说我的眼泪你无所谓【先之唱片】【WAV…
https://blog.sina.com.cn/s/blog_6943970c0102znsb.html	陈思安.2012-今生的爱【豪记】【WAV+CUE】
https://blog.sina.com.cn/s/blog_6943970c0102znsa.html	谭咏麟.1990-我真的和他们不同【宝丽金】【WAV+CUE】
https://blog.sina.com.cn/s/blog_6943970c0102zns9.html	沈凤仪.1995-苦苦相逼【滚石】【WAV+CUE】
https://blog.sina.com.cn/s/blog_6943970c0102zns8.html	黄凯芹.1993-无怨无悔（国）【滚石】【WAV+CUE】
https://blog.sina.com.cn/s/blog_6943970c0102zns7.html	孙耀威.1994-路要勇敢地走【金点唱片】【WAV+CUE】
https://blog.sina.com.cn/s/blog_6943970c0102zns6.html	林蒙.1992-摇滚林蒙【歌林】【WAV+CUE】
https://blog.sina.com.cn/s/blog_6943970c0102zns5.html	罗志祥.2010-舞者为王REMIX混音极丫金牌大风】【WAV+CUE】
https://blog.sina.com.cn/s/blog_6943970c0102zns4.html	曹雅雯.2017-感谢【美乐蒂】【FLAC分轨】
https://blog.sina.com.cn/s/blog_6943970c0102zns3.html	李心洁.1998-BYEBYE童年2CD【滚石】【WAV+CUE】
https://blog.sina.com.cn/s/blog_6943970c0102zns2.html	张学友.1998-不后悔【宝丽金】【WAV+CUE】
https://blog.sina.com.cn/s/blog_6943970c0102zns1.html	群星.1989-宝丽金89超白金精丫宝丽金】【WAV+CUE】
https://blog.sina.com.cn/s/blog_6943970c0102zns0.html	林依轮.2000-火火的歌谣精丫新时代】【WAV+CUE】
https://blog.sina.com.cn/s/blog_6943970c0102znrz.html	黄思婷.2017-尖叫声【豪记】【WAV+CUE】
https://blog.sina.com.cn/s/blog_6943970c0102znry.html	南拳妈妈.2004-南拳妈妈的夏天【阿尔发】【WAV+CUE】
https://blog.sina.com.cn/s/blog_6943970c0102znrx.html	曾淑勤.1993-金选集【点将】【FLAC+CUE】
https://blog.sina.com.cn/s/blog_6943970c0102znrw.html	王杰.1992-封锁我一生（粤）【华纳】【WAV+CUE】
https://blog.sina.com.cn/s/blog_6943970c0102znrv.html	赵翊帆.2024-LUNARFACE【发现梦想】【FLAC分轨】
https://blog.sina.com.cn/s/blog_6943970c0102znrt.html	群星.1996-宝丽金88极品音色系列·超級监听版【宝丽金】【WAV+CUE】…
https://blog.sina.com.cn/s/blog_6943970c0102znrs.html	李碧华.1992-分手【飞碟】【WAV+CUE】
https://blog.sina.com.cn/s/blog_6943970c0102znrr.html	辛晓琪.1995-WINTER.LIGHT（英）【滚石】【WAV+CUE】
https://blog.sina.com.cn/s/blog_6943970c0102znrq.html	张杰.2011-最接近天堂的地方【天娱传媒】【WAV+CUE】
https://blog.sina.com.cn/s/blog_6943970c0102znrp.html	林忆莲.1994-关于她的爱情故事（2022新世纪MQA24K金碟限量版）【新…
https://blog.sina.com.cn/s/blog_6943970c0102znro.html	麦田守望者.2000-SaveAs...【红星生产社】【FLAC+CUE】
https://blog.sina.com.cn/s/blog_6943970c0102znrn.html	张雨生.1993-一天到晚游泳的鱼【飞碟】【WAV+CUE】
https://blog.sina.com.cn/s/blog_6943970c0102znrm.html	施文彬.2002-大家乐欢天【福茂】【WAV+CUE】
https://blog.sina.com.cn/s/blog_6943970c0102znrl.html	群星.2003-LOVE情歌集VOL.2【正东】【WAV+CUE】
https://blog.sina.com.cn/s/blog_6943970c0102znrk.html	杨林.1993-THELOVER情人【宝丽金】【WAV+CUE】
https://blog.sina.com.cn/s/blog_6943970c0102znrj.html	蒋志光.1992-蒋志光与他的朋友【飞图】【WAV+CUE】
https://blog.sina.com.cn/s/blog_6943970c0102znri.html	蓝立平.1991-影子,请我跳舞吧【宝丽金】【WAV+CUE】
https://blog.sina.com.cn/s/blog_6943970c0102znrh.html	林子祥.1994-单手拍掌【华纳】【WAV+CUE】
https://blog.sina.com.cn/s/blog_6943970c0102znrg.html	陈粒.2024-乌有乡地图【有此山文化】【FLAC分轨】
https://blog.sina.com.cn/s/blog_6943970c0102znrf.html	永邦.2002-SHAUN.COME【BMG】【WAV+CUE】
https://blog.sina.com.cn/s/blog_6943970c0102znre.html	群星.1993-VOL.3【上华】【WAV+CUE】
https://blog.sina.com.cn/s/blog_6943970c0102znrd.html	群星.1993-戏剧经典2【上华】【WAV+CUE】
https://blog.sina.com.cn/s/blog_6943970c0102znrc.html	群星.1992-戏剧经典【上格】【WAV+CUE】
https://blog.sina.com.cn/s/blog_6943970c0102znrb.html	刘文娟.1992-BLUE【乐意唱片】【WAV+CUE】
https://blog.sina.com.cn/s/blog_6943970c0102znra.html	李翊君.1992-爱的太狂【华星】【WAV+CUE】
https://blog.sina.com.cn/s/blog_6943970c0102znr9.html	阿牛.1997-城市·蓝天2CD【滚石】【WAV+CUE】
https://blog.sina.com.cn/s/blog_6943970c0102znr8.html	张德兰.2004-70年代国语经典精华集2CD【银星】【WAV+CUE】
https://blog.sina.com.cn/s/blog_6943970c0102znr7.html	董育君.2014-新歌【美乐帝】【WAV+CUE】
https://blog.sina.com.cn/s/blog_6943970c0102znr5.html	群星.2006-好人歌集2CD【正东】【WAV+CUE】
https://blog.sina.com.cn/s/blog_6943970c0102znr4.html	李乐诗.1995-吾爱被爱【飞图】【WAV+CUE】
https://blog.sina.com.cn/s/blog_6943970c0102znr3.html	丁武.2021-什么【摩登天空】【FLAC分轨】
https://blog.sina.com.cn/s/blog_6943970c0102znr2.html	傅薇.2002-傅薇的台语气质【欢乐资源】【WAV+CUE】
https://blog.sina.com.cn/s/blog_6943970c0102znr1.html	周华健.1997-朋友【滚石】【WAV+CUE】
https://blog.sina.com.cn/s/blog_6943970c0102znr0.html	颜人中.2024-这是一张情歌专辑【相信音乐】【FLAC分轨】
https://blog.sina.com.cn/s/blog_6943970c0102znqz.html	陈淑桦.2003-给淑桦的一封信2CD【滚石】【WAV+CUE】
https://blog.sina.com.cn/s/blog_6943970c0102znqy.html	谢霆锋.2002-无形的他2CD【英皇娱乐】【WAV+CUE】
https://blog.sina.com.cn/s/blog_6943970c0102znqx.html	陈立强.1995-我爱你胜过这世界【福茂】【WAV+CUE】
https://blog.sina.com.cn/s/blog_6943970c0102znqw.html	群星.1996-贪声好色全精丫正东】【WAV+CUE】
https://blog.sina.com.cn/s/blog_6943970c0102znqv.html	林隆璇.1992-天使诗篇【福茂】【WAV+CUE】
https://blog.sina.com.cn/s/blog_6943970c0102znqu.html	Energy.2003-无懈可击【环球】【FLAC分轨】
https://blog.sina.com.cn/s/blog_6943970c0102znqt.html	9M88.2023-Sent【FLAC分轨】
https://blog.sina.com.cn/s/blog_6943970c0102znqs.html	泳儿.2008-PIECES.OF.V【英皇娱乐】【WAV+CUE】
https://blog.sina.com.cn/s/blog_6943970c0102znqr.html	王识贤.2010-玄武英雄【乾坤唱片】【WAV+CUE】
https://blog.sina.com.cn/s/blog_6943970c0102znqq.html	方季惟.1993-海鸥飞呀飞【金点】【WAV+CUE】
https://blog.sina.com.cn/s/blog_6943970c0102znqp.html	群星.1998-爱曲再体验【滚石】【WAV+CUE】
https://blog.sina.com.cn/s/blog_6943970c0102znqo.html	罗嘉良.1998-对你我永不放弃精选辑2CD【丽音】【WAV+CUE】
https://blog.sina.com.cn/s/blog_6943970c0102znqn.html	林震.2024-床边哲学我【乐默凡华】【FLAC分轨】
https://blog.sina.com.cn/s/blog_6943970c0102znqm.html	飞轮海.2010-太热（魅力四射版）【华研国际】【WAV+CUE】
https://blog.sina.com.cn/s/blog_6943970c0102znql.html	阿德.1992-强强滚【莲花音乐】【WAV+CUE】
https://blog.sina.com.cn/s/blog_6943970c0102znqk.html	黄敏华.1988-EXTENDED.DISCO.REMIX（2016复刻版）【EMI百代】【WAV…
https://blog.sina.com.cn/s/blog_6943970c0102znqj.html	范晓萱.2004-还有别的办法吗【林暐哲音乐社】【WAV+CUE】
https://blog.sina.com.cn/s/blog_6943970c0102znqi.html	麦玮婷.1987-说再见就一定能相见吗【丽歌】【WAV+CUE】
https://blog.sina.com.cn/s/blog_6943970c0102znqh.html	群星.1996-天花乱聚【正东】【WAV+CUE】
https://blog.sina.com.cn/s/blog_6943970c0102znqg.html	张学友.1998-释放自己【宝丽金】【WAV+CUE】
https://blog.sina.com.cn/s/blog_6943970c0102znqf.html	陈淑萍.2014-阮的幸福【豪记】【WAV+CUE】
https://blog.sina.com.cn/s/blog_6943970c0102znqe.html	卫兰.2019-INHISNAME【华纳】【FLAC分轨】
https://blog.sina.com.cn/s/blog_6943970c0102znqd.html	汪峰.2015-河流【碧峰怡竹文化】【WAV+CUE】
https://blog.sina.com.cn/s/blog_6943970c0102znqc.html	杨奇煜.2024-漫游者KeepRolling（EP）【发现梦想】【FLAC分轨】
https://blog.sina.com.cn/s/blog_6943970c0102znqb.html	江念庭.1990-永不流泪的眼睛【蓝与白】【WAV+CUE】
https://blog.sina.com.cn/s/blog_6943970c0102znqa.html	杨采妮.1994-初恋（EP）【EMI百代】【WAV+CUE】
https://blog.sina.com.cn/s/blog_6943970c0102znq9.html	徐小明.2004-完全歌集22首【永恒】【WAV+CUE】
https://blog.sina.com.cn/s/blog_6943970c0102znq8.html	王菲.1995-菲靡靡之音【新艺宝】【WAV+CUE】
https://blog.sina.com.cn/s/blog_6943970c0102znq7.html	群星.2004-想念依旧【文采】【WAV+CUE】
https://blog.sina.com.cn/s/blog_6943970c0102znq6.html	梁洛施.2005-TOFINDLOVE【英皇娱乐】【FLAC分轨】
https://blog.sina.com.cn/s/blog_6943970c0102znq5.html	叶启田.2006-人生【吉马】【WAV+CUE】
https://blog.sina.com.cn/s/blog_6943970c0102znq4.html	张醒婵.2024-No，no!【FLAC分轨】
https://blog.sina.com.cn/s/blog_6943970c0102znq3.html	金城武.1996-多苦都愿意【EMI百代】【WAV+CUE】
https://blog.sina.com.cn/s/blog_6943970c0102znq2.html	群星.1993-回音·华纳飞碟全年精选金曲2【华纳】【WAV+CUE】
https://blog.sina.com.cn/s/blog_6943970c0102znq1.html	群星.1992-回音·华纳飞碟全年精选金曲【华纳】【WAV+CUE】
https://blog.sina.com.cn/s/blog_6943970c0102znq0.html	刘德华.1994-5时30分【华纳】【WAV+CUE】
https://blog.sina.com.cn/s/blog_6943970c0102znpz.html	许景淳.1994-路长情更长精选集【滚石】【WAV+CUE】
https://blog.sina.com.cn/s/blog_6943970c0102znpy.html	蔡幸娟.2000-永远的中国娃娃1980-1994完美精选2CD【华纳】【WAV+CU…
https://blog.sina.com.cn/s/blog_6943970c0102znpx.html	群星.2024-上有老下有小电视剧原声带【中星耀华】【FLAC分轨】
https://blog.sina.com.cn/s/blog_6943970c0102znpw.html	高胜美高胜云.2002-山地思情篇【皇星全音】【WAV+CUE】
https://blog.sina.com.cn/s/blog_6943970c0102znpv.html	林凡.2000-FREYA【上华】【WAV+CUE】
https://blog.sina.com.cn/s/blog_6943970c0102znpu.html	顺子.2003-我的朋友BETTYSU【EMI百代】【WAV+CUE】
https://blog.sina.com.cn/s/blog_6943970c0102znpt.html	谢采妘.2001-圆梦【普天】【WAV+CUE】
https://blog.sina.com.cn/s/blog_6943970c0102znps.html	若羚.1996-痛心·心痛【海洋唱片】【WAV+CUE】
https://blog.sina.com.cn/s/blog_6943970c0102znpr.html	张清芳.1993-左右【点将】【WAV+CUE】
https://blog.sina.com.cn/s/blog_6943970c0102znpq.html	群星.2024-味尽缘原创影集原声带【华纳】【FLAC分轨】
https://blog.sina.com.cn/s/blog_6943970c0102znpp.html	黄家強.2002-BeRightBack【环球】【WAV+CUE】
https://blog.sina.com.cn/s/blog_6943970c0102znpo.html	李嘉.2010-恋爱路100号【华纳】【WAV+CUE】
https://blog.sina.com.cn/s/blog_6943970c0102znpn.html	宋新妮.2001-IMJESSICA【福茂】【WAV+CUE】
https://blog.sina.com.cn/s/blog_6943970c0102znpm.html	郭富城.1993-把所有的爱都留给你【华星】【WAV+CUE】
https://blog.sina.com.cn/s/blog_6943970c0102znpl.html	徐梦洁.2024-Thats.Life（EP）【华纳】【FLAC分轨】
https://blog.sina.com.cn/s/blog_6943970c0102znpk.html	群星.1992-华纳白金经典名曲3辑（引进版）【华纳】【WAV+CUE】
https://blog.sina.com.cn/s/blog_6943970c0102znpj.html	黄韵玲.1993-彩色季节（演奏专辑）【友善的狗】【WAV+CUE】
https://blog.sina.com.cn/s/blog_6943970c0102znpi.html	梁汉文.1999-随时行乐【华星】【WAV+CUE】
https://blog.sina.com.cn/s/blog_6943970c0102znph.html	洪百慧.2008-伤心啥滋味【雅鹂】【WAV+CUE】
https://blog.sina.com.cn/s/blog_6943970c0102znpg.html	郑绪岚.2015-流金岁月·精丫中唱】【WAV+CUE】
https://blog.sina.com.cn/s/blog_6943970c0102znpf.html	李为.1991-原谅我爱你【派森】【WAV+CUE】
https://blog.sina.com.cn/s/blog_6943970c0102znpe.html	朱兴东.2024-偏偏少年情【简单快乐】【FLAC分轨】
https://blog.sina.com.cn/s/blog_6943970c0102znpd.html	梁雁翎.1996-今生难得有情人【柏星】【WAV+CUE】
https://blog.sina.com.cn/s/blog_6943970c0102znpc.html	谢玲玲.2003-威扬典藏集风华年代2辑【威扬】【WAV+CUE】
https://blog.sina.com.cn/s/blog_6943970c0102znpb.html	梦剧院.1988-彩色相对论+REMIX【乐意唱片】【WAV+CUE】
https://blog.sina.com.cn/s/blog_6943970c0102znpa.html	阮丹青.1998-跟踪【上华】【WAV+CUE】
https://blog.sina.com.cn/s/blog_6943970c0102znp9.html	梁汉文.2004-EFFORT.AND.LOVE【金牌大风】【WAV+CUE】
https://blog.sina.com.cn/s/blog_6943970c0102znp8.html	谢霆锋.2006-毋忘我新曲创作辑2CD【英皇娱乐】【WAV+CUE】
https://blog.sina.com.cn/s/blog_6943970c0102znp7.html	杨千嬅.2001-MIRIAM【新艺宝】【WAV+CUE】
https://blog.sina.com.cn/s/blog_6943970c0102znp6.html	群星.2024-第二次初见影视原声带【福来客】【FLAC分轨】
https://blog.sina.com.cn/s/blog_6943970c0102znp5.html	康晋荣.2008-灰色·续曲【SONYBMG】【WAV+CUE】
https://blog.sina.com.cn/s/blog_6943970c0102znp4.html	谭咏麟.2012-一点光【环球】【WAV+CUE】
https://blog.sina.com.cn/s/blog_6943970c0102znp3.html	唐嫣.2013-糖心（EP）【SONY】【WAV+CUE】
https://blog.sina.com.cn/s/blog_6943970c0102znp2.html	张秀卿.2016-真爱无价【豪记】【WAV+CUE】
https://blog.sina.com.cn/s/blog_6943970c0102znp1.html	群星.2004-孟庆云作品经典6CD【音乐家】【WAV+CUE】
https://blog.sina.com.cn/s/blog_6943970c0102znp0.html	林慧萍.1996-爱难求【点将】【WAV+CUE】
https://blog.sina.com.cn/s/blog_6943970c0102znoz.html	檀健次.2024-焕【TME】【FLAC分轨】
https://blog.sina.com.cn/s/blog_6943970c0102znoy.html	群星.2024-梦想城影视原声带【光影岁月】【FLAC分轨】
https://blog.sina.com.cn/s/blog_6943970c0102znox.html	张靓颖.2011-改变（庆功版）【少城时代】【WAV+CUE】
https://blog.sina.com.cn/s/blog_6943970c0102znow.html	群星.2004-花月佳期精选集【普天】【WAV+CUE】
https://blog.sina.com.cn/s/blog_6943970c0102znov.html	许廷铿.2013-时光新曲+精丫星焕国际】【WAV+CUE】
https://blog.sina.com.cn/s/blog_6943970c0102znou.html	SupperMoment.2014-世界变了样【寰亚】【FLAC分轨】
https://blog.sina.com.cn/s/blog_6943970c0102znot.html	李宣榕.2020-好好（EP）【福茂】【FLAC分轨】
https://blog.sina.com.cn/s/blog_6943970c0102znos.html	吕方.1987-痴恋【华星】【WAV+CUE】
https://blog.sina.com.cn/s/blog_6943970c0102znor.html	江蕙.2010-当时欲嫁【好乐迪】【WAV+CUE】
https://blog.sina.com.cn/s/blog_6943970c0102znoq.html	黄鹤翔.1996-春天的花夏天的雨【中唱】【WAV+CUE】
https://blog.sina.com.cn/s/blog_6943970c0102znop.html	风信子.1992-以为你在等我这样的人【歌林】【WAV+CUE】
https://blog.sina.com.cn/s/blog_6943970c0102znoo.html	许志安.2001-烂泥【正东】【WAV+CUE】
https://blog.sina.com.cn/s/blog_6943970c0102znon.html	沈文程.1992-爱的日记【新台唱片】【WAV+CUE】
https://blog.sina.com.cn/s/blog_6943970c0102znom.html	周冰倩.1995-沧桑情歌（引进版）【JVC】【WAV+CUE】
https://blog.sina.com.cn/s/blog_6943970c0102znol.html	卢靖姗.2024-有人能听见我吗（EP）【华纳】【FLAC分轨】
https://blog.sina.com.cn/s/blog_6943970c0102znok.html	吕允.2024-回邮巡回LIVE【添翼创越】【FLAC分轨】
https://blog.sina.com.cn/s/blog_6943970c0102znoj.html	杨采妮.1997-采妮【EMI百代】【WAV+CUE】
https://blog.sina.com.cn/s/blog_6943970c0102znoi.html	旅行团.2015-10Day’s【来福胶泥】【WAV+CUE】
https://blog.sina.com.cn/s/blog_6943970c0102znoh.html	文章.1994-不让你看见我哭泣【福茂】【WAV+CUE】
https://blog.sina.com.cn/s/blog_6943970c0102znog.html	吴克群.2005-大顽家（庆功升值版）【种子音乐】【WAV+CUE】
https://blog.sina.com.cn/s/blog_6943970c0102znof.html	黎明.1994-火舞艳阳【宝丽金】【WAV+CUE】
https://blog.sina.com.cn/s/blog_6943970c0102znoe.html	TF家族.2024-登陆日LIVE（EP）【时代峰峻】【FLAC分轨】
https://blog.sina.com.cn/s/blog_6943970c0102znod.html	蔡秋凤.2009-一切拢是空【上豪】【WAV+CUE】
https://blog.sina.com.cn/s/blog_6943970c0102znoc.html	BEYOND.1996-得精彩（EP）【滚石】【WAV+CUE】
https://blog.sina.com.cn/s/blog_6943970c0102znob.html	比莉.1982-爱得太苛（2015梦田复黑版）【新丽声】【WAV+CUE】
https://blog.sina.com.cn/s/blog_6943970c0102znoa.html	群星.1996-正版四十八【飞图】【WAV+CUE】
https://blog.sina.com.cn/s/blog_6943970c0102zno9.html	许茹芸.2007-北纬66度【种子音乐】【WAV+CUE】
https://blog.sina.com.cn/s/blog_6943970c0102zno8.html	陈随意.2009-爱你一世人【美华】【WAV+CUE】
https://blog.sina.com.cn/s/blog_6943970c0102zno7.html	黄莺莺.1984-SECONDSIGHT（2015环球复刻版）【宝丽金】【WAV+CUE】
https://blog.sina.com.cn/s/blog_6943970c0102zno6.html	陈慧敏.2024-这段时间的我正在【StreetVoice】【FLAC分轨】
https://blog.sina.com.cn/s/blog_6943970c0102zno5.html	李明依.1991-小女人【滚石】【WAV+CUE】
https://blog.sina.com.cn/s/blog_6943970c0102zno4.html	任贤齐.1990-再问一次（滚石再版）【新格】【WAV+CUE】
https://blog.sina.com.cn/s/blog_6943970c0102zno3.html	王中平.1993-你要我等你多久【蓝与白】【WAV+CUE】
https://blog.sina.com.cn/s/blog_6943970c0102zno2.html	王蓉.2005-多爱【大国文化】【WAV+CUE】
https://blog.sina.com.cn/s/blog_6943970c0102zno1.html	钟嘉欣.2009-MyLoveStory【星娱乐】【FLAC分轨】
https://blog.sina.com.cn/s/blog_6943970c0102zno0.html	郑源.2006-爱过的人【孔雀廊】【WAV+CUE】
https://blog.sina.com.cn/s/blog_6943970c0102znnz.html	江希文.1993-旧情绵绵【嘉音】【WAV+CUE】
https://blog.sina.com.cn/s/blog_6943970c0102znny.html	群星.1999-雷霆班霸【BMG】【WAV+CUE】
https://blog.sina.com.cn/s/blog_6943970c0102znnx.html	洪荣宏.1981-歹路不可行·相思雨（飞跃复刻版）【光美】【WAV+CUE】…
https://blog.sina.com.cn/s/blog_6943970c0102znnw.html	范文芳.1998-逛街【EMI百代】【WAV+CUE】
https://blog.sina.com.cn/s/blog_6943970c0102znnv.html	杨林.1991-梦里也缠绵【宝丽金】【WAV+CUE】
https://blog.sina.com.cn/s/blog_6943970c0102znnu.html	康乔.1997-魅力歌展南方金典系列2CD【南方】【WAV+CUE】
https://blog.sina.com.cn/s/blog_6943970c0102znnt.html	潘宇谦.2024-微光【SONY】【FLAC分轨】
https://blog.sina.com.cn/s/blog_6943970c0102znns.html	李克勤.2010-罪人【环球】【WAV+CUE】
https://blog.sina.com.cn/s/blog_6943970c0102znnr.html	张靓颖.2018-一代芳华·邓丽君（EP）【FLAC分轨】
https://blog.sina.com.cn/s/blog_6943970c0102znnq.html	群星.1992-宝丽金都市恋歌4CD【宝丽金】【WAV+CUE】
https://blog.sina.com.cn/s/blog_6943970c0102znnp.html	殷正洋.1994-戏歌2辑【巨石】【WAV+CUE】
https://blog.sina.com.cn/s/blog_6943970c0102znno.html	郑中基.2003-PLEASE.HELP!2CD【金牌娱乐】【WAV+CUE】
https://blog.sina.com.cn/s/blog_6943970c0102znnn.html	群星.2010-歌林精选辑【歌林】【WAV+CUE】
https://blog.sina.com.cn/s/blog_6943970c0102znnm.html	City.Beat.1991-GOODBYE（2006经典复刻版）【SONY】【WAV+CUE】
https://blog.sina.com.cn/s/blog_6943970c0102znnl.html	徐佳莹.2010-极限【亚神音乐】【WAV+CUE】
https://blog.sina.com.cn/s/blog_6943970c0102znnk.html	张艺兴.2022-东+西（2EP）【FLAC分轨】
https://blog.sina.com.cn/s/blog_6943970c0102znnj.html	董育君.2012-寄袂出去的批【美乐帝】【WAV+CUE】
https://blog.sina.com.cn/s/blog_6943970c0102znni.html	杜德伟.1994-未变过【滚石】【WAV+CUE】
https://blog.sina.com.cn/s/blog_6943970c0102znnh.html	谢雷.1991-父子情【歌林】【WAV+CUE】
https://blog.sina.com.cn/s/blog_6943970c0102znng.html	蓝心湄.1991-SOMETHINGINMYEYES【飞羚】【WAV+CUE】
https://blog.sina.com.cn/s/blog_6943970c0102znnf.html	林灵.1986-情调重现2辑（喜玛拉雅飞跃复刻版）【海丽】【WAV+CUE】
https://blog.sina.com.cn/s/blog_6943970c0102znne.html	乃万.2024-NARCHIVE【环球】【FLAC分轨】
https://blog.sina.com.cn/s/blog_6943970c0102znnd.html	郑平.2024-简单一句话【AUCE】【FLAC分轨】
https://blog.sina.com.cn/s/blog_6943970c0102znnc.html	李国祥.1991-BLUE【嘉音】【WAV+CUE】
https://blog.sina.com.cn/s/blog_6943970c0102znnb.html	谭咏麟.1992-我的生命我的愛新曲+精丫宝丽金】【WAV+CUE】
https://blog.sina.com.cn/s/blog_6943970c0102znna.html	群星.1987-飞扬的歌手精选辑·飞扬的青春【飞碟】【WAV+CUE】
https://blog.sina.com.cn/s/blog_6943970c0102znn9.html	徐怀钰.2000-LOVE【滚石】【WAV+CUE】
https://blog.sina.com.cn/s/blog_6943970c0102znn8.html	梁咏琪.1997-新居【EEI】【WAV+CUE】
https://blog.sina.com.cn/s/blog_6943970c0102znn7.html	那英.1998-征服【EMI百代】【WAV+CUE】
https://blog.sina.com.cn/s/blog_6943970c0102znn6.html	群星.2006-神雕侠侣电视主题曲原声大戏【滚石】【WAV+CUE】
https://blog.sina.com.cn/s/blog_6943970c0102znn5.html	萧亚轩.2001-4U【维京】【WAV+CUE】
https://blog.sina.com.cn/s/blog_6943970c0102znn4.html	群星.1992-宝丽金现代经典合唱精选2CD【宝丽金】【WAV+CUE】
https://blog.sina.com.cn/s/blog_6943970c0102znn3.html	李幸倪.2022-TIMEFAITH【环球】【WAV+CUE】
https://blog.sina.com.cn/s/blog_6943970c0102znn2.html	韩红.2002-歌唱【京文】【WAV+CUE】
https://blog.sina.com.cn/s/blog_6943970c0102znn1.html	王建杰.1995-台语老歌典藏2辑【乡城】【WAV+CUE】
https://blog.sina.com.cn/s/blog_6943970c0102znn0.html	骅梓.1996-不要匆忙（正东版）【红星生产社】【WAV+CUE】
https://blog.sina.com.cn/s/blog_6943970c0102znmz.html	郭美美.2006-不怕不怕【MUSICSTREET】【WAV+CUE】
https://blog.sina.com.cn/s/blog_6943970c0102znmy.html	雷光夏.2024-小故事【环球】【FLAC分轨】
https://blog.sina.com.cn/s/blog_6943970c0102znmx.html	于台烟.2011-月历顶头的记号【乾坤唱片】【WAV+CUE】
https://blog.sina.com.cn/s/blog_6943970c0102znmw.html	苏有朋.1995-爱上你的一切事情（粤专）【华纳】【WAV+CUE】
https://blog.sina.com.cn/s/blog_6943970c0102znmv.html	群星.2002-红透半边天精选集【歌莱美】【WAV+CUE】
https://blog.sina.com.cn/s/blog_6943970c0102znmu.html	费翔.1998-典藏金曲【EMI百代】【WAV+CUE】
https://blog.sina.com.cn/s/blog_6943970c0102znmt.html	李恕权.2001-拥你在梦里【SONY】【WAV+CUE】
https://blog.sina.com.cn/s/blog_6943970c0102znms.html	郭美美.2017-你的名字【海蝶】【WAV+CUE】
https://blog.sina.com.cn/s/blog_6943970c0102znmr.html	林欣彤.2013-District23【英皇娱乐】【WAV+CUE】
https://blog.sina.com.cn/s/blog_6943970c0102znmq.html	张卫健.1993-亲亲你精丫华纳】【WAV+CUE】
https://blog.sina.com.cn/s/blog_6943970c0102znmp.html	曾玮中.2024-后世人【福茂】【FLAC分轨】
https://blog.sina.com.cn/s/blog_6943970c0102znmo.html	李克勤.1995-经典金曲2辑【宝丽金】【WAV+CUE】
https://blog.sina.com.cn/s/blog_6943970c0102znmn.html	乔幼.2016-思念的海岸【豪记】【WAV+CUE】
https://blog.sina.com.cn/s/blog_6943970c0102znmm.html	群星.2000-妹妹哼情歌2辑【环球】【WAV+CUE】
https://blog.sina.com.cn/s/blog_6943970c0102znml.html	许茹芸.1995-讨好【上华】【WAV+CUE】
https://blog.sina.com.cn/s/blog_6943970c0102znmk.html	徐良.2013-北京巷弄【美妙音乐】【WAV+CUE】
https://blog.sina.com.cn/s/blog_6943970c0102znmj.html	王芷蕾.1987-春天的脸（华纳复刻版）【飞碟】【WAV+CUE】
https://blog.sina.com.cn/s/blog_6943970c0102znmi.html	群星.2024-她的伪装影视剧原声带【纯然映画】【FLAC分轨】
https://blog.sina.com.cn/s/blog_6943970c0102znmh.html	郑秀文.2024-SOUND.OF.MI（EP）【寰亚】【FLAC分轨】
https://blog.sina.com.cn/s/blog_6943970c0102znmg.html	陈慧娴.2011-音乐大全101系列6CD【环球】【WAV+CUE】
https://blog.sina.com.cn/s/blog_6943970c0102znmf.html	钟镇涛.1981-白衣少女（LP版）【宝丽金】【WAV+CUE】
https://blog.sina.com.cn/s/blog_6943970c0102znme.html	群星.1993-城市童话【宝丽金】【WAV+CUE】
https://blog.sina.com.cn/s/blog_6943970c0102znmd.html	群星.2024-哭成泪人儿【环球】【FLAC分轨】
https://blog.sina.com.cn/s/blog_6943970c0102znmc.html	洪卓立.2014-那天（EP）【英皇娱乐】【WAV+CUE】
https://blog.sina.com.cn/s/blog_6943970c0102znmb.html	张惠妹.2011-你在看我吗你和我的庆功珍藏版2CD【金牌大风】【WAV+C…
https://blog.sina.com.cn/s/blog_6943970c0102znma.html	关正杰.1992-经典金曲精选2CD【宝丽金】【WAV+CUE】
https://blog.sina.com.cn/s/blog_6943970c0102znm9.html	眼镜蛇乐队.2000-眼镜蛇【新蜂音乐】【WAV+CUE】
https://blog.sina.com.cn/s/blog_6943970c0102znm8.html	眼镜蛇乐队.1996-眼镜蛇【红星生产社】【WAV+CUE】
https://blog.sina.com.cn/s/blog_6943970c0102znm7.html	黄思婷.2011-等待有情天【豪记】【WAV+CUE】
https://blog.sina.com.cn/s/blog_6943970c0102znm6.html	筷子兄弟.2010-老男孩【品尚品】【WAV+CUE】
https://blog.sina.com.cn/s/blog_6943970c0102znm5.html	甄楚倩.1989-今天天气呵呵呵【SONY】【WAV+CUE】
https://blog.sina.com.cn/s/blog_6943970c0102znm4.html	郑中基.1997-戒情人【宝丽金】【WAV+CUE】
https://blog.sina.com.cn/s/blog_6943970c0102znm3.html	群星.2024-执行法官电视剧原声带【麦潼音乐】【FLAC分轨】
https://blog.sina.com.cn/s/blog_6943970c0102znm2.html	许冠英.1978-夏之恋（2009环球复黑王）【宝丽金】【WAV+CUE】
https://blog.sina.com.cn/s/blog_6943970c0102znm1.html	潘美辰.1996-当我离开你【波丽佳音】【WAV+CUE】
https://blog.sina.com.cn/s/blog_6943970c0102znm0.html	林志颖.1993-戏梦新歌+精丫华纳】【WAV+CUE】
https://blog.sina.com.cn/s/blog_6943970c0102znlz.html	陈一郎.1990-男儿漂泊的心情【名冠】【WAV+CUE】
https://blog.sina.com.cn/s/blog_6943970c0102znly.html	DRY.1998-FREE【正东】【WAV+CUE】
https://blog.sina.com.cn/s/blog_6943970c0102znlx.html	郑润泽.2024-漩涡人生【FLAC分轨】
https://blog.sina.com.cn/s/blog_6943970c0102znlw.html	群星.1993-青青河边草电视电影原声珍藏辑【上华】【WAV+CUE】
https://blog.sina.com.cn/s/blog_6943970c0102znlv.html	羽泉.2014-敢爱【巨匠文化】【WAV+CUE】
https://blog.sina.com.cn/s/blog_6943970c0102znlu.html	蔡依林.2010-MYSELF奢华庆功版2CD【华纳】【WAV+CUE】
https://blog.sina.com.cn/s/blog_6943970c0102znlt.html	ZEN.1995-I.REMEMBER.YOU（EP）【华纳】【WAV+CUE】
https://blog.sina.com.cn/s/blog_6943970c0102znls.html	龙千玉.2008-只爱你一个【豪记】【WAV+CUE】
https://blog.sina.com.cn/s/blog_6943970c0102znlr.html	群星.2023-宁安如梦影视原声带【韶愔音乐】【FLAC分轨】
https://blog.sina.com.cn/s/blog_6943970c0102znlq.html	罗嘉良.1990-别离后【JIMLO】【WAV+CUE】
https://blog.sina.com.cn/s/blog_6943970c0102znlp.html	群星.1991-最受欢迎怀念金曲2辑【瑞华】【WAV+CUE】
https://blog.sina.com.cn/s/blog_6943970c0102znlo.html	黄义达.2013-心盘【SONY】【WAV+CUE】
https://blog.sina.com.cn/s/blog_6943970c0102znln.html	于冠华.1993-我淋过雨【新笛】【WAV+CUE】
https://blog.sina.com.cn/s/blog_6943970c0102znlm.html	群星.1989-商业二台·叱咤新一代【新艺宝】【WAV+CUE】
https://blog.sina.com.cn/s/blog_6943970c0102znll.html	谢天笑.2000-冷血动物【京文】【WAV+CUE】
https://blog.sina.com.cn/s/blog_6943970c0102znlk.html	凤飞飞.2008-非常好歌·飞听不可绝版2CD【EQ】【WAV+CUE】
https://blog.sina.com.cn/s/blog_6943970c0102znlj.html	黄贯中.2013-PAUL.WONG.COLLECTION【POLARBEAR】【WAV+CUE】
https://blog.sina.com.cn/s/blog_6943970c0102znli.html	莫艳琳.2015-说走就走【鸿艺】【WAV+CUE】
https://blog.sina.com.cn/s/blog_6943970c0102znlh.html	江海迦.2024-ONEDERFUL.LIVE.2023.3CD【环球】【FLAC分轨】
https://blog.sina.com.cn/s/blog_6943970c0102znlg.html	童安格.1995-谢谢最深爱的你1985－1995童安格的音乐行李黄金纪念版…
https://blog.sina.com.cn/s/blog_6943970c0102znlf.html	群星.2009-郑国江作品集2献出真善美3CD【环球】【WAV+CUE】
https://blog.sina.com.cn/s/blog_6943970c0102znle.html	黄乙玲.1997-爱你无条件【神采】【WAV+CUE】
https://blog.sina.com.cn/s/blog_6943970c0102znld.html	杨克强.1992-抓住这一天【华星】【WAV+UCE】
https://blog.sina.com.cn/s/blog_6943970c0102znlc.html	周笔畅.2006-谁动了我的琴弦【乐林文化】【WAV+CUE】
https://blog.sina.com.cn/s/blog_6943970c0102znlb.html	群星.2024-度华年电视剧原声带【TME】【FLAC分轨】
https://blog.sina.com.cn/s/blog_6943970c0102znl9.html	群星.2024-珠玉在侧影视原声带【千曜音乐】【FLAC分轨】
https://blog.sina.com.cn/s/blog_6943970c0102znl8.html	唐磊.2004-丁香花【普新纪元】【WAV+CUE】
https://blog.sina.com.cn/s/blog_6943970c0102znl7.html	萧亚轩.2012-SUPER.GIRL爱无畏新歌+精选2CD【金牌大风】【WAV+CUE…
https://blog.sina.com.cn/s/blog_6943970c0102znl6.html	陈俪玲.1995-相思（旅梦系列之二）【滚石】【WAV+CUE】
https://blog.sina.com.cn/s/blog_6943970c0102znl5.html	李建復.1995-牧歌（旅梦系列之一）【滚石】【WAV+CUE】
https://blog.sina.com.cn/s/blog_6943970c0102znl4.html	常宽.1992-今天的一切【EMI百代】【WAV+CUE】
https://blog.sina.com.cn/s/blog_6943970c0102znl3.html	叶玉卿.1994-珍惜你的女人【名将音乐】【WAV+CUE】
https://blog.sina.com.cn/s/blog_6943970c0102znl2.html	郑华娟.2024-初相遇…【华纳】【FLAC分轨】
https://blog.sina.com.cn/s/blog_6943970c0102znl1.html	群星.1990-六个梦之婉君·哑妻·三朵花【华星】【WAV+CUE】
https://blog.sina.com.cn/s/blog_6943970c0102znl0.html	潘协庆.1994-不该认真【立得】【WAV+CUE】
https://blog.sina.com.cn/s/blog_6943970c0102znkz.html	谭咏麟.1997-我们一起唱过的歌（翻唱辑）【宝丽金】【WAV+CUE】
https://blog.sina.com.cn/s/blog_6943970c0102znky.html	谭咏麟.1997-我们一起走过的日子（翻唱辑）【宝丽金】【WAV+CUE】
https://blog.sina.com.cn/s/blog_6943970c0102znkx.html	李度.1996-为爱犯了罪【滚石】【WAV+CUE】
https://blog.sina.com.cn/s/blog_6943970c0102znkw.html	南台湾小姑娘.1996-爱情先天免疫【大旗】【WAV+CUE】
https://blog.sina.com.cn/s/blog_6943970c0102znkv.html	邓健泓.2004-咪当我傻(新曲+精选)【正东】【WAV+CUE】
https://blog.sina.com.cn/s/blog_6943970c0102znku.html	群星.2024-颜心记影视原声带【韶愔音乐】【FLAC分轨】
https://blog.sina.com.cn/s/blog_6943970c0102znkt.html	陈秋霞.1980-秋霞之歌（2006环球复黑王）【宝丽金】【WAV+CUE】
https://blog.sina.com.cn/s/blog_6943970c0102znks.html	袁咏仪.1999-没什么【EMI百代】【WAV+CUE】
https://blog.sina.com.cn/s/blog_6943970c0102znkr.html	群星.2016-一把青电视原声带【华研国际】【WAV+CUE】
https://blog.sina.com.cn/s/blog_6943970c0102znkq.html	李宇春.2012-再不疯狂我们就老了【天娱传媒】【WAV+CUE】
https://blog.sina.com.cn/s/blog_6943970c0102znkp.html	孙淑媚.1999-爱的滋味1995-1999精丫大旗】【WAV+CUE】
https://blog.sina.com.cn/s/blog_6943970c0102znko.html	陈慧娴.2015-EVOLVE【环球】【WAV+CUE】
https://blog.sina.com.cn/s/blog_6943970c0102znkn.html	谢孟其.2024-反刍【StreetVoice】【FLAC分轨】
https://blog.sina.com.cn/s/blog_6943970c0102znkm.html	张杰.2005-再爱我一回【上腾】【WAV+CUE】
https://blog.sina.com.cn/s/blog_6943970c0102znkl.html	群星.2008-娱协奖原创金曲合辑【滚石】【WAV+CUE】
https://blog.sina.com.cn/s/blog_6943970c0102znkk.html	林叶亭.1994-和照片谈恋爱【滚石】【WAV+CUE】
https://blog.sina.com.cn/s/blog_6943970c0102znkj.html	陈雷.2021-天下无敌【福茂】【WAV+CUE】
https://blog.sina.com.cn/s/blog_6943970c0102znki.html	麦浚龙.2004-PROTO【环球】【FLAC分轨】
https://blog.sina.com.cn/s/blog_6943970c0102znkh.html	群星.2024-离歌网剧原声带【力行】【FLAC分轨】
https://blog.sina.com.cn/s/blog_6943970c0102znkg.html	群星.1990-六个梦之婉君·三朵花【上华】【WAV+CUE】
https://blog.sina.com.cn/s/blog_6943970c0102znkf.html	高山峰.2000-无聊的人生【EMI百代】【WAV+CUE】
https://blog.sina.com.cn/s/blog_6943970c0102znke.html	TWINS.2007-我们相爱六年3CD【英皇娱乐】【WAV+CUE】
https://blog.sina.com.cn/s/blog_6943970c0102znkd.html	玩具船长.2012-大岛小岛，咸咸就好【中唱】【WAV+CUE】
https://blog.sina.com.cn/s/blog_6943970c0102znkc.html	温岚.2004-温式效应【阿尔发音乐】【WAV+CUE】
https://blog.sina.com.cn/s/blog_6943970c0102znkb.html	姚琛.2024-L.I.V.E.【泛领文化】【FLAC分轨】
https://blog.sina.com.cn/s/blog_6943970c0102znka.html	林志颖.1993-牵挂你的我【飞碟】【WAV+CUE】
https://blog.sina.com.cn/s/blog_6943970c0102znk9.html	太极乐队.1991-一切为何【华纳】【WAV+CUE】
https://blog.sina.com.cn/s/blog_6943970c0102znk8.html	群星.1992-宝丽金新一代歌曲精丫宝丽金】【WAV+CUE】
https://blog.sina.com.cn/s/blog_6943970c0102znk7.html	谢宜君.2019-纯情花【豪记】【WAV+CUE】
https://blog.sina.com.cn/s/blog_6943970c0102znk6.html	卢凯彤.2011-掀起【东亚】【FLAC分轨】
https://blog.sina.com.cn/s/blog_6943970c0102znk5.html	林汉扬.1993-SAYYESMYGIRL【异果EGO】【WAV+CUE】
https://blog.sina.com.cn/s/blog_6943970c0102znk4.html	群星.2024-手术直播间电视剧影视原声带【奔跑怪物】【FLAC分轨】
https://blog.sina.com.cn/s/blog_6943970c0102znk3.html	费玉清.2001-费玉清收藏2CD【华纳】【WAV+CUE】
https://blog.sina.com.cn/s/blog_6943970c0102znk2.html	凤飞飞.2003-凤唱绝版复刻系列12CD【海山】【WAV+CUE】
https://blog.sina.com.cn/s/blog_6943970c0102znk1.html	群星.1991-宝丽金新1代【宝丽金】【WAV+CUE】
https://blog.sina.com.cn/s/blog_6943970c0102znk0.html	吴奇隆.1994-MY.SUMMER.DREAM【飞碟】【WAV+CUE】
https://blog.sina.com.cn/s/blog_6943970c0102znjz.html	陆家俊.1992-陆家烤SONY】【WAV+CUE】
https://blog.sina.com.cn/s/blog_6943970c0102znjy.html	群星.1991-抒情调调【宝丽金】【WAV+CUE】
https://blog.sina.com.cn/s/blog_6943970c0102znjx.html	陈淑桦.1986-黑发变白发（极品音色复刻系列）【四海唱片】【WAV+CU…
https://blog.sina.com.cn/s/blog_6943970c0102znjw.html	程璧.2020-Sonnet.And.Song【黑马文化】【WAV+CUE】
https://blog.sina.com.cn/s/blog_6943970c0102znjv.html	南合文斗.2005-混了31年【鸟人唱片】【FLAC+CUE】
https://blog.sina.com.cn/s/blog_6943970c0102znju.html	曾宝仪.2002-八号风球的爱恋【丰华】【WAV+CUE】
https://blog.sina.com.cn/s/blog_6943970c0102znjt.html	群星.1993-梅花三弄电视主题曲全集【飞碟】【WAV+CUE】
https://blog.sina.com.cn/s/blog_6943970c0102znjs.html	叶蕴仪.1993-诺言【飞碟】【WAV+CUE】
https://blog.sina.com.cn/s/blog_6943970c0102znjr.html	罗大佑.2004-美丽岛2CD【音乐工厂】【WAV+CUE】
https://blog.sina.com.cn/s/blog_6943970c0102znjq.html	张学友.1999-走过1999【环球】【WAV+CUE】
https://blog.sina.com.cn/s/blog_6943970c0102znjp.html	向蕙玲.2017-爱你的誓言【豪记】【WAV+CUE】
https://blog.sina.com.cn/s/blog_6943970c0102znjo.html	群星.2024-柳叶摘星辰影视原声带【韶愔音乐】【FLAC分轨】
https://blog.sina.com.cn/s/blog_6943970c0102znjn.html	曹永濂.1996-不惜一切【乐意】【WAV+CUE】
https://blog.sina.com.cn/s/blog_6943970c0102znjm.html	汤宝如.1996-感冒前后新曲+精丫宝丽金】【WAV+CUE】
https://blog.sina.com.cn/s/blog_6943970c0102znjl.html	郑伊健.1996-伊健十三【BMG】【WAV+CUE】
https://blog.sina.com.cn/s/blog_6943970c0102znjk.html	阿杜.2005-I.Do【海蝶】【WAV+CUE】
https://blog.sina.com.cn/s/blog_6943970c0102znjj.html	陈淑桦.2002-国语原声典藏版2辑【乡城】【WAV+CUE】
https://blog.sina.com.cn/s/blog_6943970c0102znji.html	李乐诗.1996-Best17【嘉音】【WAV+CUE】
https://blog.sina.com.cn/s/blog_6943970c0102znjh.html	林海峰.1997-的士够格HARDBEAT【新艺宝】【WAV+CUE】
https://blog.sina.com.cn/s/blog_6943970c0102znjg.html	吴俊宏.2023-水水点胭脂【上豪】【FLAC分轨】
https://blog.sina.com.cn/s/blog_6943970c0102znjf.html	群星.1996-TOP1996国语年度票房总冠军【上华】【WAV+CUE】
https://blog.sina.com.cn/s/blog_6943970c0102znje.html	卢广仲.2011-慢灵魂【添翼创越】【FLAC分轨】
https://blog.sina.com.cn/s/blog_6943970c0102znjd.html	许茹芸.1997-日光机尘上华】【WAV+CUE】
https://blog.sina.com.cn/s/blog_6943970c0102znjc.html	徐玮.1980-一直想着她（2003复黑版）【海山】【WAV+CUE】
https://blog.sina.com.cn/s/blog_6943970c0102znjb.html	麦洁文.1984-江湖浪子【娱乐唱片】【WAV+CUE】
https://blog.sina.com.cn/s/blog_6943970c0102znj7.html	刘德华.1989-共你伤心过【EMI百代】【WAV+CUE】
https://blog.sina.com.cn/s/blog_6943970c0102znj6.html	许巍.1997-在别处（美卡首版）【红星生产社】【WAV+CUE】
https://blog.sina.com.cn/s/blog_6943970c0102znj5.html	方文琳.1998-困砂【上华】【WAV+CUE】
https://blog.sina.com.cn/s/blog_6943970c0102znj4.html	孙楠.1994-我们都是伤心人【艺能动音】【WAV+CUE】
https://blog.sina.com.cn/s/blog_6943970c0102znj3.html	群星.2004-一唱一和情歌典藏集2CD【瑞华】【WAV+CUE】
https://blog.sina.com.cn/s/blog_6943970c0102znj2.html	韩宝仪.1993-金奖恰恰3CD【风格】【WAV+CUE】
https://blog.sina.com.cn/s/blog_6943970c0102znj1.html	叶倩文.1991-潇洒走一回【飞碟】【WAV+CUE】
https://blog.sina.com.cn/s/blog_6943970c0102znj0.html	安七炫.2005-面具（中文版）【S.M娱乐】【WAV+CUE】
https://blog.sina.com.cn/s/blog_6943970c0102zniz.html	张琼瑶.1990-有一天我会【EMI百代】【WAV+CUE】
https://blog.sina.com.cn/s/blog_6943970c0102zniy.html	群星.1990-翻天覆地【永声】【WAV+CUE】
https://blog.sina.com.cn/s/blog_6943970c0102znix.html	邓妙华.2012-作阵飞【华特音乐】【WAV+CUE】
https://blog.sina.com.cn/s/blog_6943970c0102zniw.html	张敬轩.2011-P.S.I.LOVE.YOU【环球】【WAV+CUE】
https://blog.sina.com.cn/s/blog_6943970c0102zniv.html	黄龄.2016-我们都不应该孤单（EP）【百慕文化】【WAV+CUE】
https://blog.sina.com.cn/s/blog_6943970c0102zniu.html	庾澄庆.1993-老实情歌【福茂】【WAV+CUE】
https://blog.sina.com.cn/s/blog_6943970c0102znit.html	李明德.1995-温柔的孤独【太笙文化】【WAV+CUE】
https://blog.sina.com.cn/s/blog_6943970c0102znis.html	张云儿.1992-你的样子（引进版）【WAV+CUE】
https://blog.sina.com.cn/s/blog_6943970c0102znir.html	关心妍.2002-JADE-2【BMA】【WAV+CUE】
https://blog.sina.com.cn/s/blog_6943970c0102zniq.html	关心妍.2002-JADE-1【BMA】【WAV+CUE】
https://blog.sina.com.cn/s/blog_6943970c0102znip.html	戴佩妮.2008-我到底是谁（数位单曲限定纪念册EP）【喜欢音乐】【WA…
https://blog.sina.com.cn/s/blog_6943970c0102znio.html	林忆莲.1992-回来爱的身边【华星】【WAV+CUE】
https://blog.sina.com.cn/s/blog_6943970c0102znin.html	群星.1983-宝丽金国语金曲精丫宝丽金】【WAV+CUE】
https://blog.sina.com.cn/s/blog_6943970c0102znim.html	范晓萱.1996-好想谈恋爱【福茂】【WAV+CUE】
https://blog.sina.com.cn/s/blog_6943970c0102znil.html	谢金晶.2014-思念你的心【豪记】【WAV+CUE】
https://blog.sina.com.cn/s/blog_6943970c0102znik.html	群星.2020-晴雅集电影原声大碟【完美青春】【FLAC分轨】
https://blog.sina.com.cn/s/blog_6943970c0102znij.html	王宏伟.2017-永远的红飘带【太平洋影音】【WAV+CUE】
https://blog.sina.com.cn/s/blog_6943970c0102znii.html	高若云.2001-精选集【GOLDISC】【WAV+CUE】
https://blog.sina.com.cn/s/blog_6943970c0102znih.html	巫启贤.2000-感动2CD【阿尔发】【WAV+CUE】
https://blog.sina.com.cn/s/blog_6943970c0102znig.html	群星.2007-美体·壮男·干【摇滚帝国】【WAV+CUE】
https://blog.sina.com.cn/s/blog_6943970c0102znif.html	郭富城.1992-跳不完·爱不完·唱不完【华星】【WAV+CUE】
https://blog.sina.com.cn/s/blog_6943970c0102znie.html	林鸿宇.2024-相同的缺憾【SONY】【FLAC分轨】
https://blog.sina.com.cn/s/blog_6943970c0102znid.html	群星.1987-我有话要说【滚石】【WAV+CUE】
https://blog.sina.com.cn/s/blog_6943970c0102znic.html	群星.1991-国语金曲精选3CD【WAV+CUE】
https://blog.sina.com.cn/s/blog_6943970c0102znib.html	曹永濂.1997-感激一个人新曲+精选17首【乐意】【WAV+CUE】
https://blog.sina.com.cn/s/blog_6943970c0102znia.html	吴浩康.2008-REALITYCO.LTD【英皇娱乐】【WAV+CUE】
https://blog.sina.com.cn/s/blog_6943970c0102zni9.html	张清芳.2002-等待【丰华唱片】【WAV+CUE】
https://blog.sina.com.cn/s/blog_6943970c0102zni8.html	群星.1996-宝丽金双声情歌合唱精选2CD【宝丽金】【WAV+CUE】
https://blog.sina.com.cn/s/blog_6943970c0102zni7.html	任贤齐.1999-天降大任99创世纪新歌+精选2CD【滚石】【WAV+CUE】
https://blog.sina.com.cn/s/blog_6943970c0102zni6.html	櫻花姊妹.1995-离別的苦酒【雅鹂】【WAV+CUE】
https://blog.sina.com.cn/s/blog_6943970c0102zni5.html	群星.1987-美就是心中有爱【飞碟】【WAV+CUE】
https://blog.sina.com.cn/s/blog_6943970c0102zni4.html	黄征.2005-一个人的战役【音乐家】【WAV+CUE】
https://blog.sina.com.cn/s/blog_6943970c0102zni3.html	温拿乐队.2007-STARS.ON.33新曲+精选3CD【环球】【WAV+CUE】
https://blog.sina.com.cn/s/blog_6943970c0102zni2.html	张琍敏.1978-枫林小雨（2008喜玛拉雅复刻版）【海山】【WAV+CUE】
https://blog.sina.com.cn/s/blog_6943970c0102zni1.html	周震南.2024-LOVE..DESIRE演唱会LIVE辑【哇唧唧哇】【FLAC分轨】
https://blog.sina.com.cn/s/blog_6943970c0102zni0.html	高明骏.1991-今夜让我梦中有你【巨冀】【WAV+CUE】
https://blog.sina.com.cn/s/blog_6943970c0102znhz.html	潘协庆.1992-你有没有一个叫做寂寞的朋友【超音波】【WAV+CUE】
https://blog.sina.com.cn/s/blog_6943970c0102znhy.html	腾格尔.2009-双情2CD【中唱】【WAV+CUE】
https://blog.sina.com.cn/s/blog_6943970c0102znhx.html	胡杨林.2009-与幸福有关【太格印象】【WAV+CUE】
https://blog.sina.com.cn/s/blog_6943970c0102znhw.html	群星.1991-国语金曲【文志】【WAV+CUE】
https://blog.sina.com.cn/s/blog_6943970c0102znhv.html	罗时丰.1996-感情到最后【金瓜石】【WAV+CUE】
https://blog.sina.com.cn/s/blog_6943970c0102znhu.html	梁家辉.1996-诱惑我一辈子【滚石】【WAV+CUE】
https://blog.sina.com.cn/s/blog_6943970c0102znht.html	江淑娜.1994-看着我的脸【点将】【WAV+CUE】
https://blog.sina.com.cn/s/blog_6943970c0102znhs.html	群星.2007-叱咤新一代2CD【正东】【WAV+CUE】
https://blog.sina.com.cn/s/blog_6943970c0102znhr.html	蔡秋凤.2014-快给我爱【禾广娱乐】【WAV+CUE】
https://blog.sina.com.cn/s/blog_6943970c0102znhq.html	谭咏麟.2004-天·地2CD【环球】【WAV+CUE】
https://blog.sina.com.cn/s/blog_6943970c0102znhp.html	侯牧人.2012-年代·侯牧人作品丫听心音乐】【WAV+CUE】
https://blog.sina.com.cn/s/blog_6943970c0102znho.html	陈芳语.2024-Kiki【SONY】【FLAC分轨】
https://blog.sina.com.cn/s/blog_6943970c0102znhn.html	黎瑞恩.2002-理想的日子精选47首2CD【环球】【WAV+CUE】
https://blog.sina.com.cn/s/blog_6943970c0102znhm.html	林东松.1995-比昨天更爱【宝丽金】【WAV+CUE】
https://blog.sina.com.cn/s/blog_6943970c0102znhl.html	林一峰.2007-思·生活2CD【LYFEMusic】【WAV+CUE】
https://blog.sina.com.cn/s/blog_6943970c0102znhk.html	刘德华.1997-爱如此神奇【艺能动音】【WAV+CUE】
https://blog.sina.com.cn/s/blog_6943970c0102znhj.html	群星.1991-可登1991最佳心曲【可登】【WAV+CUE】
https://blog.sina.com.cn/s/blog_6943970c0102znhi.html	刘美君.1994-夜有所思日有所梦【SONY】【WAV+CUE】
https://blog.sina.com.cn/s/blog_6943970c0102znhh.html	群星.1991-你想跳舞吗？【宝丽金】【WAV+CUE】
https://blog.sina.com.cn/s/blog_6943970c0102znhg.html	群星.2014-魅力情歌对唱2辑【南方】【FLAC+CUE】
https://blog.sina.com.cn/s/blog_6943970c0102znhf.html	童安格.1990-真爱是谁新歌+精丫宝丽金】【WAV+CUE】
https://blog.sina.com.cn/s/blog_6943970c0102znhe.html	夏韶声.1996-一个梦儿【华星】【WAV+CUE】
https://blog.sina.com.cn/s/blog_6943970c0102znhd.html	群星.1998-最热广东精丫宝丽金】【WAV+CUE】
https://blog.sina.com.cn/s/blog_6943970c0102znhc.html	王秀如.1992-面对面的坐着【滚石】【WAV+CUE】
https://blog.sina.com.cn/s/blog_6943970c0102znhb.html	戴梅君.1997-你好吗？【大旗】【WAV+CUE】
https://blog.sina.com.cn/s/blog_6943970c0102znha.html	陈柏宇.2008-Change【SONY】【FLAC分轨】
https://blog.sina.com.cn/s/blog_6943970c0102znh9.html	杜德伟.1996-BEST.LOVE.2（英）【滚石】【WAV+CUE】
https://blog.sina.com.cn/s/blog_6943970c0102znh8.html	杜德伟.1995-BEST.LOVE（英）【滚石】【WAV+CUE】
https://blog.sina.com.cn/s/blog_6943970c0102znh7.html	群星.2019-天坑鷹猎电视剧原声带（EP）【智慧大狗】【FLAC分轨】
https://blog.sina.com.cn/s/blog_6943970c0102znh6.html	何嘉莉.1998-MYDREAMS（EP）【飞图】【WAV+CUE】
https://blog.sina.com.cn/s/blog_6943970c0102znh5.html	何炅.2005-漫游【中唱】【WAV+CUE】
https://blog.sina.com.cn/s/blog_6943970c0102znh4.html	群星.1992－1994-宝丽金绝佳经典2辑【宝丽金】【WAV+CUE】
https://blog.sina.com.cn/s/blog_6943970c0102znh3.html	谢安琪.2007-THEFIRSTDAY（新歌+重绎）【新艺宝】【WAV+CUE】
https://blog.sina.com.cn/s/blog_6943970c0102znh2.html	关智斌.2006-寻找美惠【英皇娱乐】【FLAC分轨】
https://blog.sina.com.cn/s/blog_6943970c0102znh1.html	黄格选.2001-日记【中唱】【WAV+CUE】
https://blog.sina.com.cn/s/blog_6943970c0102znh0.html	谈诗玲.2017-陪伴阮身边【豪记】【WAV+CUE】
https://blog.sina.com.cn/s/blog_6943970c0102zngz.html	四喜丸子.2024-四喜丸子（EP）【正东】【FLAC分轨】
https://blog.sina.com.cn/s/blog_6943970c0102zngy.html	群星.1991-蓝白LOVE抒情歌2CD【蓝与白】【WAV+CUE】
https://blog.sina.com.cn/s/blog_6943970c0102zngx.html	腾格尔.1993-梦中戈壁【风潮】【WAV+CUE】
https://blog.sina.com.cn/s/blog_6943970c0102zngw.html	草蜢.1994-与你在一起【宝丽金】【WAV+CUE】
https://blog.sina.com.cn/s/blog_6943970c0102zngv.html	于千慧.1992-多情总为无情伤【新格】【WAV+CUE】
https://blog.sina.com.cn/s/blog_6943970c0102zngu.html	陈奕迅.2005-U87【新艺宝】【WAV+CUE】
https://blog.sina.com.cn/s/blog_6943970c0102zngt.html	群星.2024-谁是被害者影集概念原声带【华研国际】【FLAC分轨】
https://blog.sina.com.cn/s/blog_6943970c0102zngs.html	吴名慧.1999-无可救药【歌莱美】【WAV+CUE】
https://blog.sina.com.cn/s/blog_6943970c0102zngr.html	彭羚.1999.05-一枝花【SONY】【WAV+CUE】
https://blog.sina.com.cn/s/blog_6943970c0102zngq.html	群星.1995-黄金四年·最眷恋的+最心疼的【滚石】【WAV+CUE】
https://blog.sina.com.cn/s/blog_6943970c0102zngp.html	群星.2024-墨雨云间影视剧原声带【东阳欢娱】【FLAC分轨】
https://blog.sina.com.cn/s/blog_6943970c0102zngo.html	赵雷.2011-赵小名[【科学文化音像】【WAV+CUE】
https://blog.sina.com.cn/s/blog_6943970c0102zngn.html	群星.1988-香港电台六十周年纪念【RTHK】【WAV+CUE】
https://blog.sina.com.cn/s/blog_6943970c0102zngm.html	许志豪.2012-心无言【上豪】【WAV+CUE】
https://blog.sina.com.cn/s/blog_6943970c0102zngl.html	陈僖仪.2012-Let.Me.Find.Love【星娱乐】【FLAC分轨】
https://blog.sina.com.cn/s/blog_6943970c0102zngk.html	幻眼乐队.1990-烈火仓库【点将】【WAV+CUE】
https://blog.sina.com.cn/s/blog_6943970c0102zngj.html	李健.2010-音乐傲骨【金牌大风】【WAV+CUE】
https://blog.sina.com.cn/s/blog_6943970c0102zngi.html	黄嘉千.1996-爱都给我【滚石】【WAV+CUE】
https://blog.sina.com.cn/s/blog_6943970c0102zngh.html	群星.1996-北京REGGAE2【嘉音】【WAV+CUE】
https://blog.sina.com.cn/s/blog_6943970c0102zngg.html	群星.1991-北京REGGAE【嘉音】【WAV+CUE】
https://blog.sina.com.cn/s/blog_6943970c0102zngf.html	庾澄庆.1992-哈林音乐电台（英）【福茂】【WAV+CUE】
https://blog.sina.com.cn/s/blog_6943970c0102znge.html	群星.1988-DRAGON.DANCING（2006经典复黑版）【SONY】【WAV+CUE】
https://blog.sina.com.cn/s/blog_6943970c0102zngd.html	林志炫.1998-TRUELIVE【SONY】【WAV+CUE】
https://blog.sina.com.cn/s/blog_6943970c0102zngc.html	马萃如.1991-什么样的爱你才会懂【飞碟】【WAV+CUE】
https://blog.sina.com.cn/s/blog_6943970c0102zngb.html	群星.1988-CBS新力超级精丫SONY】【WAV+CUE】
https://blog.sina.com.cn/s/blog_6943970c0102znga.html	张心杰.2011-打开心杰【EMI百代】【WAV+CUE】
https://blog.sina.com.cn/s/blog_6943970c0102zng9.html	群星.2002-色戒电影原声大碟【EMI百代】【WAV+CUE】
https://blog.sina.com.cn/s/blog_6943970c0102zng8.html	潘秀琼.1992-秋的怀念【风行】【WAV+CUE】
https://blog.sina.com.cn/s/blog_6943970c0102zng7.html	黎明.1992-I.LOVE.YOU.OK【宝丽金】【WAV+CUE】
https://blog.sina.com.cn/s/blog_6943970c0102zng6.html	乔幼.2015-女人的一生【豪记】【WAV+CUE】
https://blog.sina.com.cn/s/blog_6943970c0102zng5.html	群星.2019-全职高手电视原声带【哇唧唧哇】【FLAC分轨】
https://blog.sina.com.cn/s/blog_6943970c0102zng4.html	陈洁希.1992-情愁也美丽【天王唱片】【WAV+CUE】
https://blog.sina.com.cn/s/blog_6943970c0102zng3.html	易烊千玺.2023-刘艳芬【羊踯躅文化】【WAV+CUE】
https://blog.sina.com.cn/s/blog_6943970c0102zng2.html	彭佳慧.1996-说真心话【巨石】【WAV+CUE】
https://blog.sina.com.cn/s/blog_6943970c0102zng1.html	金玉岚.1992-每天都是我一个人难过【飞碟】【WAV+CUE】
https://blog.sina.com.cn/s/blog_6943970c0102zng0.html	蔡幸娟.1988-梦中梦【飞碟】【WAV+CUE】
https://blog.sina.com.cn/s/blog_6943970c0102znfz.html	潘协庆.1992-SUNRISE.SUNSET【超音波】【WAV+CUE】
https://blog.sina.com.cn/s/blog_6943970c0102znfx.html	群星.2012-钟氏兄弟与您CHOK出正能量101系列6CD【环球】【WAV+CUE…
https://blog.sina.com.cn/s/blog_6943970c0102znfy.html	FINE乐团.2015-I’m.Sorry【FLAC分轨】
https://blog.sina.com.cn/s/blog_6943970c0102znfw.html	群星.1994-华纳群星剧场版【华纳】【WAV+CUE】
https://blog.sina.com.cn/s/blog_6943970c0102znfv.html	罗文.2003-永恒3CD【BMG】【WAV+CUE】
https://blog.sina.com.cn/s/blog_6943970c0102znfu.html	殷正洋.1996-该给你多少【BMG】【WAV+CUE】
https://blog.sina.com.cn/s/blog_6943970c0102znft.html	群星.2022-与君初相识电视剧原声带【华策】【FLAC分轨】
https://blog.sina.com.cn/s/blog_6943970c0102znfs.html	张学友.1995-过敏世界【宝丽金】【WAV+CUE】
https://blog.sina.com.cn/s/blog_6943970c0102znfr.html	黑月追风.1993-黑月追风【波丽佳音】【WAV+CUE】
https://blog.sina.com.cn/s/blog_6943970c0102znfq.html	彭佳慧.2015-大龄女子【金牌大风】【WAV+CUE】
https://blog.sina.com.cn/s/blog_6943970c0102znfp.html	杨乃文.1997-ONE【魔岩】【WAV+CUE】
https://blog.sina.com.cn/s/blog_6943970c0102znfo.html	群星.1996-十年好盒1986-1995黄金精选集【上华】【WAV+CUE】
https://blog.sina.com.cn/s/blog_6943970c0102znfn.html	李行亮.2016-试梦人【华音鼎天】【FLAC分轨】
https://blog.sina.com.cn/s/blog_6943970c0102znfm.html	刘秋仪.1994-爱人呀听我细诉【华冠】【WAV+CUE】
https://blog.sina.com.cn/s/blog_6943970c0102znfl.html	陈小春.2000-大明星【BMG】【WAV+CUE】
https://blog.sina.com.cn/s/blog_6943970c0102znfk.html	白冰冰.2020-宿命【禾广娱乐】【FLAC分轨】
https://blog.sina.com.cn/s/blog_6943970c0102znfj.html	谭咏麟.1994-爱的盛筵2CD【宝丽金】【WAV+CUE】
https://blog.sina.com.cn/s/blog_6943970c0102znfi.html	潘美辰.1994-谁叫我是真的爱你【金点】【WAV+CUE】
https://blog.sina.com.cn/s/blog_6943970c0102znfh.html	群星.2006-世纪10星·永恒篇5CD【环球】【WAV+CUE】
https://blog.sina.com.cn/s/blog_6943970c0102znfg.html	郑乃馨.2024-MAD.LOVE【SONY】【FLAC分轨】
https://blog.sina.com.cn/s/blog_6943970c0102znff.html	林东松.1990-拥抱一个冷冷的夜【EMI百代】【WAV+CUE】
https://blog.sina.com.cn/s/blog_6943970c0102znfe.html	群星.1990-宝丽金超白金精选90【宝丽金】【WAV+CUE】
https://blog.sina.com.cn/s/blog_6943970c0102znfd.html	曾宝仪.2001-我们的童话【丰华】【WAV+CUE】
https://blog.sina.com.cn/s/blog_6943970c0102znfc.html	常宽.1991-重新计划现在【大地】【WAV+CUE】
https://blog.sina.com.cn/s/blog_6943970c0102znfb.html	容祖儿.2003-我的骄傲【英皇娱乐】【WAV+CUE】
https://blog.sina.com.cn/s/blog_6943970c0102znfa.html	李克勤.2001-飞花【环球】【WAV+CUE】
https://blog.sina.com.cn/s/blog_6943970c0102znf9.html	陈珊妮.2000-精选集1994-1999【友善的狗】【WAV+CUE】
https://blog.sina.com.cn/s/blog_6943970c0102znf8.html	秦咏.1996-九九女儿红【华冠】【WAV+CUE】
https://blog.sina.com.cn/s/blog_6943970c0102znf7.html	王中平.2010-将心比心【乾坤唱片】【WAV+CUE】
https://blog.sina.com.cn/s/blog_6943970c0102znf6.html	蜜雪薇琪.2023-时间说【FLAC分轨】
https://blog.sina.com.cn/s/blog_6943970c0102znf5.html	群星.2012-英皇七十周年音乐强阵专辑2CD【英皇娱乐】【WAV+CUE】
https://blog.sina.com.cn/s/blog_6943970c0102znf4.html	群星.2018-将夜电视剧原声带【阿鲲文化】【FLAC分轨】
https://blog.sina.com.cn/s/blog_6943970c0102znf3.html	关德辉.1998-双城·梦不醒【飞碟】【WAV+CUE】
https://blog.sina.com.cn/s/blog_6943970c0102znf2.html	谢金燕.2001-永远爱你【华特】【WAV+CUE】
https://blog.sina.com.cn/s/blog_6943970c0102znf1.html	黄丽玲.2016-出道十周年情歌精选3CD【爱贝克斯】【WAV+CUE】
https://blog.sina.com.cn/s/blog_6943970c0102znf0.html	叶倩文.2012-经典金曲101系列6CD【华纳】【WAV+CUE】
https://blog.sina.com.cn/s/blog_6943970c0102znez.html	蔡荣祖.1995-忽略【巨石】【WAV+CUE】
https://blog.sina.com.cn/s/blog_6943970c0102zney.html	薛凯琪.2006-ElectricAngel（特别加歌版）【华纳】【WAV+CUE】
https://blog.sina.com.cn/s/blog_6943970c0102znex.html	曹方.2003-黑色香水【钛友文化】【WAV+CUE】
https://blog.sina.com.cn/s/blog_6943970c0102znew.html	林俊杰.2011-I.AM世界巡回演唱会小巨蛋终极典藏版2CD【海蝶】【WAV…
https://blog.sina.com.cn/s/blog_6943970c0102znev.html	群星.2024-当我跑步时我什么都不想影视原声带【望耳文化】【FLAC分…
https://blog.sina.com.cn/s/blog_6943970c0102zneu.html	希林娜依·高.2022-吾（EP）【梦想强音】【FLAC分轨】
https://blog.sina.com.cn/s/blog_6943970c0102znet.html	谭咏麟.2004-谭情说爱CD1【环球】【WAV+CUE】
https://blog.sina.com.cn/s/blog_6943970c0102znes.html	比莉.2002-滑步向左【阿尔发】【WAV+CUE】
https://blog.sina.com.cn/s/blog_6943970c0102zner.html	群星.1981-香港城市民歌（2012复刻版）【SONY】【WAV+CUE】
https://blog.sina.com.cn/s/blog_6943970c0102zneq.html	翁立友.2011-求签【豪记】【WAV+CUE】
https://blog.sina.com.cn/s/blog_6943970c0102znep.html	纪晓君.2000-圣民歌【魔岩】【WAV+CUE】
https://blog.sina.com.cn/s/blog_6943970c0102zneo.html	陈淑桦.2013-精挑细选2CD【滚石】【WAV+CUE】
https://blog.sina.com.cn/s/blog_6943970c0102znen.html	齐秦.1987-燃烧爱情【快乐】【WAV+CUE】
https://blog.sina.com.cn/s/blog_6943970c0102znem.html	吴宗宪.1996-我会想你【BMG】【WAV+CUE】
https://blog.sina.com.cn/s/blog_6943970c0102znel.html	张镐哲.1991-GREATSET.LOVE.OF.ALL（英专）【宝丽金】【WAV+CUE】
https://blog.sina.com.cn/s/blog_6943970c0102znek.html	BOS.1994-浪迹天涯【上华】【WAV+CUE】
https://blog.sina.com.cn/s/blog_6943970c0102znej.html	张学友.2007-在你身边【上华】【WAV+CUE】
https://blog.sina.com.cn/s/blog_6943970c0102znei.html	群星.2012-美丽心民谣·喀音乐【野火乐集】【WAV+CUE】
https://blog.sina.com.cn/s/blog_6943970c0102zneh.html	戴佩妮.2003-NOPENN,NOGAIN【EMI百代】【WAV+CUE】
https://blog.sina.com.cn/s/blog_6943970c0102zneg.html	王子鸣.1999-心有些乱【SONY】【FLAC分轨】
https://blog.sina.com.cn/s/blog_6943970c0102znef.html	甄妮.1984-爱的过去式（LP版）【亚太】【WAV+CUE】
https://blog.sina.com.cn/s/blog_6943970c0102znee.html	陈亮吟.1992-亮相·压轴戏【腾祥唱片】【WAV+CUE】
https://blog.sina.com.cn/s/blog_6943970c0102zned.html	群星.2005-影视红声2CD【华星】【WAV+CUE】
https://blog.sina.com.cn/s/blog_6943970c0102znec.html	黎瑞恩.1996-恩想【宝丽金】【WAV+CUE】
https://blog.sina.com.cn/s/blog_6943970c0102zneb.html	动力火车.2024-结伴【华研国际】【FLAC分轨】
https://blog.sina.com.cn/s/blog_6943970c0102zne9.html	杨大为.1990-欲望街车【飞鹰】【WAV+CUE】
https://blog.sina.com.cn/s/blog_6943970c0102zndt.html	薛志正.1991-启蒙歌【乡城】【WAV+CUE】
https://blog.sina.com.cn/s/blog_6943970c0102znds.html	群星.1991-曾经相识【荷里活】【WAV+CUE】
https://blog.sina.com.cn/s/blog_6943970c0102zndr.html	郑源.2000-擦肩而过【孔雀廊】【WAV+CUE】
https://blog.sina.com.cn/s/blog_6943970c0102zndq.html	张国荣.1989-兜风心情(国)【新艺宝】【WAV+CUE】
https://blog.sina.com.cn/s/blog_6943970c0102zndp.html	群星.1998-舞池中98【宝丽金】【WAV+CUE】
https://blog.sina.com.cn/s/blog_6943970c0102zndo.html	群星.1997-舞池中Remix【宝丽金】【WAV+CUE】
https://blog.sina.com.cn/s/blog_6943970c0102zndn.html	郭富城.2000-着迷2CD【华纳】【WAV+CUE】
https://blog.sina.com.cn/s/blog_6943970c0102zndm.html	于冠华.1995-自由鸟【心地音乐】【WAV+CUE】
https://blog.sina.com.cn/s/blog_6943970c0102zndl.html	林良欢.2014-为爱相逢【豪记】【WAV+CUE】
https://blog.sina.com.cn/s/blog_6943970c0102zndk.html	方大同.2008-橙月【华纳】【WAV+CUE】
https://blog.sina.com.cn/s/blog_6943970c0102zndj.html	巴奈.2023-夜婆I-P【好有感觉音乐】【FLAC分轨】
https://blog.sina.com.cn/s/blog_6943970c0102zndi.html	群星.2009-东亚华星演唱会3CD【东亚】【WAV+CUE】
https://blog.sina.com.cn/s/blog_6943970c0102zndh.html	苏永康.2003-笑下去新曲+精丫正东】【WAV+CUE】
https://blog.sina.com.cn/s/blog_6943970c0102zndg.html	群星.2024-繁花The.Original.Music..Soundtrack.of.Blossoms.Shang…
https://blog.sina.com.cn/s/blog_6943970c0102zndf.html	胡彦斌.2004-MUSIC混合体【步升】【WAV+CUE】
https://blog.sina.com.cn/s/blog_6943970c0102znde.html	群星.1991-宝丽金超白金精选特辑第2辑2CD【宝丽金】【WAV+CUE】
https://blog.sina.com.cn/s/blog_6943970c0102zndd.html	群星.1989-宝丽金超白金精选特辑第1辑2CD【宝丽金】【WAV+CUE】
https://blog.sina.com.cn/s/blog_6943970c0102zndc.html	林志炫.2005-熟情歌（引进版）【炫音音乐】【WAV+CUE】
https://blog.sina.com.cn/s/blog_6943970c0102zndb.html	胡杨林.2007-我们的故事【太格印象】【WAV+CUE】
https://blog.sina.com.cn/s/blog_6943970c0102znda.html	群星.1997-电影金曲25首【丽风】【WAV+CUE】
https://blog.sina.com.cn/s/blog_6943970c0102znd9.html	马尚仁.1994-爱怎能有理由【友善的狗】【WAV+CUE】
https://blog.sina.com.cn/s/blog_6943970c0102znd8.html	群星.1991-CINEPOWER【新艺宝】【WAV+CUE】
https://blog.sina.com.cn/s/blog_6943970c0102znd7.html	群星.2009-重温意难忘5CD【新丽声】【WAV+CUE】
https://blog.sina.com.cn/s/blog_6943970c0102znd6.html	李翊君.1993-苦海女神龙【上华】【WAV+CUE】
https://blog.sina.com.cn/s/blog_6943970c0102znd5.html	谭咏麟.1997-永恒的珍（新歌+精选）【宝丽金】【WAV+CUE】
https://blog.sina.com.cn/s/blog_6943970c0102znd4.html	群星.2015-Celebration.45th.Anniversary环球志101系列6CD【环球】…
https://blog.sina.com.cn/s/blog_6943970c0102znd3.html	周传雄.1994-发觉【歌林】【WAV+CUE】
https://blog.sina.com.cn/s/blog_6943970c0102znd2.html	林忆莲.2016-陪着我走【环球】【WAV+CUE】
https://blog.sina.com.cn/s/blog_6943970c0102znd1.html	林良乐.2005-辉煌全记录2辑【乡城】【WAV+CUE】
https://blog.sina.com.cn/s/blog_6943970c0102znd0.html	群星.2008-梦想的翅膀2CD【种子音乐】【WAV+CUE】
https://blog.sina.com.cn/s/blog_6943970c0102zncz.html	群星.2024-玫瑰的故事电视剧原声带【TME音乐】【FLAC分轨】
https://blog.sina.com.cn/s/blog_6943970c0102zncy.html	梁咏琪.2000-花火【EEI】【WAV+CUE】
https://blog.sina.com.cn/s/blog_6943970c0102zncx.html	汪峰.2004-笑着哭【华纳】【WAV+CUE】
https://blog.sina.com.cn/s/blog_6943970c0102zncw.html	陈晓东.2002-从未忘记2CD【环球】【WAV+CUE】
https://blog.sina.com.cn/s/blog_6943970c0102zncv.html	胡杨林.2006-香水有毒【太格印象】【WAV+CUE】
https://blog.sina.com.cn/s/blog_6943970c0102zncu.html	群星.1991-宝丽金冬日浓情【宝丽金】【WAV+CUE】
https://blog.sina.com.cn/s/blog_6943970c0102zncs.html	许慧欣.2006-谜【上华】【WAV+CUE】
https://blog.sina.com.cn/s/blog_6943970c0102znct.html	杨钰莹.1995-因为有你【新时代】【WAV+CUE】
https://blog.sina.com.cn/s/blog_6943970c0102zncr.html	群星.1992-华纳国语浓情13首【华纳】【WAV+CUE】
https://blog.sina.com.cn/s/blog_6943970c0102zncq.html	萧亚轩.2006-1087【华纳】【WAV+CUE】
https://blog.sina.com.cn/s/blog_6943970c0102zncp.html	尚雯婕.2009-时代女性Time.Lady【华谊兄弟】【FLAC+CUE】
https://blog.sina.com.cn/s/blog_6943970c0102znco.html	王识贤.2010-伤心手指【华特】【WAV+CUE】
https://blog.sina.com.cn/s/blog_6943970c0102zncn.html	群星.2005-台客摇滚百万惊险辑2CD【滚石】【WAV+CUE】
https://blog.sina.com.cn/s/blog_6943970c0102zncm.html	曹西平.1982-九月星空（LP版）【乡城】【WAV+CUE】
https://blog.sina.com.cn/s/blog_6943970c0102zncl.html	林家利.1995-神秘恋人【喜玛拉雅】【WAV+CUE】
https://blog.sina.com.cn/s/blog_6943970c0102znck.html	雷同二友.2024-自游生物【华纳】【FLAC分轨】
https://blog.sina.com.cn/s/blog_6943970c0102zncj.html	成龙.2002-爱上原味2CD【滚石】【WAV+CUE】
https://blog.sina.com.cn/s/blog_6943970c0102znci.html	邝美云.2024-一期一会·精选集5CD【环球】【WAV+CUE】
https://blog.sina.com.cn/s/blog_6943970c0102znch.html	邓丽君.1987-成名金曲尽精英6CD【永声】【WAV+CUE】
https://blog.sina.com.cn/s/blog_6943970c0102zncg.html	群星.1990-世纪90名曲巡礼【世界音乐】【WAV+CUE】
https://blog.sina.com.cn/s/blog_6943970c0102zncf.html	汤宝如.1993-我和秋天有个约会【宝丽金】【WAV+CUE】
https://blog.sina.com.cn/s/blog_6943970c0102znce.html	傅薇.1995-傻女人【开丽创意】【WAV+CUE】
https://blog.sina.com.cn/s/blog_6943970c0102zncd.html	王菀之.2005-IVANA【环球】【WAV+CUE】
https://blog.sina.com.cn/s/blog_6943970c0102zncc.html	群星.1987-地球大合唱（LP版）【WAV+CUE】
https://blog.sina.com.cn/s/blog_6943970c0102zncb.html	李国祥.1994-真性情【嘉音】【WAV+CUE】
https://blog.sina.com.cn/s/blog_6943970c0102znca.html	群星.2004-THE.ORIGINAL.HITZ.2CD【BMG】【WAV+CUE】
https://blog.sina.com.cn/s/blog_6943970c0102znc9.html	陈松龄.1989-89陈松龄（LP版）【娱乐唱片】【WAV+CUE】
https://blog.sina.com.cn/s/blog_6943970c0102znc8.html	陈冠希.2007-让我再次介绍我自己（国）【东亚】【WAV+CUE】
https://blog.sina.com.cn/s/blog_6943970c0102znc7.html	张清芳.1999-全芳味15年精选2CD【EMI百代】【WAV+CUE】
https://blog.sina.com.cn/s/blog_6943970c0102znc6.html	9m88.2019-平庸之上【爵士宝贝】【FLAC分轨】
https://blog.sina.com.cn/s/blog_6943970c0102znc5.html	郑伊健.1996-如果天空要下雨【BMG】【WAV+CUE】
https://blog.sina.com.cn/s/blog_6943970c0102znc4.html	群星.1994-新艺宝非常版【新艺宝】【WAV+CUE】
https://blog.sina.com.cn/s/blog_6943970c0102znc3.html	李骥.1997-一个李骥【点将】【FLAC分轨】
https://blog.sina.com.cn/s/blog_6943970c0102znc2.html	董育君.2011-一张批【上点】【WAV+CUE】
https://blog.sina.com.cn/s/blog_6943970c0102znc1.html	任然.2024-渐晚（EP）【千和世纪】【FLAC分轨】
https://blog.sina.com.cn/s/blog_6943970c0102znc0.html	群星.1984-金曲金唱片（LP版）【宝丽金】【WAV+CUE】
https://blog.sina.com.cn/s/blog_6943970c0102znbz.html	曹格.2016-我们是朋友【滚石】【WAV+CUE】
https://blog.sina.com.cn/s/blog_6943970c0102znby.html	郑敬基.1988-夜颜（2006新世纪复刻版）【TheForwardThinker】【WAV…
https://blog.sina.com.cn/s/blog_6943970c0102znbx.html	群星.1987-国语老歌龙虎榜【丽风】【WAV+CUE】
https://blog.sina.com.cn/s/blog_6943970c0102znbw.html	何映达.1990-孤独地拥有你【蓝与白】【WAV+CUE】
https://blog.sina.com.cn/s/blog_6943970c0102znbv.html	群星.2024-你就在我身边电影原声专辑【奔跑怪物】【FLAC分轨】
https://blog.sina.com.cn/s/blog_6943970c0102znbu.html	王韵婵.1996-需要【现代派】【WAV+CUE】
https://blog.sina.com.cn/s/blog_6943970c0102znbt.html	任贤齐.2010-任贤齐创作集音乐旅行者【滚石】【WAV+CUE】
https://blog.sina.com.cn/s/blog_6943970c0102znbs.html	关智斌.2005-MUSICK【英皇娱乐】【FLAC分轨】
https://blog.sina.com.cn/s/blog_6943970c0102znbr.html	李宇春.2011-会跳舞的文艺青年【天娱传媒】【WAV+CUE】
https://blog.sina.com.cn/s/blog_6943970c0102znbq.html	李嘉.1992-永远跟你行【天王唱片】【WAV+CUE】
https://blog.sina.com.cn/s/blog_6943970c0102znbp.html	群星.2004-家传户晓（二）我们的黄金岁月2CD【华纳】【WAV+CUE】
https://blog.sina.com.cn/s/blog_6943970c0102znbo.html	群星.2004-家传户晓2CD【华纳】【WAV+CUE】
https://blog.sina.com.cn/s/blog_6943970c0102znbn.html	谢采妘.1995-难忘的旋律Non-Stop.Cha.Cha【EVBEST】【WAV+CUE】
https://blog.sina.com.cn/s/blog_6943970c0102znbm.html	翟潇闻.2024-六月局部下孤独（EP）【哇唧唧哇】【FLAC分轨】
https://blog.sina.com.cn/s/blog_6943970c0102znbl.html	关淑怡.2011-音乐大全101系列6CD【环球】【WAV+CUE】
https://blog.sina.com.cn/s/blog_6943970c0102znbk.html	李玟.1997-COCO（粤）【SONY】【WAV+CUE】
https://blog.sina.com.cn/s/blog_6943970c0102znbj.html	李恕权.2000-在之前【SONY】【WAV+CUE】
https://blog.sina.com.cn/s/blog_6943970c0102znbi.html	群星.1993-嘉音劲HIT流行精丫嘉音】【WAV+CUE】
https://blog.sina.com.cn/s/blog_6943970c0102znbh.html	施孝荣.1981-施孝荣专辑（滚石新格民歌系列24）【新格】【WAV+CUE…
https://blog.sina.com.cn/s/blog_6943970c0102znbg.html	群星.1990-EMI白金流行焦点【EMI百代】【WAV+CUE】
https://blog.sina.com.cn/s/blog_6943970c0102znbf.html	谢昭光.2019-ROCK（EP）【联合互娱】【FLAC分轨】
https://blog.sina.com.cn/s/blog_6943970c0102znbe.html	石头乐队.1995-风不息【BMG】【WAV+CUE】
https://blog.sina.com.cn/s/blog_6943970c0102znbd.html	叶倩文.1998-昨叶情·18首情歌全纪录2CD【飞碟】【WAV+CUE】
https://blog.sina.com.cn/s/blog_6943970c0102znbc.html	袁丽嫦.1979-鳄鱼泪【EMI百代】【FLAC分轨】
https://blog.sina.com.cn/s/blog_6943970c0102znbb.html	群星.1995-鼓舞飞扬95【宝丽金】【WAV+CUE】
https://blog.sina.com.cn/s/blog_6943970c0102znba.html	群星.1994-鼓舞飞扬【宝丽金】【WAV+CUE】
https://blog.sina.com.cn/s/blog_6943970c0102znb9.html	许志豪.2011-爱一半【上豪】【WAV+CUE】
https://blog.sina.com.cn/s/blog_6943970c0102znb8.html	谭咏麟.1996-独一无二【宝丽金】【WAV+CUE】
https://blog.sina.com.cn/s/blog_6943970c0102znb7.html	许美静.1998-好美静【上华】【WAV+CUE】
https://blog.sina.com.cn/s/blog_6943970c0102znb6.html	群星.2024-狐妖小红娘月红篇电视剧原声带【恒星引力】【FLAC分轨】
https://blog.sina.com.cn/s/blog_6943970c0102znb5.html	伦永亮.1994-心田【嘉音】【WAV+CUE】
https://blog.sina.com.cn/s/blog_6943970c0102znb4.html	元卫觉醒.2005-幸福下载【艾回】【WAV+CUE】
https://blog.sina.com.cn/s/blog_6943970c0102znb3.html	BEYOND.2011-音乐大全101系列5CD【环球】【WAV+CUE】
https://blog.sina.com.cn/s/blog_6943970c0102znb2.html	林隆璇.1992-不够大胆【福茂】【WAV+CUE】
https://blog.sina.com.cn/s/blog_6943970c0102znb1.html	群星.2012-飞鹰辉煌时代全记录第二辑4CD【华纳】【WAV+CUE】
https://blog.sina.com.cn/s/blog_6943970c0102znb0.html	群星.2011-飞鹰辉煌时代全纪录6CD【华纳】【WAV+CUE】
https://blog.sina.com.cn/s/blog_6943970c0102znaz.html	陈立农.2024-青春为名上部曲·恋【华纳】【FLAC分轨】
https://blog.sina.com.cn/s/blog_6943970c0102znay.html	群星.1995-牵手连心·金曲精丫华纳】【WAV+CUE】
https://blog.sina.com.cn/s/blog_6943970c0102znax.html	太极乐队.1992-CRYSTAL【华纳】【WAV+CUE】
https://blog.sina.com.cn/s/blog_6943970c0102znaw.html	棉花糖.2008-2375（EP）【亚神】【WAV+CUE】
https://blog.sina.com.cn/s/blog_6943970c0102znav.html	张清芳.1990-紫色的声音【点将】【WAV+CUE】
https://blog.sina.com.cn/s/blog_6943970c0102znau.html	群星.1989-1989夏令营【飞碟】【WAV+CUE】
https://blog.sina.com.cn/s/blog_6943970c0102znat.html	叶世荣.2001-美丽的时光机器【SWING】【WAV+CUE】
https://blog.sina.com.cn/s/blog_6943970c0102znas.html	韩志坚.1995-你是想飞吧·珍惜【蓝与白】【WAV+CUE】
https://blog.sina.com.cn/s/blog_6943970c0102znar.html	罗熙楷.2024-笼中鸟CagedBird【发现梦想】【FLAC分轨】
https://blog.sina.com.cn/s/blog_6943970c0102znaq.html	林翠萍.1989-酒若醒【星河】【WAV+CUE】
https://blog.sina.com.cn/s/blog_6943970c0102znap.html	蓝心湄.1995-夜长梦多【宝丽金】【WAV+CUE】
https://blog.sina.com.cn/s/blog_6943970c0102znao.html	曹永濂.1995-唯一的女神【乐意】【WAV+CUE】
https://blog.sina.com.cn/s/blog_6943970c0102znan.html	方文琳.1994-素颜·爱像一把刀【上华】【WAV+CUE】
https://blog.sina.com.cn/s/blog_6943970c0102znam.html	群星.2010-主题曲101最爱恋曲6CD【环球】【WAV+CUE】
https://blog.sina.com.cn/s/blog_6943970c0102znal.html	李明依.1990-不是演戏【滚石】【WAV+CUE】
https://blog.sina.com.cn/s/blog_6943970c0102znaj.html	风云乐队.1987-风云（2019新世纪复刻版）【Euphonic】【WAV+CUE】
https://blog.sina.com.cn/s/blog_6943970c0102znak.html	李丽芬.1994-就这样约定【滚石】【WAV+CUE】
https://blog.sina.com.cn/s/blog_6943970c0102znai.html	群星.1995-感爱感恨·华纳国语情歌精装本【华纳】【WAV+CUE】
https://blog.sina.com.cn/s/blog_6943970c0102znah.html	张杰.2013-爱，不解释【天娱传媒】【WAV+CUE】
https://blog.sina.com.cn/s/blog_6943970c0102znag.html	赵薇.2004-飘【维京】【WAV+CUE】
https://blog.sina.com.cn/s/blog_6943970c0102znaf.html	陈惠婷.2015-成人世界【SONY】【FLAC分轨】
https://blog.sina.com.cn/s/blog_6943970c0102znae.html	陈小春.2002-Thats.Mine【BMG】【WAV+CUE】
https://blog.sina.com.cn/s/blog_6943970c0102znad.html	群星.2004-南方光辉30周年庆典·有心的爱3CD【南方】【WAV+CUE】
https://blog.sina.com.cn/s/blog_6943970c0102znac.html	叶喜儿.2022-备忘录【太合麦田】【FLAC分轨】
https://blog.sina.com.cn/s/blog_6943970c0102znab.html	林依轮.1996-林依轮精选集【新时代】【FLAC分轨】
https://blog.sina.com.cn/s/blog_6943970c0102znaa.html	张天赋.2021-Have.A.Good.Time（EP）【华纳】【FLAC分轨】
https://blog.sina.com.cn/s/blog_6943970c0102zna9.html	黎明.1991-今夜你会不会来（国）【宝丽金】【WAV+CUE】
https://blog.sina.com.cn/s/blog_6943970c0102zna7.html	群星.2015-民歌101系列6CD【环星】【WAV+CUE】
https://blog.sina.com.cn/s/blog_6943970c0102zna6.html	莫少聪.1992-你在九月离开【可登】【WAV+CUE】
https://blog.sina.com.cn/s/blog_6943970c0102zna5.html	翁新茜.1993-认路【福茂】【WAV+CUE】
https://blog.sina.com.cn/s/blog_6943970c0102zna3.html	梁朝伟.1994-一生一心（EP）【金点】【WAV+CUE】
https://blog.sina.com.cn/s/blog_6943970c0102zna4.html	柯以敏.1999-拜访Vist全纪录2CD【SONY】【WAV+CUE】
https://blog.sina.com.cn/s/blog_6943970c0102zna2.html	陈冠蒨.1994-关于爱的二三事【达乐】【FLAC分轨】
https://blog.sina.com.cn/s/blog_6943970c0102zna1.html	BEYOND.1999-SUPER.COLLECTION.4CD【KINNS】【WAV+CUE】
https://blog.sina.com.cn/s/blog_6943970c0102zna0.html	邓健泓.2001-Paricktang【正东】【WAV+CUE】
https://blog.sina.com.cn/s/blog_6943970c0102zn9z.html	群星.2008-台语点将录6CD【光美】【WAV+CUE】
https://blog.sina.com.cn/s/blog_6943970c0102zn9y.html	郭富城.1997-一变倾城【华纳】【WAV+CUE】
https://blog.sina.com.cn/s/blog_6943970c0102zn9x.html	许茹芸.2002-芸开了【EMI百代】【WAV+CUE】
https://blog.sina.com.cn/s/blog_6943970c0102zn9w.html	张含韵.2005-我很张含韵【天中文化】【WAV+CUE】
https://blog.sina.com.cn/s/blog_6943970c0102zn9v.html	群星.2006-金曲百分百2辑6CD【EMI百代】【WAV+CUE】
https://blog.sina.com.cn/s/blog_6943970c0102zn9u.html	李恕权.1991-变色龙【新格】【WAV+CUE】
https://blog.sina.com.cn/s/blog_6943970c0102zn9t.html	林美秀.2024-LadyPumPum【华纳】【FLAC分轨】
https://blog.sina.com.cn/s/blog_6943970c0102zn9s.html	S.H.E.2007-Play【华研国际】【WAV+CUE】
https://blog.sina.com.cn/s/blog_6943970c0102zn9r.html	开心少女组.1985-开心鬼放暑假（2016环球经典礼赞版）【环球】【WA…
https://blog.sina.com.cn/s/blog_6943970c0102zn9q.html	群星.2009-巨星风华璀灿经典·走过岁月6CD【歌林】【WAV+CUE】
https://blog.sina.com.cn/s/blog_6943970c0102zn9p.html	叶蕴仪.1993-真的爱我就不要让我伤心【飞碟】【WAV+CUE】
https://blog.sina.com.cn/s/blog_6943970c0102zn9o.html	江希文.1994-HAPPY.GIRL【嘉音】【WAV+CUE】
https://blog.sina.com.cn/s/blog_6943970c0102zn9n.html	李俊广.1992-我不是一个可以依靠的人【飞碟】【WAV+CUE】
https://blog.sina.com.cn/s/blog_6943970c0102zn9m.html	张玉华.2006-小小幸福【环球】【FLAC分轨】
https://blog.sina.com.cn/s/blog_6943970c0102zn9l.html	赵传.2014-一颗滚石的25年（引进版）2CD【旋风音乐】【WAV+CUE】
https://blog.sina.com.cn/s/blog_6943970c0102zn9k.html	群星.1996-最好的·华星压轴精丫华星】【WAV+CUE】
https://blog.sina.com.cn/s/blog_6943970c0102zn9j.html	范玮琪.2022-恰如其分的自己【水稻星】【FLAC分轨】
https://blog.sina.com.cn/s/blog_6943970c0102zn9i.html	江志丰.2008-今生为你【豪记】【WAV+CUE】
https://blog.sina.com.cn/s/blog_6943970c0102zn9h.html	彭羚.1997-我有我天地【EMI百代】【WAV+CUE】
https://blog.sina.com.cn/s/blog_6943970c0102zn9g.html	群星.1999-世纪难忘金曲·经典国语金曲精选5CD【迪安】【WAV+CUE】
https://blog.sina.com.cn/s/blog_6943970c0102zn9f.html	陈晓东.2000-比我幸福（国）【环球】【WAV+CUE】
https://blog.sina.com.cn/s/blog_6943970c0102zn9e.html	张乔西.2024-明星【华纳】【FLAC分轨】
https://blog.sina.com.cn/s/blog_6943970c0102zn9d.html	林志美.1986-雨夜钢琴．粉蓝色的精丫SONY】【WAV+CUE】
https://blog.sina.com.cn/s/blog_6943970c0102zn9c.html	汪峰.2000-花火【华纳】【WAV+CUE】
https://blog.sina.com.cn/s/blog_6943970c0102zn9b.html	柯受良.1999-再次征服【BMG】【WAV+CUE】
https://blog.sina.com.cn/s/blog_6943970c0102zn9a.html	群星.1988-宝丽金假日金曲精选4CD【宝丽金】【WAV+CUE】
https://blog.sina.com.cn/s/blog_6943970c0102zn99.html	郭子.1997-这样对我最好【滚石】【WAV+CUE】
https://blog.sina.com.cn/s/blog_6943970c0102zn98.html	群星.2001-雀巢咖啡精彩节拍之十足女人心【EMI百代】【WAV+CUE】
https://blog.sina.com.cn/s/blog_6943970c0102zn97.html	群星.2000-雀巢咖啡时尚精选15首精选滚石年度强打金曲【滚石】【WA…
https://blog.sina.com.cn/s/blog_6943970c0102zn96.html	刘德华.2009-LOVEHOPE【东亚】【WAV+CUE】
https://blog.sina.com.cn/s/blog_6943970c0102zn95.html	萨顶顶.2014-幻境【正东】【WAV+CUE】
https://blog.sina.com.cn/s/blog_6943970c0102zn94.html	郑兴.2020-眼泪博物馆【华研国际】【FLAC分轨】
https://blog.sina.com.cn/s/blog_6943970c0102zn93.html	叶蕴仪.1992-爱的故事【飞碟】【WAV+CUE】
https://blog.sina.com.cn/s/blog_6943970c0102zn92.html	阳帆.1981-扬帆（LP版）【综一】【WAV+CUE】
https://blog.sina.com.cn/s/blog_6943970c0102zn91.html	群星.2013-陪咱走过的歌·台语精选原版4CD【吉马】【WAV+CUE】
https://blog.sina.com.cn/s/blog_6943970c0102zn90.html	范玮琪.2005-一比一【福茂】【WAV+CUE】
https://blog.sina.com.cn/s/blog_6943970c0102zn8z.html	凡人二重唱.2008-凡人和他的朋友们【典选音乐】【WAV+CUE】
https://blog.sina.com.cn/s/blog_6943970c0102zn8y.html	关淑怡.1997-心灵相通新曲+精丫宝丽金】【WAV+CUE】
https://blog.sina.com.cn/s/blog_6943970c0102zn8x.html	群星.2023-青春重置计划之BEYOND40【SONY】【FLAC分轨】
https://blog.sina.com.cn/s/blog_6943970c0102zn8w.html	谭咏麟.1989-最佳金曲【宝丽金】【WAV+CUE】
https://blog.sina.com.cn/s/blog_6943970c0102zn8v.html	林一峰.2024-作业【LYFMUSIC】【FLAC分轨】
https://blog.sina.com.cn/s/blog_6943970c0102zn8t.html	群星.1986-畅销国语流行歌曲演唱集【丽歌】【WAV+CUE】
https://blog.sina.com.cn/s/blog_6943970c0102zn8u.html	吴奇隆.1992-追风少年【飞碟】【WAV+CUE】
https://blog.sina.com.cn/s/blog_6943970c0102zn8s.html	李亚明.1992-很想找一个人说说话【吾耳族】【WAV+CUE】
https://blog.sina.com.cn/s/blog_6943970c0102zn8r.html	无印良品.2000-珍重无印良品再见演唱会LIVE全记录2CD【滚石】【WAV…
https://blog.sina.com.cn/s/blog_6943970c0102zn8q.html	扭曲机器乐队.2000-扭曲的机器【嚎叫唱片】【WAV+CUE】
https://blog.sina.com.cn/s/blog_6943970c0102zn8p.html	蔡义德.2013-再起东山【豪记】【WAV+CUE】
https://blog.sina.com.cn/s/blog_6943970c0102zn8o.html	周子寒.1994-勿忘我·蝴蝶落叶【蓝与白】【WAV+CUE】
https://blog.sina.com.cn/s/blog_6943970c0102zn8n.html	大嘴巴.2015-有事吗？【环球】【FLAC分轨】
https://blog.sina.com.cn/s/blog_6943970c0102zn8m.html	马浚伟.1998-DAYNIGHT【建星唱片】【WAV+CUE】
https://blog.sina.com.cn/s/blog_6943970c0102zn8l.html	群星.1992-电视剧主题曲精华2辑【永恒】【WAV+CUE】
https://blog.sina.com.cn/s/blog_6943970c0102zn8k.html	宋秉洋.2024-念（EP）【漩涡文化】【FLAC分轨】
https://blog.sina.com.cn/s/blog_6943970c0102zn8j.html	黄乙玲.1999-无字的情批【上华】【WAV+CUE】
https://blog.sina.com.cn/s/blog_6943970c0102zn8i.html	杨千嬅.2004-开大【金牌娱乐】【WAV+CUE】
https://blog.sina.com.cn/s/blog_6943970c0102zn8h.html	戴佩妮.2013-纯属意外【SONY】【WAV+CUE】
https://blog.sina.com.cn/s/blog_6943970c0102zn8g.html	群星.2012-国语经典101VOL2最爱恋曲6CD【环球】【WAV+CUE】
https://blog.sina.com.cn/s/blog_6943970c0102zn8f.html	群星.2009-国语经典101VOL.1最爱恋曲6CD【环球】【WAV+CUE】
https://blog.sina.com.cn/s/blog_6943970c0102zn8e.html	陈慧珊.2002-爱得起【新艺宝】【WAV+CUE】
https://blog.sina.com.cn/s/blog_6943970c0102zn8d.html	史俊鹏.1994-被爱纹心【蓝与白】【WAV+CUE】
https://blog.sina.com.cn/s/blog_6943970c0102zn8c.html	群星.2024-庆余年第二季电视原声带【TME音乐】【FLAC分轨】
https://blog.sina.com.cn/s/blog_6943970c0102zn8b.html	吴俊宏.2016-车【豪记】【WAV+CUE】
https://blog.sina.com.cn/s/blog_6943970c0102zn8a.html	李玲玉.1993-女人心绪【大地唱片】【WAV+CUE】
https://blog.sina.com.cn/s/blog_6943970c0102zn89.html	张立基.1988-你好吗？＞EMI百代】【WAV+CUE】
https://blog.sina.com.cn/s/blog_6943970c0102zn88.html	群星.1993-点燃生命之火【波丽佳音】【WAV+CUE】
https://blog.sina.com.cn/s/blog_6943970c0102zn87.html	陈宝珠.2003-珠光宝气【EMI百代】【WAV+CUE】
https://blog.sina.com.cn/s/blog_6943970c0102zn86.html	群星.1999-时光倒流30年·绝对经典34首2CD【娱乐唱片】【WAV+CUE】
https://blog.sina.com.cn/s/blog_6943970c0102zn85.html	裘海正.1992-纽约之恋【华星】【WAV+CUE】
https://blog.sina.com.cn/s/blog_6943970c0102zn84.html	Supper.Moment.2011-再次心跳【东亚唱片】【FLAC分轨】
https://blog.sina.com.cn/s/blog_6943970c0102zn83.html	董育君.2011-飞【上点】【WAV+CUE】
https://blog.sina.com.cn/s/blog_6943970c0102zn82.html	张学友.1992-爱火花【宝丽金】【WAV+CUE】
https://blog.sina.com.cn/s/blog_6943970c0102zn81.html	郭富城.1994-梦的尽头,就是天涯（国）【飞碟】【WAV+CUE】
https://blog.sina.com.cn/s/blog_6943970c0102zn80.html	萧煌奇.2006-我们的故事【黑色吉他工作室】【WAV+CUE】
https://blog.sina.com.cn/s/blog_6943970c0102zn7z.html	陈圣萍.1990-都是我把你想得太好【飞碟】【WAV+CUE】
https://blog.sina.com.cn/s/blog_6943970c0102zn7y.html	群星.1990-6Pair半+城市民歌白金珍藏版【SONY】【WAV+CUE】
https://blog.sina.com.cn/s/blog_6943970c0102zn7x.html	孙耀威.1998-爱有借有还【侠客唱片】【WAV+CUE】
https://blog.sina.com.cn/s/blog_6943970c0102zn7w.html	无印良品.1996-掌心【滚石】【WAV+CUE】
https://blog.sina.com.cn/s/blog_6943970c0102zn7v.html	陈思安.2019-逢场作戏【豪记】【WAV+CUE】
https://blog.sina.com.cn/s/blog_6943970c0102zn7u.html	李健.2011-依然【金牌大风】【WAV+CUE】
https://blog.sina.com.cn/s/blog_6943970c0102zn7t.html	吴俊德.2012-七月的天空2CD【旅行者】【WAV+CUE】
https://blog.sina.com.cn/s/blog_6943970c0102zn7s.html	胡琳.2014-JAZZ.THEM.UP.ONCE.MORE【LMC】【WAV+CUE】
https://blog.sina.com.cn/s/blog_6943970c0102zn7r.html	胡琳.2010-JAZZ.THEM.UP【LMC】【WAV+CUE】
https://blog.sina.com.cn/s/blog_6943970c0102zn7q.html	群星.1996-华纳挚爱金曲十六首【华纳】【WAV+CUE】
https://blog.sina.com.cn/s/blog_6943970c0102zn7p.html	范文芳.2000-没有问题【EMI百代】【WAV+CUE】
https://blog.sina.com.cn/s/blog_6943970c0102zn7o.html	群星.2024-时光正好电视剧影视原声带【光影岁月】【FLAC分轨】
https://blog.sina.com.cn/s/blog_6943970c0102zn7n.html	伍佰.1996-爱情的尽头【魔岩】【WAV+CUE】
https://blog.sina.com.cn/s/blog_6943970c0102zn7m.html	范晓萱.2004-我要我们的MAVIS精选2CD【新艺宝】【WAV+CUE】
https://blog.sina.com.cn/s/blog_6943970c0102zn7k.html	群星.2011-爱情101系列6CD【华纳】【WAV+CUE】
https://blog.sina.com.cn/s/blog_6943970c0102zn7j.html	群星.2009-情歌101系列6CD【华纳】【WAV+CUE】
https://blog.sina.com.cn/s/blog_6943970c0102zn7i.html	江蕾.1981-你給我多少爱（2015梦田复刻版）【大联机构】【WAV+CUE…
https://blog.sina.com.cn/s/blog_6943970c0102zn7h.html	林忆莲.2001-原来...【维京】【WAV+CUE】
https://blog.sina.com.cn/s/blog_6943970c0102zn7g.html	林良欢.2013-决心要爱【豪记】【WAV+CUE】
https://blog.sina.com.cn/s/blog_6943970c0102zn7f.html	群星.2012-露露听我说舞台剧原声大碟【华纳】【WAV+CUE】
https://blog.sina.com.cn/s/blog_6943970c0102zn7e.html	叶明德.1982-明天星期六【风格】【FLAC分轨】
https://blog.sina.com.cn/s/blog_6943970c0102zn7d.html	郑源.2005-真的用心良苦【孔雀廊】【WAV+CUE】
https://blog.sina.com.cn/s/blog_6943970c0102zn7c.html	萧亚轩.2000-红蔷薇【维京】【WAV+CUE】
https://blog.sina.com.cn/s/blog_6943970c0102zn7b.html	群星.1992-创意家族超白金精选一【创意家族】【WAV+CUE】
https://blog.sina.com.cn/s/blog_6943970c0102zn7a.html	刘舸.2024-我的寂寞像一条蛇【FLAC分轨】
https://blog.sina.com.cn/s/blog_6943970c0102zn79.html	周传雄.2000-Transfer【SONY】【WAV+CUE】
https://blog.sina.com.cn/s/blog_6943970c0102zn78.html	林一峰.2003-床头歌【华纳】【WAV+CUE】
https://blog.sina.com.cn/s/blog_6943970c0102zn77.html	群星.1996-连年真开心（宝丽金25周年）【宝丽金】【WAV+CUE】
https://blog.sina.com.cn/s/blog_6943970c0102zn75.html	徐华凤.1998-如果在天堂【非常喜】【WAV+CUE】
https://blog.sina.com.cn/s/blog_6943970c0102zn76.html	孙悦.2004-悦的精丫上海音像】【WAV+CUE】
https://blog.sina.com.cn/s/blog_6943970c0102zn74.html	群星.2012-阿嬷的话3CD【华纳】【WAV+CUE】
https://blog.sina.com.cn/s/blog_6943970c0102zn73.html	温兆伦.1996-国语最佳精选辑【娱乐】【WAV+CUE】
https://blog.sina.com.cn/s/blog_6943970c0102zn72.html	谭咏麟.1993-笑看人生【宝丽金】【WAV+CUE】
https://blog.sina.com.cn/s/blog_6943970c0102zn71.html	洪荣宏.1982-雨！那会落抹停（飞跃复刻版）【光美】【WAV+CUE】
https://blog.sina.com.cn/s/blog_6943970c0102zn70.html	曾宝仪.2002-青春自选集·专注2CD【丰华】【WAV+CUE】
https://blog.sina.com.cn/s/blog_6943970c0102zn6z.html	群星.1993-热力节拍SUMMMERPARTY【宝丽金】【WAV+CUE】
https://blog.sina.com.cn/s/blog_6943970c0102zn6y.html	曹雅雯.2016-思念的歌【百是·时代】【FLAC分轨】
https://blog.sina.com.cn/s/blog_6943970c0102zn6x.html	City.Beat.1990-新人类摇滚（2006新世纪复黑版）【THINKER】【WAV+…
https://blog.sina.com.cn/s/blog_6943970c0102zn6w.html	江淑娜.2003-精选集5CD【风格】【WAV+CUE】
https://blog.sina.com.cn/s/blog_6943970c0102zn6v.html	周菲戈.2024-顿悟（EP）【红点星】【FLAC分轨】
https://blog.sina.com.cn/s/blog_6943970c0102zn6u.html	群星.1985-宝丽金影视名曲精绚香江花月夜（2016年环球复刻版）【宝…
https://blog.sina.com.cn/s/blog_6943970c0102zn6t.html	黎瑞恩.1994-94精丫宝丽金】【WAV+CUE】
https://blog.sina.com.cn/s/blog_6943970c0102zn6s.html	李之勤.1990-想你会想我吗【飞碟】【WAV+CUE】
https://blog.sina.com.cn/s/blog_6943970c0102zn6r.html	唐文龙.1996-透明·离开你【波丽佳音】【WAV+CUE】
https://blog.sina.com.cn/s/blog_6943970c0102zn6q.html	草蜢.2004-百花齐放3CD【环球】【WAV+CUE】
https://blog.sina.com.cn/s/blog_6943970c0102zn6p.html	群星.1997-华纳97好精丫华纳】【WAV+CUE】
https://blog.sina.com.cn/s/blog_6943970c0102zn6o.html	付笛声＆任静.2007-10年精品对唱【东方影音】【FLAC+CUE】
https://blog.sina.com.cn/s/blog_6943970c0102zn6n.html	张洪量.2016-格陵兰情书（EP）【洪量文化】【WAV+CUE】
https://blog.sina.com.cn/s/blog_6943970c0102zn6m.html	张清芳.1998-哎呦喂呀【EMI百代】【WAV+CUE】
https://blog.sina.com.cn/s/blog_6943970c0102zn6l.html	群星.2023-神隐电视剧原声大碟【完美青春】【FLAC分轨】
https://blog.sina.com.cn/s/blog_6943970c0102zn6k.html	方志耀.1990-我是个无心的人【飞碟】【WAV+CUE】
https://blog.sina.com.cn/s/blog_6943970c0102zn6j.html	戴蕴慧.1990-THE.OPENING.LINE【EPIC】【WAV+CUE】
https://blog.sina.com.cn/s/blog_6943970c0102zn6i.html	钟镇涛.1982-柔情难估计（LP版）【歌林】【WAV+CUE】
https://blog.sina.com.cn/s/blog_6943970c0102zn6h.html	黄思婷.2015-雪花飘【豪记】【WAV+CUE】
https://blog.sina.com.cn/s/blog_6943970c0102zn6g.html	张杰.2024-要得（EP）【行星文化】【FLAC分轨】
https://blog.sina.com.cn/s/blog_6943970c0102zn6f.html	赵学而.2012-学而·唱【SKINNY.PORPORS.JUKEBOX】【WAV+CUE】
https://blog.sina.com.cn/s/blog_6943970c0102zn6e.html	群星.1986-夺标金曲【华纳】【WAV+CUE】
https://blog.sina.com.cn/s/blog_6943970c0102zn6d.html	王馨平.1994-舞林大会（EP）【宝丽金】【WAV+CUE】
https://blog.sina.com.cn/s/blog_6943970c0102zn6c.html	郭小霖.1992-相识不相恋（国专）【飞碟】【WAV+CUE】
https://blog.sina.com.cn/s/blog_6943970c0102zn6b.html	薛岳.1998-青春摇滚纪念精丫友善的狗】【WAV+CUE】
https://blog.sina.com.cn/s/blog_6943970c0102zn6a.html	王娟.2016-吾心安处【树音乐】【WAV+CUE】
https://blog.sina.com.cn/s/blog_6943970c0102zn69.html	伍思凯.1989-我最爱的朋友【可登】【WAV+CUE】
https://blog.sina.com.cn/s/blog_6943970c0102zn68.html	群星.2001-华纳天碟2001【华纳】【WAV+CUE】
https://blog.sina.com.cn/s/blog_6943970c0102zn67.html	林壮维.1990-是不是爱过一回就懂得如何去爱【飞羚】【FLAC分轨】
https://blog.sina.com.cn/s/blog_6943970c0102zn66.html	吴淑敏.2003-为情为爱梦一生【巨人唱片】【WAV+CUE】
https://blog.sina.com.cn/s/blog_6943970c0102zn65.html	李婷宜.1996-伤过心的人【波丽嘉音】【WAV+CUE】
https://blog.sina.com.cn/s/blog_6943970c0102zn64.html	羽泉.2015-不服【巨匠文化】【WAV+CUE】
https://blog.sina.com.cn/s/blog_6943970c0102zn63.html	叶启田.2001-热情【宝星】【WAV+CUE】
https://blog.sina.com.cn/s/blog_6943970c0102zn62.html	群星.2000-英皇盛世6cd【英皇娱乐】【WAV+CUE】
https://blog.sina.com.cn/s/blog_6943970c0102zn61.html	伊能静.1992-游戏【飞碟】【WAV+CUE】
https://blog.sina.com.cn/s/blog_6943970c0102zn60.html	城市少女.1989-不见不散【宝丽金】【WAV+CUE】
https://blog.sina.com.cn/s/blog_6943970c0102zn5z.html	动力火车.1999-再见我的爱人【上华】【WAV+CUE】
https://blog.sina.com.cn/s/blog_6943970c0102zn5y.html	彭海桐.2002-狂想曲【SONY】【WAV+CUE】
https://blog.sina.com.cn/s/blog_6943970c0102zn5x.html	郑融.2003-成人对待（引进版）【正东】【WAV+CUE】
https://blog.sina.com.cn/s/blog_6943970c0102zn5w.html	徐良.2017-东西世界【大象音乐】【WAV+CUE】
https://blog.sina.com.cn/s/blog_6943970c0102zn5v.html	群星.1989-88,89金曲集【EMI百代】【WAV+CUE】
https://blog.sina.com.cn/s/blog_6943970c0102zn5u.html	谢安琪.2008-BINARY【新艺宝】【WAV+CUE】
https://blog.sina.com.cn/s/blog_6943970c0102zn5t.html	王开城.2000-路灯【BMG】【WAV+CUE】
https://blog.sina.com.cn/s/blog_6943970c0102zn5s.html	群星.1996-唱情歌的女人精丫宝丽金】【WAV+CUE】
https://blog.sina.com.cn/s/blog_6943970c0102zn5r.html	林良欢.2023-鸳鸯情话【豪记】【FLAC分轨】
https://blog.sina.com.cn/s/blog_6943970c0102zn5q.html	郭富城.1998-风里密码【华纳】【WAV+CUE】
https://blog.sina.com.cn/s/blog_6943970c0102zn5p.html	关智斌
https://blog.sina.com.cn/s/blog_6943970c0102zn5o.html	萧丽珠.1976-金色的影子（LP版）【宝丽金】【WAV+CUE】
https://blog.sina.com.cn/s/blog_6943970c0102zn5n.html	李翊君.1990-暗恋【华星】【WAV+CUE】
https://blog.sina.com.cn/s/blog_6943970c0102zn5m.html	黎明柔.1996-我赖你【魔岩】【WAV+CUE】
https://blog.sina.com.cn/s/blog_6943970c0102zn5l.html	FACE.TO.FACE.1991-情迷MILANO【嘉音】【WAV+CUE】
https://blog.sina.com.cn/s/blog_6943970c0102zn5k.html	陈淑桦.1995-生生世世【滾石】【WAV+CUE】
https://blog.sina.com.cn/s/blog_6943970c0102zn5j.html	丘丘合唱团.1982-就在今夜（滚石新格民歌系列42）【新格】【WAV+CU…
https://blog.sina.com.cn/s/blog_6943970c0102zn5i.html	群星.1990-滚石10年·大陆1990【滚石】【WAV+CUE】
https://blog.sina.com.cn/s/blog_6943970c0102zn5h.html	孙耀威.2013-爱其实(国)【环球】【WAV+CUE】
https://blog.sina.com.cn/s/blog_6943970c0102zn5g.html	林姗.2016-送你送到这【豪记】【WAV+CUE】
https://blog.sina.com.cn/s/blog_6943970c0102zn5f.html	杨乃文.2013-ZERO【亚神音乐】【WAV+CUE】
https://blog.sina.com.cn/s/blog_6943970c0102zn5e.html	陶晶莹.1997-电子情人【飞碟】【WAV+CUE】
https://blog.sina.com.cn/s/blog_6943970c0102zn5d.html	江志丰.2012-七天【豪记】【WAV+CUE】
https://blog.sina.com.cn/s/blog_6943970c0102zn5c.html	群星.1988-青春之星1988·快乐悲伤（LP版）【滚石】【WAV+CUE】
https://blog.sina.com.cn/s/blog_6943970c0102zn5b.html	群星.1987-青春之星（LP版）【滚石】【WAV+CUE】
https://blog.sina.com.cn/s/blog_6943970c0102zn5a.html	邓智彰.1994-真心真意。孤单【瑞华】【FLAC分轨】
https://blog.sina.com.cn/s/blog_6943970c0102zn59.html	何耀珊.2007-拥抱【华纳】【FLAC+CUE】
https://blog.sina.com.cn/s/blog_6943970c0102zn58.html	BEYOND.2013-30TH追忆黄家驹2CD（引进版）【KINNS】【WAV+CUE】
https://blog.sina.com.cn/s/blog_6943970c0102zn57.html	群星.1989-88,89金曲集【EMI百代】【WAV+CUE】
https://blog.sina.com.cn/s/blog_6943970c0102zn56.html	区瑞强.1994-原朴情怀【银星】【WAV+CUE】
https://blog.sina.com.cn/s/blog_6943970c0102zn55.html	彭靖惠.2006-浪费时间是快乐的2CD【丰华】【FLAC分轨】
https://blog.sina.com.cn/s/blog_6943970c0102zn54.html	林一峰.2012-家课新曲+精选2CD（引进版）【LYFEMusic】【WAV+CUE】
https://blog.sina.com.cn/s/blog_6943970c0102zn53.html	萧敬腾.2012-以爱之名【华纳】【WAV+CUE】
https://blog.sina.com.cn/s/blog_6943970c0102zn52.html	刘小慧.1994-改改精丫宝丽金】【WAV+CUE】
https://blog.sina.com.cn/s/blog_6943970c0102zn51.html	群星.1988-从10出发飞向未来-飞碟巨星10大金曲专辑【飞碟】【WAV+C…
https://blog.sina.com.cn/s/blog_6943970c0102zn50.html	陈劲.2015-降落在黎明前【科学文化】【WAV+CUE】
https://blog.sina.com.cn/s/blog_6943970c0102zn4z.html	蔡题谦.2024-我爱你,却依然要看你走【日与夜】【FLAC分轨】
https://blog.sina.com.cn/s/blog_6943970c0102zn4y.html	林良欢.2012-等你一句话【豪记】【WAV+CUE】
https://blog.sina.com.cn/s/blog_6943970c0102zn4x.html	谭咏麟.2003-不一样的谭咏麟首部曲+二部曲【环球】【WAV+CUE】
https://blog.sina.com.cn/s/blog_6943970c0102zn4v.html	群星.1996-96滚石年度最卖座主打歌刷新全纪录·英雄美人【滚石】【W…
https://blog.sina.com.cn/s/blog_6943970c0102zn4u.html	郑丽丝.1985-少女之舞（LP版）【综一】【WAV+CUE】
https://blog.sina.com.cn/s/blog_6943970c0102zn4t.html	蓝心湄.2000-超爱蓝心湄Super.Hits.1984-1995千禧超级精选2CD【环…
https://blog.sina.com.cn/s/blog_6943970c0102zn4s.html	张惠妹.2006-我要快乐【华纳】【WAV+CUE】
https://blog.sina.com.cn/s/blog_6943970c0102zn4r.html	群星.1994-极品REMIX【宝丽金】【WAV+CUE】
https://blog.sina.com.cn/s/blog_6943970c0102zn4q.html	群星.1994-心爱REMIX精丫宝丽金】【WAV+CUE】
https://blog.sina.com.cn/s/blog_6943970c0102zn4p.html	腾格尔.1998-鹰之恋·苦苦的思念【新时代】【WAV+CUE】
https://blog.sina.com.cn/s/blog_6943970c0102zn4o.html	乔幼.2015-思念的梦【豪记】【WAV+CUE】
https://blog.sina.com.cn/s/blog_6943970c0102zn4n.html	谢霆锋.2004-LISTENUP【英皇娱乐】【WAV+CUE】
https://blog.sina.com.cn/s/blog_6943970c0102zn4m.html	川岛茉树代.2004-魔术代【维京】【FLAC+CUE】
https://blog.sina.com.cn/s/blog_6943970c0102zn4l.html	吴佩真.1993-梦到思念的人【飞凯音乐】【WAV+CUE】
https://blog.sina.com.cn/s/blog_6943970c0102zn4k.html	翁立友.2008-行棋【豪记】【WAV+CUE】
https://blog.sina.com.cn/s/blog_6943970c0102zn4j.html	群星1995-友善的狗·好音乐精选辑【友善的狗】【WAV+CUE】
https://blog.sina.com.cn/s/blog_6943970c0102zn4i.html	黄丽玲.2011-我们会更好的【爱贝克思】【WAV+CUE】
https://blog.sina.com.cn/s/blog_6943970c0102zn4g.html	蔡幸娟.1992-秋凉如我心【飞碟】【WAV+CUE】
https://blog.sina.com.cn/s/blog_6943970c0102zn4f.html	群星.1996-来自中国的声音【瑞星】【WAV+CUE】
https://blog.sina.com.cn/s/blog_6943970c0102zn4e.html	许茹芸.2003-我爱夜新歌+精选2CD【EMI百代】【WAV+CUE】
https://blog.sina.com.cn/s/blog_6943970c0102zn4d.html	群星.1984-宝丽金中文金曲精丫宝丽金】【WAV+CUE】
https://blog.sina.com.cn/s/blog_6943970c0102zn4c.html	萧淑慎.2002-爱恨萧淑慎【滚石】【WAV+CUE】
https://blog.sina.com.cn/s/blog_6943970c0102zn4b.html	群星.2021-生活万岁电视剧OST【韶愔】【FLAC分轨】
https://blog.sina.com.cn/s/blog_6943970c0102zn4a.html	法兰黛乐团.2013-随波逐流我不介意2CD【福茂】【WAV+CUE】
https://blog.sina.com.cn/s/blog_6943970c0102zn49.html	五月天.2000-爱情万岁【滚石】【WAV+CUE】
https://blog.sina.com.cn/s/blog_6943970c0102zn48.html	群星.2006-滚石最佳电影主题曲精选大赏2CD【滚石】【WAV+CUE】
https://blog.sina.com.cn/s/blog_6943970c0102zn47.html	姚苏蓉.2006-泪盈金曲2CD【南方】【WAV+CUE】
https://blog.sina.com.cn/s/blog_6943970c0102zn46.html	李克勤.2011-香港小交响乐团演奏厅20113CD（2024环球红馆40复刻系…
https://blog.sina.com.cn/s/blog_6943970c0102zn45.html	许志安.2005-第一回合演唱会2CD（2024环球红馆40复刻系列）【环球…
https://blog.sina.com.cn/s/blog_6943970c0102zn44.html	谭咏麟李克勤.2009-左麟右李2009演唱会3CD（2024环球红馆40复刻系…
https://blog.sina.com.cn/s/blog_6943970c0102zn43.html	谢安琪.2009-好多谢安琪呐喊Yelling演唱会2CD（2024环球红馆40复刻…
https://blog.sina.com.cn/s/blog_6943970c0102zn42.html	莫文蔚.2013-莫后年代20周年世纪典藏3CD【环球】【WAV+CUE】
https://blog.sina.com.cn/s/blog_6943970c0102zn41.html	汪佩蓉.2016-有心唱情歌【喜多音乐】【WAV+CUE】
https://blog.sina.com.cn/s/blog_6943970c0102zn40.html	苏打绿.2013-秋·故事【林纬哲音乐社】【WAV+CUE】
https://blog.sina.com.cn/s/blog_6943970c0102zn3z.html	BEYOND.1999-GOODTIME【滚石】【WAV+CUE】
https://blog.sina.com.cn/s/blog_6943970c0102zn3y.html	孟庭苇.1992-冬季到台北来看雨【华星唱片】【WAV+CUE】
https://blog.sina.com.cn/s/blog_6943970c0102zn3x.html	苏丽珊.2023-metamorphosis（EP）【华纳】【FLAC分轨】
https://blog.sina.com.cn/s/blog_6943970c0102zn3w.html	高凌风.2001-另类音乐精装版3CD（引进版）【吉马】【WAV+CUE】
https://blog.sina.com.cn/s/blog_6943970c0102zn3v.html	开心少女组.1985-开心乐园（2016环球经典礼赞版）【环球】【WAV+CU…
https://blog.sina.com.cn/s/blog_6943970c0102zn3u.html	蔡依林.2009-J世纪Jeneration大牌新曲+精选2CD【SONY】【WAV+CUE】
https://blog.sina.com.cn/s/blog_6943970c0102zn3t.html	张秀卿.2001-卿秀佳人【全员集合】【WAV+CUE】
https://blog.sina.com.cn/s/blog_6943970c0102zn3s.html	谭咏麟.1991-梦幻柔情91演唱会2CD（2024环球红馆40复刻系列）【环…
https://blog.sina.com.cn/s/blog_6943970c0102zn3r.html	张学友.1994-学与友93演唱会2CD（2024环球红馆40复刻系列）【环球…
https://blog.sina.com.cn/s/blog_6943970c0102zn3q.html	彭羚.1996-完全因你演唱会2CD（2024环球红馆40复刻系列）【环球】…
https://blog.sina.com.cn/s/blog_6943970c0102zn3p.html	蔡可荔.2003-荔久不衰2辑【音乐谷】【WAV+CUE】
https://blog.sina.com.cn/s/blog_6943970c0102zn3o.html	群星.1996-宝丽金男人的眼泪精选4CD【宝丽金】【WAV+CUE】
https://blog.sina.com.cn/s/blog_6943970c0102zn3n.html	群星.2008-电视剧主题曲3CD【环球】【WAV+CUE】
https://blog.sina.com.cn/s/blog_6943970c0102zn3m.html	群星.1994-跨越94十大金曲【新时代】【WAV+CUE】
https://blog.sina.com.cn/s/blog_6943970c0102zn3l.html	成龙.1995-超級精裝大戏主题曲【滚石】【WAV+CUE】
https://blog.sina.com.cn/s/blog_6943970c0102zn3k.html	童安格.1990-花瓣雨【宝丽金】【WAV+CUE】
https://blog.sina.com.cn/s/blog_6943970c0102zn3j.html	叶启田.2005-爱你未着我祝你幸福【吉马】【WAV+CUE】
https://blog.sina.com.cn/s/blog_6943970c0102zn3i.html	林隆璇.1995-心焚如火【福茂】【WAV+CUE】
https://blog.sina.com.cn/s/blog_6943970c0102zn3h.html	羽泉.2007-给未来的你天黑天亮（EP）【华谊兄弟】【WAV+CUE】
https://blog.sina.com.cn/s/blog_6943970c0102zn3g.html	梅艳芳.1997-女人花【BMG】【WAV+CUE】
https://blog.sina.com.cn/s/blog_6943970c0102zn3f.html	黄中原-1997-断念【波丽佳音】【WAV+CUE】
https://blog.sina.com.cn/s/blog_6943970c0102zn3e.html	陈慧娴.1989-几时再见演唱会2CD（2024环球红馆40复刻系列）【环球…
https://blog.sina.com.cn/s/blog_6943970c0102zn3d.html	黄凯芹.2003-Unforgettable演唱会3CD（2024环球红馆40复刻系列）【…
https://blog.sina.com.cn/s/blog_6943970c0102zn3c.html	陈慧琳.2000-花花宇宙演唱会2CD（2024环球红馆40复刻系列）【环球…
https://blog.sina.com.cn/s/blog_6943970c0102zn3b.html	群星.2024-AppleMusicTOP100【ALAC】
https://blog.sina.com.cn/s/blog_6943970c0102zn3a.html	黄丽玲.2010-寂寞不痛【爱贝克思】【WAV+CUE】
https://blog.sina.com.cn/s/blog_6943970c0102zn39.html	群星.1993-梅花三弄之水云间电视原声带【飞碟】【WAV+CUE】
https://blog.sina.com.cn/s/blog_6943970c0102zn38.html	群星.1991-电影看版·下档电影【宝丽金】【WAV+CUE】
https://blog.sina.com.cn/s/blog_6943970c0102zn37.html	田震.1998-真的精品集（豪华版）【红星生产社】【WAV+CUE】
https://blog.sina.com.cn/s/blog_6943970c0102zn36.html	刘若英.2003-我的失败和伟大【维京】【WAV+CUE】
https://blog.sina.com.cn/s/blog_6943970c0102zn35.html	火鸟三人组.1995-红红的蝴蝶结【中唱】【WAV+CUE】
https://blog.sina.com.cn/s/blog_6943970c0102zn34.html	谢金燕.2001-不同款的三款情（EP）【有容唱片】【WAV+CUE】
https://blog.sina.com.cn/s/blog_6943970c0102zn33.html	侧田.2009-FROM.JUSTIN.COLLECTION.OF.HIS.FIRST.3.YEARS新歌+精选…
https://blog.sina.com.cn/s/blog_6943970c0102zn32.html	沈雁.1983-寒江秋水（LP版）【综一唱片】【WAV+CUE】
https://blog.sina.com.cn/s/blog_6943970c0102zn31.html	黃宣.2020-浮世击【否极泰来】【FLAC分轨】
https://blog.sina.com.cn/s/blog_6943970c0102zn30.html	群星.1988-宝丽金88超白金精丫宝丽金】【WAV+CUE】
https://blog.sina.com.cn/s/blog_6943970c0102zn2z.html	龙千玉.2013-故乡之恋【豪记】【WAV+CUE】
https://blog.sina.com.cn/s/blog_6943970c0102zn2y.html	巫启贤.2009-美好的时光第二辑3CD【EQMUSIC】【WAV+CUE】
https://blog.sina.com.cn/s/blog_6943970c0102zn2x.html	巫启贤.2008-美好的时光第一辑3CD【EQMUSIC】【WAV+CUE】
https://blog.sina.com.cn/s/blog_6943970c0102zn2v.html	林志颖.1993-生日礼物新曲精选情歌集【飞碟】【WAV+CUE】
https://blog.sina.com.cn/s/blog_6943970c0102zn2u.html	群星.1987-宝丽金87超白金精丫宝丽金】【WAV+CUE】
https://blog.sina.com.cn/s/blog_6943970c0102zn2t.html	魏如萱.2011-不允许哭泣的场合【亚神音乐】【WAV+CUE】
https://blog.sina.com.cn/s/blog_6943970c0102zn2s.html	甄楚倩.1990-乖乖【SONY】【WAV+CUE】
https://blog.sina.com.cn/s/blog_6943970c0102zn2r.html	白冰冰.2001-爱情探戈【吉马】【FLAC分轨】
https://blog.sina.com.cn/s/blog_6943970c0102zn2q.html	张杰.2005-第1张【上腾】【WAV+CUE】
https://blog.sina.com.cn/s/blog_6943970c0102zn2p.html	邓丽君.1994-巨星珍藏系列10CD【迪安】【WAV+CUE】
https://blog.sina.com.cn/s/blog_6943970c0102zn2o.html	麦洁文.1983-莱茵河之恋螳螂与我（1999CD版）【娱乐唱片】【WAV+CU…
https://blog.sina.com.cn/s/blog_6943970c0102zn2n.html	群星.1997-宝丽金非常大牌精丫宝丽金】【WAV+CUE】
https://blog.sina.com.cn/s/blog_6943970c0102zn2m.html	伍思凯.1994-有梦有朋友【点将】【WAV+CUE】
https://blog.sina.com.cn/s/blog_6943970c0102zn2l.html	陈粒.2023-防沉迷【有此山文化】【FLAC分轨】
https://blog.sina.com.cn/s/blog_6943970c0102zn2k.html	许茹芸.2000-难得好天气【上华】【WAV+CUE】
https://blog.sina.com.cn/s/blog_6943970c0102zn2j.html	叶德娴.1999-精选20首（永恒靓绝24K金碟）【永恒】【WAV+CUE】
https://blog.sina.com.cn/s/blog_6943970c0102zn2i.html	谭咏麟.1995-实在男人【宝丽金】【WAV+CUE】
https://blog.sina.com.cn/s/blog_6943970c0102zn2h.html	苏有朋.1993-擦肩而过国语精丫飞碟】【WAV+CUE】
https://blog.sina.com.cn/s/blog_6943970c0102zn2g.html	戴军.2004-阿莲2004【双鱼坊文化】【WAV+CUE】
https://blog.sina.com.cn/s/blog_6943970c0102zn2f.html	任贤齐.2006-老地方【EMI百代】【WAV+CUE】
https://blog.sina.com.cn/s/blog_6943970c0102zn2e.html	群星.1991-巨星精选1+2（环球复黑限量版）【宝丽金】【WAV+CUE】
https://blog.sina.com.cn/s/blog_6943970c0102zn2d.html	杜德伟.1994-天旋地转舞曲情歌精选集【滚石】【WAV+CUE】
https://blog.sina.com.cn/s/blog_6943970c0102zn2c.html	关正杰.1982-82演唱会2CD【宝丽金】【WAV+CUE】
https://blog.sina.com.cn/s/blog_6943970c0102zn2b.html	群星.1987-真诚与爱（TP版）【中录】【WAV+CUE】
https://blog.sina.com.cn/s/blog_6943970c0102zn2a.html	杨林.1988-别把梦带走【风格】【WAV+CUE】
https://blog.sina.com.cn/s/blog_6943970c0102zn29.html	古巨基.1995-笑说想【艺能动音】【WAV+CUE】
https://blog.sina.com.cn/s/blog_6943970c0102zn28.html	徐璨宾.2024-井底的蚯蚓【StreetVoice】【FLAC分轨】
https://blog.sina.com.cn/s/blog_6943970c0102zn27.html	蔡义德.2012-一粒汗【豪记】【WAV+CUE】
https://blog.sina.com.cn/s/blog_6943970c0102zn26.html	刘凤屏.1989-粤语金曲珍藏版红烛泪【风行】【WAV+CUE】
https://blog.sina.com.cn/s/blog_6943970c0102zn25.html	群星.1995-非常COOL【宝丽金】【WAV+CUE】
https://blog.sina.com.cn/s/blog_6943970c0102zn24.html	包美圣.1979-长空下的独白（百佳NO.71）（滚石新格民歌系列21）【…
https://blog.sina.com.cn/s/blog_6943970c0102zn23.html	谭咏麟.1996-思前想后【宝丽金】【WAV+CUE】
https://blog.sina.com.cn/s/blog_6943970c0102zn22.html	张清芳.1986-亲爱的请不要说【点将】【WAV+CUE】
https://blog.sina.com.cn/s/blog_6943970c0102zn21.html	那英.2002-如今（引进版）【华纳】【WAV+CUE】
https://blog.sina.com.cn/s/blog_6943970c0102zn20.html	群星.1989-现代点唱机【现代】【WAV+CUE】
https://blog.sina.com.cn/s/blog_6943970c0102zn1z.html	施文彬.2010-离別酒杯【华特】【WAV+CUE】
https://blog.sina.com.cn/s/blog_6943970c0102zn1y.html	郑融.2012-EVO【星娱乐】【WAV+CUE】
https://blog.sina.com.cn/s/blog_6943970c0102zn1x.html	陈小霞.1991-大脚姐仔【百佳唱片NO.16】【EMI百代】【WAV+CUE】
https://blog.sina.com.cn/s/blog_6943970c0102zn1w.html	姜育恒.1984-什么时候·串起又散落（飞跃复刻版）【光美】【WAV+CUE…
https://blog.sina.com.cn/s/blog_6943970c0102zn1v.html	群星.1993-射雕英雄传.东成西就电影原声带（2022环球纪念版）【BLK…
https://blog.sina.com.cn/s/blog_6943970c0102zn1u.html	周国贤.2014-College新曲+精丫维高文化】【FLAC分轨】
https://blog.sina.com.cn/s/blog_6943970c0102zn1t.html	百合二重唱.1994-10大冠军曲【吉马】【WAV+CUE】
https://blog.sina.com.cn/s/blog_6943970c0102zn1s.html	张克帆.1995-还记得我吗？【波丽佳音】【WAV+CUE】
https://blog.sina.com.cn/s/blog_6943970c0102zn1r.html	群星.2012-香江随想·顾嘉辉K2HD【新世纪】【WAV+CUE】
https://blog.sina.com.cn/s/blog_6943970c0102zn1q.html	许茹芸.1996-如果云知道【上华】【WAV+CUE】
https://blog.sina.com.cn/s/blog_6943970c0102zn1p.html	熊天平.1997-雪候鸟【东方】【WAV+CUE】
https://blog.sina.com.cn/s/blog_6943970c0102zn1o.html	陈思安.2018-情路过站【豪记】【WAV+CUE】
https://blog.sina.com.cn/s/blog_6943970c0102zn1n.html	群星.2024-天行健影视剧原声带【企鹅影视】【FLAC分轨】
https://blog.sina.com.cn/s/blog_6943970c0102zn1m.html	吴婉芳.1990-吴婉芳（郁金香的梦）【宝艺星】【WAV+CUE】
https://blog.sina.com.cn/s/blog_6943970c0102zn1l.html	曾淑勤.1996-梦桥【点将】【WAV+CUE】
https://blog.sina.com.cn/s/blog_6943970c0102zn1k.html	汤宝如.1996-收放自如【宝丽金】【WAV+CUE】
https://blog.sina.com.cn/s/blog_6943970c0102zn1j.html	吴俊宏.2015-藏心肝【豪记】【WAV+CUE】
https://blog.sina.com.cn/s/blog_6943970c0102zn1i.html	元卫觉醒.2004-元卫觉醒【艾回】【FLAC分轨】
https://blog.sina.com.cn/s/blog_6943970c0102zn1h.html	马常胜.2012-油菜花开的季节【风潮】【WAV+CUE】
https://blog.sina.com.cn/s/blog_6943970c0102zn1g.html	DRY.1998-TWO【正东】【WAV+CUE】
https://blog.sina.com.cn/s/blog_6943970c0102zn1f.html	群星.2002-欢庆迪斯尼100周年3CD【滚石】【WAV+CUE】
https://blog.sina.com.cn/s/blog_6943970c0102zn1e.html	陈明真.1991-我用自己的方式爱你【华星】【WAV+CUE】
https://blog.sina.com.cn/s/blog_6943970c0102zn1d.html	群星.2005-丰华十年.就爱好音乐3CD【丰华】【WAV+CUE】
https://blog.sina.com.cn/s/blog_6943970c0102zn1c.html	ECHO.1991-准许我爱你【丰艺】【WAV+CUE】
https://blog.sina.com.cn/s/blog_6943970c0102zn1b.html	梦剧院.1991-新曲+精丫乐意唱片】【WAV+CUE】
https://blog.sina.com.cn/s/blog_6943970c0102zn1a.html	徐若瑄.2008-绝对收藏2CD【SONY】【WAV+CUE】
https://blog.sina.com.cn/s/blog_6943970c0102zn19.html	鲍翠薇.1984-决战玄武门（LP版）【娱乐唱片】【WAV+CUE】
https://blog.sina.com.cn/s/blog_6943970c0102zn18.html	王娟.2013-梦湖【树音乐】【WAV+CUE】
https://blog.sina.com.cn/s/blog_6943970c0102zn17.html	翁倩玉.1971-鏡中的你【海山】【FLAC分轨】
https://blog.sina.com.cn/s/blog_6943970c0102zn16.html	群星.2001-1哥1姐·滚石2000年国台语双赢总霸主【滚石】【WAV+CUE】…
https://blog.sina.com.cn/s/blog_6943970c0102zn15.html	群星.2001-1姐·滚石2000年国台语双贏总霸主【滚石】【WAV+CUE】
https://blog.sina.com.cn/s/blog_6943970c0102zn14.html	群星.2001-1哥·滚石2000年国台语双赢总霸主【滚石】【WAV+CUE】
https://blog.sina.com.cn/s/blog_6943970c0102zn13.html	艾斯卡尔.2020-祝福【喜洋洋】【WAV+CUE】
https://blog.sina.com.cn/s/blog_6943970c0102zn12.html	张雨生.1995-还是朋友【飞碟】【WAV+CUE】
https://blog.sina.com.cn/s/blog_6943970c0102zn11.html	霍正奇.1991-雨的脸我的脸【飞鹰】【WAV+CUE】
https://blog.sina.com.cn/s/blog_6943970c0102zn0z.html	群星.1999-两个人2CD（华纳音乐大世纪系列）【华纳】【WAV+CUE】
https://blog.sina.com.cn/s/blog_6943970c0102zn0y.html	满文军.1997-让你的天空最美【正大国际】【WAV+CUE】
https://blog.sina.com.cn/s/blog_6943970c0102zn0x.html	林忆莲.1990-超级金装忆莲2CD【SONY】【WAV+CUE】
https://blog.sina.com.cn/s/blog_6943970c0102zn0w.html	赵咏华.1993-求婚【全美唱片】【WAV+CUE】
https://blog.sina.com.cn/s/blog_6943970c0102zn0v.html	刘锡明.1998-把你交给谁才不后悔【代言者】【WAV+CUE】
https://blog.sina.com.cn/s/blog_6943970c0102zn0u.html	陈盈洁.1982-有人这么说（2016禾广复刻版）【乡城】【WAV+CUE】
https://blog.sina.com.cn/s/blog_6943970c0102zn0t.html	陈升.2015-是否，你还记得【新乐园】【WAV+CUE】
https://blog.sina.com.cn/s/blog_6943970c0102zn0s.html	林一峰.2013-Playlist【LYFEMusic】【FLAC分轨】
https://blog.sina.com.cn/s/blog_6943970c0102zn0r.html	杜德伟.1994-未变过【滚石】【WAV+CUE】
https://blog.sina.com.cn/s/blog_6943970c0102zn0q.html	木马Muma.2003-YellowStar【摩登天空】【WAV+CUE】
https://blog.sina.com.cn/s/blog_6943970c0102zn0p.html	苏慧伦.2007-左撇子旋转门【环球】【WAV+CUE】
https://blog.sina.com.cn/s/blog_6943970c0102zn0o.html	开心少女组.1986-开心油戏（2016环球经典礼赞版）【环球】【WAV+CU…
https://blog.sina.com.cn/s/blog_6943970c0102zn0n.html	谢宜君.2021-北海道之恋【豪记】【WAV+CUE】
https://blog.sina.com.cn/s/blog_6943970c0102zn0m.html	高明瀚.1991-我认真,因为我要去看世界【滚石】【WAV+CUE】
https://blog.sina.com.cn/s/blog_6943970c0102zn0l.html	齐秦.2024-虛度（EP）【力行】【FLAC分轨】
https://blog.sina.com.cn/s/blog_6943970c0102zn0k.html	SILVER阿银.2014-心曲LPCDM2【雨果】【WAV+CUE】
https://blog.sina.com.cn/s/blog_6943970c0102zn0j.html	郑伊健.1995-LIFE1+2（EP）【BMG】【WAV+CUE】
https://blog.sina.com.cn/s/blog_6943970c0102zn0i.html	萧正楠.2002-BORNTOFLY【大国文化】【WAV+CUE】
https://blog.sina.com.cn/s/blog_6943970c0102zn0g.html	林慧萍.1983-戒痕（飞跃复刻版）【歌林】【WAV+CUE】
https://blog.sina.com.cn/s/blog_6943970c0102zn0f.html	孟庭苇.1996-心言手语【SONY】【WAV+CUE】
https://blog.sina.com.cn/s/blog_6943970c0102zn0e.html	林淑容.2004-福建恋歌【瑞华】【WAV+CUE】
https://blog.sina.com.cn/s/blog_6943970c0102zn0d.html	弦子.2011-逆风的蔷薇【喜欢音乐】【WAV+CUE】
https://blog.sina.com.cn/s/blog_6943970c0102zn0c.html	赞多.2024-序章【爱贝克斯】【FLAC分轨】
https://blog.sina.com.cn/s/blog_6943970c0102zn0b.html	群星.1995-新艺宝典·九五旋峰·国语歌曲精选集【新艺宝】【WAV+CUE…
https://blog.sina.com.cn/s/blog_6943970c0102zn0a.html	杨丽珍.1992-伤心【瑞华】【WAV+CUE】
https://blog.sina.com.cn/s/blog_6943970c0102zn09.html	黄家强.2004-毕加索的马【环球】【FLAC分轨】
https://blog.sina.com.cn/s/blog_6943970c0102zn08.html	群星.2024-完美的她影视原声带【三咖文化传媒】【FLAC分轨】
https://blog.sina.com.cn/s/blog_6943970c0102zn07.html	游鸿明.2008-情歌金选最终回新歌+精选终级情歌3CD【WAV+CUE】
https://blog.sina.com.cn/s/blog_6943970c0102zn06.html	王建杰.2008-心声【乾坤唱片】【WAV+CUE】
https://blog.sina.com.cn/s/blog_6943970c0102zn05.html	群星.2005-家传户晓·我们三十年的主题曲XRCD2【娱乐唱片】【WAV+CU…
https://blog.sina.com.cn/s/blog_6943970c0102zn04.html	龚诗嘉.2005-好，诗嘉【华研国际】【WAV+CUE】
https://blog.sina.com.cn/s/blog_6943970c0102zn03.html	薰妮.1984-劲舞的女孩（2001年永恒真存版）【永恒】【WAV+CUE】
https://blog.sina.com.cn/s/blog_6943970c0102zn02.html	薛之谦.2007-你过得好吗【上腾娱乐】【WAV+CUE】
https://blog.sina.com.cn/s/blog_6943970c0102zn01.html	许志安.1996-男人最痛【华星】【WAV+CUE】
https://blog.sina.com.cn/s/blog_6943970c0102zn00.html	陈洁仪.2016-天堂边缘【太合麦田】【WAV+CUE】
https://blog.sina.com.cn/s/blog_6943970c0102zmzz.html	五五身.2019-人类空虚简史（EP）【好有感觉音乐】【WAV+CUE】
https://blog.sina.com.cn/s/blog_6943970c0102zmzy.html	群星.2007-爱在蔓延时【SONY】【WAV+CUE】
https://blog.sina.com.cn/s/blog_6943970c0102zmzx.html	刘美麟.2024-同生（EP）【百纳娱乐】【FLAC分轨】
https://blog.sina.com.cn/s/blog_6943970c0102zmzw.html	张立基.1990-WHEN.THE.WINE.IS.OVER【EMI百代】【WAV+CUE】
https://blog.sina.com.cn/s/blog_6943970c0102zmzv.html	庞龙.2011-揖龙翔天乐】【WAV+CUE】
https://blog.sina.com.cn/s/blog_6943970c0102zmzu.html	孙淑媚.2012-流星雨【乾坤唱片】【WAV+CUE】
https://blog.sina.com.cn/s/blog_6943970c0102zmzt.html	尤长靖.2020-AZORAland·我是尤长靖【香蕉娱乐】【FLAC分轨】
https://blog.sina.com.cn/s/blog_6943970c0102zmzr.html	裘德.2024-一棵树所创造的（EP）【FLAC分轨】
https://blog.sina.com.cn/s/blog_6943970c0102zmzp.html	杨千嬅.1999-微笑（首张国专）【上华】【WAV+CUE】
https://blog.sina.com.cn/s/blog_6943970c0102zmzo.html	孟庭苇.1991-你看你看月亮的脸【华星唱片】【WAV+CUE】
https://blog.sina.com.cn/s/blog_6943970c0102zmzn.html	群星.2021-记忆之歌·日本唱片志系列5CD【环球】【WAV+CUE】
https://blog.sina.com.cn/s/blog_6943970c0102zmzm.html	胡彦斌.2009-失业情歌【金牌大风】【WAV+CUE】
https://blog.sina.com.cn/s/blog_6943970c0102zmzl.html	邓瑞霞.1993-蜜意柔情【JAZZ】【WAV+CUE】
https://blog.sina.com.cn/s/blog_6943970c0102zmzk.html	吴国敬.1995-我愿等【星光】【WAV+CUE】
https://blog.sina.com.cn/s/blog_6943970c0102zmzj.html	林灵.1990-我是你的人【兴来】【WAV+CUE】
https://blog.sina.com.cn/s/blog_6943970c0102zmzi.html	品冠.2005-后来的我新歌+精选2CD【滚石】【WAV+CUE】
https://blog.sina.com.cn/s/blog_6943970c0102zmzh.html	永彬Ryan.B.2024-Sunlight【SONY】【FLAC分轨】
https://blog.sina.com.cn/s/blog_6943970c0102zmzg.html	赵咏华.1997-请你放心【宝丽金】【WAV+CUE】
https://blog.sina.com.cn/s/blog_6943970c0102zmzf.html	尚雯婕.2011-IN【华谊兄弟】【WAV+CUE】
https://blog.sina.com.cn/s/blog_6943970c0102zmze.html	罗时丰.1998-无情的电影票【大罗唱片】【WAV+CUE】
https://blog.sina.com.cn/s/blog_6943970c0102zmzc.html	群星.1986-爱情组曲（情歌对唱辑）【WAV+CUE】
https://blog.sina.com.cn/s/blog_6943970c0102zmzb.html	崔健.2021-飞狗【律冻文化】【WAV+CUE】
https://blog.sina.com.cn/s/blog_6943970c0102zmza.html	花儿乐队.2007-花龄盛会【步升大风】【WAV+CUE】
https://blog.sina.com.cn/s/blog_6943970c0102zmz9.html	文章.1993-爱可有天荒地老【名将】【WAV+CUE】
https://blog.sina.com.cn/s/blog_6943970c0102zmz8.html	邝美云.1990-相逢在半生精丫宝丽金】【WAV+CUE】
https://blog.sina.com.cn/s/blog_6943970c0102zmz7.html	群星.1994-新艺宝非常版【新艺宝】【WAV+CUE】
https://blog.sina.com.cn/s/blog_6943970c0102zmz6.html	歌莉雅.2021-BEST.OF.GLORIA【环星】【WAV+CUE】
https://blog.sina.com.cn/s/blog_6943970c0102zmz5.html	庹宗华.1991-为你担心【有容唱片】【WAV+CUE】
https://blog.sina.com.cn/s/blog_6943970c0102zmz4.html	羽泉.2009-每个人心中都有一个羽泉【华谊兄弟】【WAV+CUE】
https://blog.sina.com.cn/s/blog_6943970c0102zmz3.html	梁雁翎.1994-心甘情愿【飞图】【WAV+CUE】
https://blog.sina.com.cn/s/blog_6943970c0102zmz2.html	戴梅君.2015-公主时代【美华】【WAV+CUE】
https://blog.sina.com.cn/s/blog_6943970c0102zmz1.html	群星.2023-FREE.OUT飞奥门【太合麦田】【FLAC分轨】
https://blog.sina.com.cn/s/blog_6943970c0102zmz0.html	容祖儿.2024-Another.Side.Joey.My.Secret.Live.3CD【英皇娱乐】【…
https://blog.sina.com.cn/s/blog_6943970c0102zmyz.html	杨哲.2005-爱亲像放风吹【虹扬唱片】【WAV+CUE】
https://blog.sina.com.cn/s/blog_6943970c0102zmyy.html	泳儿.2011-快乐眼泪【英皇娱乐】【WAV+CUE】
https://blog.sina.com.cn/s/blog_6943970c0102zmyx.html	群星.2011-好歌ENCORE.101.6CD【环星】【WAV+CUE】
https://blog.sina.com.cn/s/blog_6943970c0102zmyw.html	梁咏琪.2002-魔幻季节【EEI】【WAV+CUE】
https://blog.sina.com.cn/s/blog_6943970c0102zmyv.html	叶蕴仪1995-在自己的房间里【飞碟】【WAV+CUE】
https://blog.sina.com.cn/s/blog_6943970c0102zmyu.html	黄贯中.2003-非典型摇摆【环球】【WAV+CUE】
https://blog.sina.com.cn/s/blog_6943970c0102zmyt.html	刘美君.2006-完全精选3CD【SONYBMG】【WAV+CUE】
https://blog.sina.com.cn/s/blog_6943970c0102zmys.html	陈美凤.1997-叫你第一名台湾情歌男女大对唱【艺能动音】【WAV+CUE…
https://blog.sina.com.cn/s/blog_6943970c0102zmyr.html	锦绣二重唱.2000-锦绣罗曼史2辑【滚石】【WAV+CUE】
https://blog.sina.com.cn/s/blog_6943970c0102zmyq.html	林忆莲.1994-SANDY94【星工厂】【WAV+CUE】
https://blog.sina.com.cn/s/blog_6943970c0102zmyp.html	傻子与白痴.2023-姿态【哇唧唧哇】【FLAC分轨】
https://blog.sina.com.cn/s/blog_6943970c0102zmyo.html	邓紫棋.2013-X.X.X.LIVE2CD【蜂鸟音乐】【WAV+CUE】
https://blog.sina.com.cn/s/blog_6943970c0102zmyn.html	卢凯彤.2016-你的完美有点难懂并不代表世界不能包容【亚神】【WAV+…
https://blog.sina.com.cn/s/blog_6943970c0102zmym.html	邰正宵.1996-爱归零【福茂】【WAV+CUE】
https://blog.sina.com.cn/s/blog_6943970c0102zmyl.html	BEYOND.2008-25TH.ANNIVERSARY.DXD.3CD【新艺宝】【WAV+CUE】
https://blog.sina.com.cn/s/blog_6943970c0102zmyk.html	群星.2008-宝鉴4CD【环球】【WAV+CUE】
https://blog.sina.com.cn/s/blog_6943970c0102zmyj.html	王中平.1996-后悔【蓝与白】【WAV+CUE】
https://blog.sina.com.cn/s/blog_6943970c0102zmyi.html	钟汉良.2010-视觉动物【花花草草】【WAV+CUE】
https://blog.sina.com.cn/s/blog_6943970c0102zmyh.html	叶蕴仪.1992-欺骗你的心【飞碟】【WAV+CUE】
https://blog.sina.com.cn/s/blog_6943970c0102zmyg.html	群星.1990-经典金曲金中之金2CD+王者风范2CD【娱乐唱片】【WAV+CUE…
https://blog.sina.com.cn/s/blog_6943970c0102zmyf.html	张雨生.2000-未来ORIGINAL.COLLECTION.2CD【华纳】【WAV+CUE】
https://blog.sina.com.cn/s/blog_6943970c0102zmye.html	吴岱林.2004-贰拾吴（EP）【新鲜制造】【FLAC分轨】
https://blog.sina.com.cn/s/blog_6943970c0102zmyd.html	黄格选.1998-露水【滚石】【WAV+CUE】
https://blog.sina.com.cn/s/blog_6943970c0102zmyc.html	水木年华.2004-70·80【水木同创】【WAV+CUE】
https://blog.sina.com.cn/s/blog_6943970c0102zmyb.html	萧丽珠.2000-金曲精选专辑3CD【歌林】【WAV+CUE】
https://blog.sina.com.cn/s/blog_6943970c0102zmya.html	周润发.1990-旧情人【华纳】【WAV+CUE】
https://blog.sina.com.cn/s/blog_6943970c0102zmy9.html	萧亚轩.2003-第5大道【维京】【WAV+CUE】
https://blog.sina.com.cn/s/blog_6943970c0102zmy8.html	甜約翰Sweet.John.2017-Dear【禾广娱乐】【FLAC分轨】
https://blog.sina.com.cn/s/blog_6943970c0102zmy7.html	甄妮.1985-打火机（LP版）【SONY】【WAV+CUE】
https://blog.sina.com.cn/s/blog_6943970c0102zmy6.html	郑秀文.2018-BELIEVE.IN.MI.3CD【寰亚】【WAV+CUE】
https://blog.sina.com.cn/s/blog_6943970c0102zmy5.html	周慧敏.1992-真情精丫艺视】【WAV+CUE】
https://blog.sina.com.cn/s/blog_6943970c0102zmy4.html	群星.2012-Sampler发烧中的选择（粤语）2辑【新世纪】【WAV+CUE】
https://blog.sina.com.cn/s/blog_6943970c0102zmy3.html	群星.2012-Sampler发烧中的精选（国语）4辑【新世纪】【WAV+CUE】
https://blog.sina.com.cn/s/blog_6943970c0102zmy2.html	刘文娟.1998-DREAM.A.LITTLE.DREAM精选19首【乐意唱片】【WAV+CUE…
https://blog.sina.com.cn/s/blog_6943970c0102zmy1.html	甄秀珍.2012-经典魅力金曲CD1【南方】【WAV+CUE】
https://blog.sina.com.cn/s/blog_6943970c0102zmy0.html	罗敏庄.1996-一生也在等…【华纳】【WAV+CUE】
https://blog.sina.com.cn/s/blog_6943970c0102zmxz.html	太极乐队.2015-三十周年精选3CD【华纳】【WAV+CUE】
https://blog.sina.com.cn/s/blog_6943970c0102zmxx.html	郑源.2005-我最火【孔雀廊】【WAV+CUE】
https://blog.sina.com.cn/s/blog_6943970c0102zmxw.html	群星.1992-十首大学生的情感日记【瑞星】【WAV+CUE】
https://blog.sina.com.cn/s/blog_6943970c0102zmxv.html	陈中邱芸子.1996-情歌对唱【乡城】【WAV+CUE】
https://blog.sina.com.cn/s/blog_6943970c0102zmxu.html	孙楠.1997-认识新曲精丫艺能动音】【WAV+CUE】
https://blog.sina.com.cn/s/blog_6943970c0102zmxt.html	繆以欣.2017-Storage【后台音乐】【FLAC分轨】
https://blog.sina.com.cn/s/blog_6943970c0102zmxs.html	黄龄.2023-花色【和序文化】【WAV分轨】
https://blog.sina.com.cn/s/blog_6943970c0102zmxr.html	于文文.2021-幕间剧【华纳】【WAV+CUE】
https://blog.sina.com.cn/s/blog_6943970c0102zmxq.html	群星.2003-情迷薰衣草2CD【EMI】【WAV+CUE】
https://blog.sina.com.cn/s/blog_6943970c0102zmxp.html	飞轮海.2006-同名专辑【华研国际】【WAV+CUE】
https://blog.sina.com.cn/s/blog_6943970c0102zmxo.html	群星.2006-电音三太子4CD【上点】【WAV+CUE】
https://blog.sina.com.cn/s/blog_6943970c0102zmxn.html	苏慧伦.1996-话说·X档案（粤）【滚石】【WAV+CUE】
https://blog.sina.com.cn/s/blog_6943970c0102zmxm.html	黄舒骏.2001-黄舒骏金曲精选2CD珍藏版【歌林】【WAV+CUE】
https://blog.sina.com.cn/s/blog_6943970c0102zmxl.html	群星.1999-AVEX全女打国语精丫艾回】【WAV+CUE】
https://blog.sina.com.cn/s/blog_6943970c0102zmxk.html	张卫健.1994-180°+【华纳】【WAV+CUE】
https://blog.sina.com.cn/s/blog_6943970c0102zmxj.html	陈思安.2017-女人的眼泪【豪记】【WAV+CUE】
https://blog.sina.com.cn/s/blog_6943970c0102zmxi.html	文章.2023-致青春【川合音乐】【FLAC分轨】
https://blog.sina.com.cn/s/blog_6943970c0102zmxh.html	群星.1998-宝丽金最精彩98【宝丽金】【WAV+CUE】
https://blog.sina.com.cn/s/blog_6943970c0102zmxg.html	范文芳.1997-一个人生活【EMI百代】【WAV+CUE】
https://blog.sina.com.cn/s/blog_6943970c0102zmxf.html	庾澄庆.2017-西哈游记庾澄庆的音乐奇幻之旅【福茂】【WAV+CUE】
https://blog.sina.com.cn/s/blog_6943970c0102zmxe.html	群星.2014-电影歌曲101.6CD【环球】【WAV+CUE】
https://blog.sina.com.cn/s/blog_6943970c0102zmxd.html	蒋志光.1990-相逢·走【永高创意】【WAV+CUE】
https://blog.sina.com.cn/s/blog_6943970c0102zmxc.html	冯晓泉.1995-遥远的城镇遥远的人【京文】【WAV+CUE】
https://blog.sina.com.cn/s/blog_6943970c0102zmxb.html	吴宗宪.1999-你比从前快乐【BMG】【WAV+CUE】
https://blog.sina.com.cn/s/blog_6943970c0102zmxa.html	张美玲.1999-福建不朽民谣【南方】【WAV+CUE】
https://blog.sina.com.cn/s/blog_6943970c0102zmx9.html	Supper.Moment.2020－Everything.Is.You【寰亚】【WAV+CUE】
https://blog.sina.com.cn/s/blog_6943970c0102zmx8.html	林志颖.1994-火热的心【飞碟】【WAV+CUE】
https://blog.sina.com.cn/s/blog_6943970c0102zmx7.html	陈雪凝.2024-我新长出的犄角（EP）【少城时代】【FLAC分轨】
https://blog.sina.com.cn/s/blog_6943970c0102zmx6.html	吴业坤.2015-Kwan.Gor【星娱乐】【FLAC分轨】
https://blog.sina.com.cn/s/blog_6943970c0102zmx5.html	苏妙玲.2019-WAN【天娱传媒】【FLAC分轨】
https://blog.sina.com.cn/s/blog_6943970c0102zmx4.html	陈雷.1996-最佳男主角【金圆唱片】【WAV+CUE】
https://blog.sina.com.cn/s/blog_6943970c0102zmx3.html	群星.2024-生活在别处的我电视原声带【环球】【FLAC分轨】
https://blog.sina.com.cn/s/blog_6943970c0102zmx2.html	杨千嬅.2007-千嬅新唱金牌金曲【金牌大风】【WAV+CUE】
https://blog.sina.com.cn/s/blog_6943970c0102zmx1.html	陈国华.2001-全创作VISUALMUSIC作品集【擎天娱乐】【WAV+CUE】
https://blog.sina.com.cn/s/blog_6943970c0102zmx0.html	群星.1989-Best.of.Favourites.in.Originals【宝丽金】【WAV+CUE】
https://blog.sina.com.cn/s/blog_6943970c0102zmwz.html	群星.1995-美少女宣言精选（上）（下）【宝丽金】【WAV+CUE】
https://blog.sina.com.cn/s/blog_6943970c0102zmwy.html	马赛克乐队.2012-马赛克MOSAIC【星外星】【WAV+CUE】
https://blog.sina.com.cn/s/blog_6943970c0102zmwx.html	康乔江梦蕾.2013-魅力情歌对唱2CD【南方】【WAV+CUE】
https://blog.sina.com.cn/s/blog_6943970c0102zmww.html	零点乐队.1998-最好的零点【京文】【WAV+CUE】
https://blog.sina.com.cn/s/blog_6943970c0102zmwv.html	陈好.2006-FEEL.YOUR.HEAR.EVERYTIME【艾回】【WAV+CUE】
https://blog.sina.com.cn/s/blog_6943970c0102zmwu.html	谢霆锋.2000-了解【英皇娱乐】【WAV+CUE】
https://blog.sina.com.cn/s/blog_6943970c0102zmwt.html	李之勤.2024-时光。美好-记忆中的一首歌（EP）【CshaMusic】【FLAC…
https://blog.sina.com.cn/s/blog_6943970c0102zmws.html	巫奇.1996-你怎么没看见【滚石】【WAV+CUE】
https://blog.sina.com.cn/s/blog_6943970c0102zmwr.html	阮兆祥.1989-我心深处【乐意】【WAV+CUE】
https://blog.sina.com.cn/s/blog_6943970c0102zmwq.html	群星.2024-请和这样的我恋爱吧影视原声带【D-JINMUSIC】【FLAC分轨…
https://blog.sina.com.cn/s/blog_6943970c0102zmwp.html	陈德容.1996-爱你爱好多【SONY】【WAV+CUE】
https://blog.sina.com.cn/s/blog_6943970c0102zmwo.html	刘浩龙.2006-ALL.THE.BEST【正东】【WAV+CUE】
https://blog.sina.com.cn/s/blog_6943970c0102zmwn.html	群星.2015-潘源良是誰最愛作品選4CD【寰亚】【FLAC分轨】
https://blog.sina.com.cn/s/blog_6943970c0102zmwm.html	伦永亮.1996-不要拿我和他做比较（国）【波丽嘉音】【WAV+CUE】
https://blog.sina.com.cn/s/blog_6943970c0102zmwl.html	张国荣.2024-张国荣告别乐坛演唱会3CD足本版【环球】【FLAC分轨】
https://blog.sina.com.cn/s/blog_6943970c0102zmwk.html	群星.2024-微暗之火影视原声带【冬曦音乐】【FLAC分轨】
https://blog.sina.com.cn/s/blog_6943970c0102zmwj.html	水木年华.2010-启程【英皇星艺】【WAV+CUE】
https://blog.sina.com.cn/s/blog_6943970c0102zmwi.html	成龙.2002-真的用了心（纸盒版）【东方魅力】【WAV+CUE】
https://blog.sina.com.cn/s/blog_6943970c0102zmwh.html	钟达茵.2022-Spirits【元宇宙文化】【FLAC分轨】
https://blog.sina.com.cn/s/blog_6943970c0102zmwg.html	关淑怡.1992-制造迷梦【宝丽金】【WAV+CUE】
https://blog.sina.com.cn/s/blog_6943970c0102zmwf.html	群星.2024-星辰音乐剧原声带【余浪文化】【FLAC分轨】
https://blog.sina.com.cn/s/blog_6943970c0102zmwe.html	郑华娟.1996-DEMO（EP）【飞碟】【WAV+CUE】
https://blog.sina.com.cn/s/blog_6943970c0102zmwd.html	钱昭颖.2023-LONGING【环星】【FLAC分轨】
https://blog.sina.com.cn/s/blog_6943970c0102zmwc.html	群星.2009-2011-美华双双对对好情歌3辑【美华】【WAV+CUE】
https://blog.sina.com.cn/s/blog_6943970c0102zmwb.html	黄征.2003-爱情诺曼底【滚石】【WAV+CUE】
https://blog.sina.com.cn/s/blog_6943970c0102zmwa.html	太极乐队.1987-沉默风暴【华纳】【WAV+CUE】
https://blog.sina.com.cn/s/blog_6943970c0102zmw9.html	卢凯彤.2015-PILLOW.TALK枕边细语【人山人海】【WAV+CUE】
https://blog.sina.com.cn/s/blog_6943970c0102zmw8.html	林逸欣.2012-作对【喜欢音乐】【FLAC+CUE】
https://blog.sina.com.cn/s/blog_6943970c0102zmw7.html	二手玫瑰.2003-二手玫瑰【国际文化】【WAV+CUE】
https://blog.sina.com.cn/s/blog_6943970c0102zmw6.html	林宇中.2008-干物世界（引进版）【海蝶】【WAV+CUE】
https://blog.sina.com.cn/s/blog_6943970c0102zmw5.html	ECHO.1990-GOODBYE.SUMMER【丰艺】【WAV+CUE】
https://blog.sina.com.cn/s/blog_6943970c0102zmw4.html	张学友.2001-热【上华】【WAV+CUE】
https://blog.sina.com.cn/s/blog_6943970c0102zmw3.html	群星.1995-宝丽金叱咤风云排行榜【宝丽金】【WAV+CUE】
https://blog.sina.com.cn/s/blog_6943970c0102zmw2.html	王瑞霞.1992-用心等待你【名冠】【WAV+CUE】
https://blog.sina.com.cn/s/blog_6943970c0102zmw1.html	丁一凡.2021-月光下的歌【FLAC分轨】
https://blog.sina.com.cn/s/blog_6943970c0102zmw0.html	赵咏华.1996-风的颜色【宝丽金】【WAV+CUE】
https://blog.sina.com.cn/s/blog_6943970c0102zmvz.html	群星.2015-3688想入非非电影原声带【MM2】【WAV+CUE】
https://blog.sina.com.cn/s/blog_6943970c0102zmvy.html	郭美美.2007-我的答铃【华纳】【WAV+CUE】
https://blog.sina.com.cn/s/blog_6943970c0102zmvx.html	于冠华.1992-爱情囚犯【新笛】【WAV+CUE】
https://blog.sina.com.cn/s/blog_6943970c0102zmvw.html	萧煌奇.2024-没事的【华纳】【WAV分轨】
https://blog.sina.com.cn/s/blog_6943970c0102zmvv.html	自然卷.2005-大卷包小卷【风和日丽】【WAV+CUE】
https://blog.sina.com.cn/s/blog_6943970c0102zmvu.html	古巨基.2008-GUITAR.FEVER（LPCD45）【金牌大风】【WAV+CUE】
https://blog.sina.com.cn/s/blog_6943970c0102zmvt.html	群星.1994-华纳IN爆榜3辑【华纳】【WAV+CUE】
https://blog.sina.com.cn/s/blog_6943970c0102zmvs.html	群星.1998-水晶之恋【新时代】【WAV+CUE】
https://blog.sina.com.cn/s/blog_6943970c0102zmvr.html	娃娃.2011-曙光【福茂】【WAV+CUE】
https://blog.sina.com.cn/s/blog_6943970c0102zmvq.html	莫镇贤.1992-ImCrying【乐意唱片】【FLAC分轨】
https://blog.sina.com.cn/s/blog_6943970c0102zmvp.html	陈淑萍.2012-等呀等【美华】【WAV+CUE】
https://blog.sina.com.cn/s/blog_6943970c0102zmvo.html	陶莉萍2006-异想陶花园【华纳】【WAV+CUE】
https://blog.sina.com.cn/s/blog_6943970c0102zmvn.html	真妮.1995-紫色的玫瑰【波丽佳音】【WAV+CUE】
https://blog.sina.com.cn/s/blog_6943970c0102zmvm.html	群星.2015-三城记电影原声大碟【JAVA】【WAV+CUE】
https://blog.sina.com.cn/s/blog_6943970c0102zmvl.html	洪荣宏.1985-神秘的恋情【光美】【WAV+CUE】
https://blog.sina.com.cn/s/blog_6943970c0102zmvk.html	伊能静.2006-PRINCESS.A新歌+精选2CD【艾回】【WAV+CUE】
https://blog.sina.com.cn/s/blog_6943970c0102zmvj.html	黄宣.2021-Beanstalk【否极泰来】【WAV+CUE】
https://blog.sina.com.cn/s/blog_6943970c0102zmvh.html	毛不易.2021-幼鸟指南【哇唧唧哇娱乐】【WAV+CUE】
https://blog.sina.com.cn/s/blog_6943970c0102zmvg.html	康晋荣.1999-催泪【阿尔法】【WAV+CUE】
https://blog.sina.com.cn/s/blog_6943970c0102zmvf.html	群星.1986-华星雷射猛碟.第二輯【华星】【WAV+CUE】
https://blog.sina.com.cn/s/blog_6943970c0102zmve.html	群星.1983-华星雷射首选猛碟.第一辑【华星】【WAV+CUE】
https://blog.sina.com.cn/s/blog_6943970c0102zmvd.html	林冠吟.2004-我是火星人【奇迹】【WAV+CUE】
https://blog.sina.com.cn/s/blog_6943970c0102zmvc.html	李千娜.2023-关与你【环球】【FLAC分轨】
https://blog.sina.com.cn/s/blog_6943970c0102zmvb.html	群星.1999-李泰祥与他的女弟子2CD【华特】【WAV+CUE】
https://blog.sina.com.cn/s/blog_6943970c0102zmva.html	任贤齐.2004-两极（第12张）【滚石】【WAV+CUE】
https://blog.sina.com.cn/s/blog_6943970c0102zmv9.html	金佩姗.1984-童年的桔梗花【飞羚唱片】【FLAC分轨】
https://blog.sina.com.cn/s/blog_6943970c0102zmv8.html	李翊君.2011-男人坏【华特音乐】【WAV+CUE】
https://blog.sina.com.cn/s/blog_6943970c0102zmv7.html	群星.2024-少年巴比伦网剧原声带【中星耀华】【FLAC分轨】
https://blog.sina.com.cn/s/blog_6943970c0102zmv5.html	群星.2015-民歌40·再唱一段思想起3CD【大块文化】【WAV+CUE】
https://blog.sina.com.cn/s/blog_6943970c0102zmv4.html	莫文蔚.2021-TheVoyage【FLAC分轨】
https://blog.sina.com.cn/s/blog_6943970c0102zmv3.html	卓文萱.2009-1+1.PLAY.N.FUN珍选集2CD【滚石】【WAV+CUE】
https://blog.sina.com.cn/s/blog_6943970c0102zmv2.html	群星.2024-披荆斩棘的大小姐影视剧原声带【百纳娱乐】【FLAC分轨】
https://blog.sina.com.cn/s/blog_6943970c0102zmv1.html	Energy.2024-Here.I.Am【相信音乐】【FLAC分轨】
https://blog.sina.com.cn/s/blog_6943970c0102zmv0.html	汤宝如.1998-快将COMINGSOON上映【宝丽金】【WAV+CUE】
https://blog.sina.com.cn/s/blog_6943970c0102zmuz.html	张琍敏.1983-又见牵手（环球留声复刻系列）【飞羚唱片】【WAV+CUE…
https://blog.sina.com.cn/s/blog_6943970c0102zmuy.html	GAI周延.2024-底层逻辑【种梦音乐】【FLAC分轨】
https://blog.sina.com.cn/s/blog_6943970c0102zmux.html	许茹芸.2011-许茹芸的微醺音乐你听见了(我)吗？【亚神音乐】【WAV+…
https://blog.sina.com.cn/s/blog_6943970c0102zmuw.html	群星.1993-光荣岁月·10年金马奖最佳电影主题曲【滚石】【WAV+CUE】…
https://blog.sina.com.cn/s/blog_6943970c0102zmuv.html	群星.1993-风云际会·10年金马奖最佳电影主題曲【滚石】【WAV+CUE】…
https://blog.sina.com.cn/s/blog_6943970c0102zmuu.html	陈雷.1991-恋恋恋.怀念的人【金圆唱片】【WAV+CUE】
https://blog.sina.com.cn/s/blog_6943970c0102zmut.html	胡德夫.2022-最后的猎人【无非文化】【WAV+CUE】
https://blog.sina.com.cn/s/blog_6943970c0102zmus.html	王若琳.2024-破烂酒店【SONY】【FLAC分轨】
https://blog.sina.com.cn/s/blog_6943970c0102zmur.html	群星.2013-追梦敢不敢（2013快男合辑）【天娱】【FLAC分轨】
https://blog.sina.com.cn/s/blog_6943970c0102zmuq.html	腾格尔.1993-八千里路回首【风潮】【WAV+CUE】
https://blog.sina.com.cn/s/blog_6943970c0102zmup.html	群星.2004-爱情映画祭【SONY】【WAV+CUE】
https://blog.sina.com.cn/s/blog_6943970c0102zmuo.html	邰正宵.2007-我不配【环球】【WAV+CUE】
https://blog.sina.com.cn/s/blog_6943970c0102zmun.html	白冰冰.2006-冰的情火【龙吟唱片】【WAV+CUE】
https://blog.sina.com.cn/s/blog_6943970c0102zmum.html	陈兰丽.1978-泪的追想（2017梦田复刻版）【凯联机构】【WAV+CUE】
https://blog.sina.com.cn/s/blog_6943970c0102zmul.html	黄格选.1996-夜的情人【上海声像】【WAV+CUE】
https://blog.sina.com.cn/s/blog_6943970c0102zmuk.html	王菀之.2005-I.LOVE.MY.NAME【环球】【WAV+CUE】
https://blog.sina.com.cn/s/blog_6943970c0102zmuj.html	郭忠祐.2024-从今以后【福茂】【FALC分轨】
https://blog.sina.com.cn/s/blog_6943970c0102zmui.html	群星.2001-水底乐园（刘以达作品集）【正东】【WAV+CUE】
https://blog.sina.com.cn/s/blog_6943970c0102zmuh.html	林一峰.2022-OffTracks（EP）【LYFMUSIC】【FLAC分轨】
https://blog.sina.com.cn/s/blog_6943970c0102zmug.html	容祖儿.2006-TEN.MOST.WANTED（加歌版）【英皇娱乐】【WAV+CUE】
https://blog.sina.com.cn/s/blog_6943970c0102zmuf.html	高胜美.1991-望夫崖【上格】【WAV+CUE】
https://blog.sina.com.cn/s/blog_6943970c0102zmue.html	曹格.2008-SUPER.SUNSHINE【汎亚龙族音乐】【WAV+CUE】
https://blog.sina.com.cn/s/blog_6943970c0102zmud.html	群星.1992-华纳15周年金钻群星演唱会2CD【华纳】【WAV+CUE】
https://blog.sina.com.cn/s/blog_6943970c0102zmuc.html	谢采妘.1999-旧情绵绵2CD【南方】【WAV+CUE】
https://blog.sina.com.cn/s/blog_6943970c0102zmub.html	群星.2005-男人魅【TVB.MUSIC】【WAV+CUE】
https://blog.sina.com.cn/s/blog_6943970c0102zmua.html	萧福德.1995-春秋大梦【飞碟】【WAV+CUE】
https://blog.sina.com.cn/s/blog_6943970c0102zmu9.html	苏慧伦.1996-LEMON.TREE【滚石】【WAV+CUE】
https://blog.sina.com.cn/s/blog_6943970c0102zmu8.html	颜人中.2022-查无此人【中视鸣达】【FLAC分轨】
https://blog.sina.com.cn/s/blog_6943970c0102zmu7.html	林峰.2009-峯·情无限演唱会2CD【英皇娱乐】【WAV+CUE】
https://blog.sina.com.cn/s/blog_6943970c0102zmu6.html	潘辰.2012-潘辰同名专辑（精装版）【星外星】【FLAC分轨】
https://blog.sina.com.cn/s/blog_6943970c0102zmu5.html	蔡荣祖.1990-连梦也没有【滚石】【WAV+CUE】
https://blog.sina.com.cn/s/blog_6943970c0102zmu4.html	余文乐.2002-PRIVATE.ROOM（EP）【环球】【WAV+CUE】
https://blog.sina.com.cn/s/blog_6943970c0102zmu3.html	王诗安.2024-BAD（EP）【SONY】【FLAC分轨】
https://blog.sina.com.cn/s/blog_6943970c0102zmu1.html	林奕匡.2020-FindingCharlie[【SONY】【WAV+CUE】
https://blog.sina.com.cn/s/blog_6943970c0102zmu0.html	江美琪.2002-再一次也好【维京】【WAV+CUE】
https://blog.sina.com.cn/s/blog_6943970c0102zmtz.html	黎明.1997-THE.WORLD.OF.LEON.LAI【宝丽金】【WAV+CUE】
https://blog.sina.com.cn/s/blog_6943970c0102zmty.html	伍思凯.1996-你爱谁【点将】【WAV+CUE】
https://blog.sina.com.cn/s/blog_6943970c0102zmtx.html	陈升.2000-思念人之屋2CD【滚石】【WAV+CUE】
https://blog.sina.com.cn/s/blog_6943970c0102zmtw.html	辛晓琪.1999-怎么【滚石】【WAV+CUE】
https://blog.sina.com.cn/s/blog_6943970c0102zmtv.html	王威翔.2008-威风凛凛6CD【音乐谷】【WAV+CUE】
https://blog.sina.com.cn/s/blog_6943970c0102zmtu.html	江美丽.1992-红颜心事【金圆唱片】【FLAC+CUE】
https://blog.sina.com.cn/s/blog_6943970c0102zmtt.html	谢宜君.2014-坚强的女人【豪记】【WAV+CUE】
https://blog.sina.com.cn/s/blog_6943970c0102zmts.html	林保怡.1989-NATURAL【BMG】【WAV+CUE】
https://blog.sina.com.cn/s/blog_6943970c0102zmtr.html	希林娜依·高.2024-透过墨镜直视太阳（EP）【红点星文化】【FLAC分…
https://blog.sina.com.cn/s/blog_6943970c0102zmtq.html	叶明德.1978-深情【海山】【FLAC分轨】
https://blog.sina.com.cn/s/blog_6943970c0102zmtp.html	童安格.1994-歌曲精选5CD【宝丽金】【WAV+CUE】
https://blog.sina.com.cn/s/blog_6943970c0102zmto.html	群星.2024-不完全自救手册【基本节奏】【FLAC分轨】
https://blog.sina.com.cn/s/blog_6943970c0102zmtn.html	林忆莲.1996-I.SWEAR爱是唯一【滚石】【WAV+CUE】
https://blog.sina.com.cn/s/blog_6943970c0102zmtm.html	陶莉萍.2000-好想再听一遍【福茂】【WAV+CUE】
https://blog.sina.com.cn/s/blog_6943970c0102zmtl.html	青蛙乐队.2002-THEFROGS【麒麟童】【WAV+CUE】
https://blog.sina.com.cn/s/blog_6943970c0102zmtk.html	群星.1991-瑞华金曲精绚精华汇聚2辑【瑞华】【WAV+CUE】
https://blog.sina.com.cn/s/blog_6943970c0102zmtj.html	张柏芝.2001-最新形象【环球】【WAV+CUE】
https://blog.sina.com.cn/s/blog_6943970c0102zmti.html	张秀卿.1995-青春【宝丽金】【WAV+CUE】
https://blog.sina.com.cn/s/blog_6943970c0102zmth.html	群星.1989-彩色的年纪-第六届大学城纪念专辑【飞碟】【WAV+CUE】
https://blog.sina.com.cn/s/blog_6943970c0102zmtg.html	薛凯琪.2006-ElectricAngel（特别加歌版）【华纳】【WAV+CUE】
https://blog.sina.com.cn/s/blog_6943970c0102zmtf.html	刘亦菲.2006-ALLMYWORDS（日版）【WAV+CUE】
https://blog.sina.com.cn/s/blog_6943970c0102zmte.html	黄莺莺.2011-时空寄情精选3CD【环球】【WAV+CUE】
https://blog.sina.com.cn/s/blog_6943970c0102zmtd.html	林鸿宇.2021-相爱的这种本能（EP）【华纳】【FLAC分轨】
https://blog.sina.com.cn/s/blog_6943970c0102zmtc.html	陈良泉.1999-永恒的怀念2CD【温拿唱片】【WAV+CUE】
https://blog.sina.com.cn/s/blog_6943970c0102zmtb.html	群星.2024-哈尔滨一九四四电视原声带【韶愔】【FLAC分轨】
https://blog.sina.com.cn/s/blog_6943970c0102zmta.html	区瑞强.1990-风声雨声至爱抒情集90【银星】【WAV+CUE】
https://blog.sina.com.cn/s/blog_6943970c0102zmt9.html	卢巧音.2003-花言·巧语【SONY】【WAV+CUE】
https://blog.sina.com.cn/s/blog_6943970c0102zmt8.html	2个女生.1999-2人3角【EMI百代】【WAV+CUE】
https://blog.sina.com.cn/s/blog_6943970c0102zmt7.html	华晨宇.2015-异类【天娱传媒】【WAV+CUE】
https://blog.sina.com.cn/s/blog_6943970c0102zmt6.html	美宝.2013-从目的地出发【金牌大风】【WAV+CUE】
https://blog.sina.com.cn/s/blog_6943970c0102zmt5.html	群星.1999-唱好香港【STAREAST】【WAV+CUE】
https://blog.sina.com.cn/s/blog_6943970c0102zmt4.html	郑智化.1995-游戏人间【飞碟】【WAV+CUE】
https://blog.sina.com.cn/s/blog_6943970c0102zmt3.html	张小英.1998-1990-长青恋曲2辑4CD【南方】【WAV+CUE】
https://blog.sina.com.cn/s/blog_6943970c0102zmt2.html	陈雪凝.2018-拾陆【FLAC分轨】
https://blog.sina.com.cn/s/blog_6943970c0102zmt1.html	群星.1995-离家·回家【中唱】【WAV+CUE】
https://blog.sina.com.cn/s/blog_6943970c0102zmt0.html	余佳运.2024-YU【FLAC分轨】
https://blog.sina.com.cn/s/blog_6943970c0102zmsz.html	林姗.2010-伴你过一生【豪记】【WAV+CUE】
https://blog.sina.com.cn/s/blog_6943970c0102zmsy.html	群星.1990-华纳怀念金曲【华纳】【WAV+CUE】
https://blog.sina.com.cn/s/blog_6943970c0102zmsx.html	崔苔菁.1975-翦翦风（电影原声带）（2015年复黑版）【大联机构】【…
https://blog.sina.com.cn/s/blog_6943970c0102zmsw.html	李宇春.2023-周末愉快【黄色石头】【FLAC分轨】
https://blog.sina.com.cn/s/blog_6943970c0102zmsv.html	孙悦.2003-她和她们【天中文化】【WAV+CUE】
https://blog.sina.com.cn/s/blog_6943970c0102zmsu.html	群星.2003-LOVE情歌集【正东】【WAV+CUE】
https://blog.sina.com.cn/s/blog_6943970c0102zmst.html	梁汉文.1998-星火【华星】【WAV+CUE】
https://blog.sina.com.cn/s/blog_6943970c0102zmss.html	群星.2012-赵季平创作歌曲精选4CD【上海音乐出版社】【WAV+CUE】
https://blog.sina.com.cn/s/blog_6943970c0102zmsr.html	陈震.1994-不要让我再爱你再想你【蓝与白】【WAV+CUE】
https://blog.sina.com.cn/s/blog_6943970c0102zmsq.html	群星.1989-宝丽金浪漫舞曲超白金【宝丽金】【WAV+CUE】
https://blog.sina.com.cn/s/blog_6943970c0102zmsp.html	吴倩莲.1996-回家【EMI百代】【WAV+CUE】
https://blog.sina.com.cn/s/blog_6943970c0102zmso.html	陈琳.1994-请别再说爱我（TP版）【国际文化】【WAV+CUE】
https://blog.sina.com.cn/s/blog_6943970c0102zmsn.html	施文彬.2008-苦酒恋歌【华特】【WAV+CUE】
https://blog.sina.com.cn/s/blog_6943970c0102zmsm.html	特污兔.2024-填空题【FLAC分轨】
https://blog.sina.com.cn/s/blog_6943970c0102zmsl.html	朱敏.1991-你已没有了选择【快乐唱片】【WAV+CUE】
https://blog.sina.com.cn/s/blog_6943970c0102zmsk.html	五条人.2021-昨夜我又梦见自己去流浪（LIVE专辑）【摩登天空】【WA…
https://blog.sina.com.cn/s/blog_6943970c0102zmsj.html	关德辉.1995-无怨无尤【飞碟】【WAV+CUE】
https://blog.sina.com.cn/s/blog_6943970c0102zmsi.html	伍思凯.1999-怎么做朋友【点将】【WAV+CUE】
https://blog.sina.com.cn/s/blog_6943970c0102zmsh.html	杨润泽.2024-于是我抱住一棵树【FLAC分轨】
https://blog.sina.com.cn/s/blog_6943970c0102zmsg.html	群星.2007-FOREVER.LOVE.2CD【SONY】【WAV+CUE】
https://blog.sina.com.cn/s/blog_6943970c0102zmsf.html	陈柏全.1996-陪你狂乱【EMI百代】【FLAC分轨】
https://blog.sina.com.cn/s/blog_6943970c0102zmse.html	张清芳.1994-张清芳十年精选2CD【点将】【WAV+CUE】
https://blog.sina.com.cn/s/blog_6943970c0102zmsd.html	群星.1989-电视墙1+2【飞碟】【WAV+CUE】
https://blog.sina.com.cn/s/blog_6943970c0102zmsc.html	张秀卿.2015-那么爱你【豪记】【WAV+CUE】
https://blog.sina.com.cn/s/blog_6943970c0102zmsb.html	王宏伟.2006-黑眼睛【天凡之音】【WAV+CUE】
https://blog.sina.com.cn/s/blog_6943970c0102zmsa.html	徐佳莹.2022-给Gei【亚神音乐】【WAV+CUE】
https://blog.sina.com.cn/s/blog_6943970c0102zms9.html	蛋堡.2010-月光【亚神】【WAV分轨】
https://blog.sina.com.cn/s/blog_6943970c0102zms8.html	梁咏琪.1999-好时辰【EEI】【WAV+CUE】
https://blog.sina.com.cn/s/blog_6943970c0102zms7.html	甄楚倩.1993-爱·偷偷想你（国）【波丽佳音】【WAV+CUE】
https://blog.sina.com.cn/s/blog_6943970c0102zms5.html	方志耀.1992-给我一点你的爱【飞碟】【WAV+CUE】
https://blog.sina.com.cn/s/blog_6943970c0102zms4.html	林俊杰.2020-幸存者（EP）【华纳】【WAV+CUE】
https://blog.sina.com.cn/s/blog_6943970c0102zms3.html	许巍.2018-无人知晓（EP）【地球娱乐】【WAV+CUE】
https://blog.sina.com.cn/s/blog_6943970c0102zms2.html	张惠妹.2003-勇敢【华纳】【WAV+CUE】
https://blog.sina.com.cn/s/blog_6943970c0102zms1.html	古巨基.2000-叱咤万人帮胜利誓师音乐会【BMG】【WAV+CUE】
https://blog.sina.com.cn/s/blog_6943970c0102zms0.html	群星.2024-完全省钱恋爱手册原创剧集原声带【华纳】【FLAC分轨】
https://blog.sina.com.cn/s/blog_6943970c0102zmrz.html	蔡小虎.2008-出卖【豪记】【WAV+CUE】
https://blog.sina.com.cn/s/blog_6943970c0102zmry.html	群星.2007-被遗忘的时光2辑4CD【华纳】【WAV+CUE】
https://blog.sina.com.cn/s/blog_6943970c0102zmrx.html	MC.Hot.Dog.2001-犬【魔岩】【WAV+CUE】
https://blog.sina.com.cn/s/blog_6943970c0102zmrw.html	杨乃文.2001-应该【魔岩】【WAV+CUE】
https://blog.sina.com.cn/s/blog_6943970c0102zmrv.html	洪卓立.2014-TIMING【英皇娱乐】【WAV+CUE】
https://blog.sina.com.cn/s/blog_6943970c0102zmru.html	Juice.Boy.2023-JUICE(Explicit)【华纳】【FLAC分轨】
https://blog.sina.com.cn/s/blog_6943970c0102zmrt.html	方伊琪.1990-国语经典怀想曲·无言的结局【ALS】【WAV+CUE】
https://blog.sina.com.cn/s/blog_6943970c0102zmrs.html	张清芳.1996-无人熟识【点将】【WAV+CUE】
https://blog.sina.com.cn/s/blog_6943970c0102zmrr.html	何宝生何咏琳.1992-男女之间【宝艺星】【WAV+CUE】
https://blog.sina.com.cn/s/blog_6943970c0102zms0.html	群星.2024-完全省钱恋爱手册原创剧集原声带【华纳】【FLAC分轨】
https://blog.sina.com.cn/s/blog_6943970c0102zmrz.html	蔡小虎.2008-出卖【豪记】【WAV+CUE】
https://blog.sina.com.cn/s/blog_6943970c0102zmry.html	群星.2007-被遗忘的时光2辑4CD【华纳】【WAV+CUE】
https://blog.sina.com.cn/s/blog_6943970c0102zmrx.html	MC.Hot.Dog.2001-犬【魔岩】【WAV+CUE】
https://blog.sina.com.cn/s/blog_6943970c0102zmrw.html	杨乃文.2001-应该【魔岩】【WAV+CUE】
https://blog.sina.com.cn/s/blog_6943970c0102zmrv.html	洪卓立.2014-TIMING【英皇娱乐】【WAV+CUE】
https://blog.sina.com.cn/s/blog_6943970c0102zmru.html	Juice.Boy.2023-JUICE(Explicit)【华纳】【FLAC分轨】
https://blog.sina.com.cn/s/blog_6943970c0102zmrt.html	方伊琪.1990-国语经典怀想曲·无言的结局【ALS】【WAV+CUE】
https://blog.sina.com.cn/s/blog_6943970c0102zmrs.html	张清芳.1996-无人熟识【点将】【WAV+CUE】
https://blog.sina.com.cn/s/blog_6943970c0102zmrr.html	何宝生何咏琳.1992-男女之间【宝艺星】【WAV+CUE】
https://blog.sina.com.cn/s/blog_6943970c0102zmrg.html	王中平.2006-平凡的幸福【麻辣唱片】【WAV+CUE】
https://blog.sina.com.cn/s/blog_6943970c0102zmrf.html	孙王力.2024-灵魂提问【环球】【FLAC分轨】
https://blog.sina.com.cn/s/blog_6943970c0102zmre.html	张碧晨.2021-时【少城时代】【FLAC分轨】
https://blog.sina.com.cn/s/blog_6943970c0102zmrd.html	群星.1999-98滚石年度最卖座主打歌刷新全纪录·新台湾爱人【滚石】…
https://blog.sina.com.cn/s/blog_6943970c0102zmrc.html	群星.1999-98滚石年度最卖座主打歌刷新全纪录·新台湾女人【滚石】…
https://blog.sina.com.cn/s/blog_6943970c0102zmrb.html	群星.1999-98滚石年度最卖座主打歌刷新全纪录·新台湾男人【滚石】…
https://blog.sina.com.cn/s/blog_6943970c0102zmra.html	张智成.2019-你是不是张智成【海蝶音乐】【FLAC分轨】
https://blog.sina.com.cn/s/blog_6943970c0102zmr9.html	群星.1993-宝丽金美少女宣言6CD【宝丽金】【WAV+CUE】
https://blog.sina.com.cn/s/blog_6943970c0102zmr8.html	黄格选.1993-伤心事一种说不出的痛【先科娱乐】【WAV+CUE】
https://blog.sina.com.cn/s/blog_6943970c0102zmr7.html	农夫.2023-农夫散文集【乐腾】【FLAC分轨】
https://blog.sina.com.cn/s/blog_6943970c0102zmr6.html	群星.2010-我的舞台·2010快乐男声【天娱传媒】【WAV+CUE】
https://blog.sina.com.cn/s/blog_6943970c0102zmr5.html	关淑怡.1991-恋一世的爱【宝丽金】【WAV+CUE】
https://blog.sina.com.cn/s/blog_6943970c0102zmr4.html	张心柔.2012-吟游诗人【禾广娱乐】【FLAC分轨】
https://blog.sina.com.cn/s/blog_6943970c0102zmr3.html	群星.1989-1991-华纳金曲国语原装13首2辑【华纳】【WAV+CUE】
https://blog.sina.com.cn/s/blog_6943970c0102zmr2.html	陈亚兰.1997-若是听人讲【点将】【WAV+CUE】
https://blog.sina.com.cn/s/blog_6943970c0102zmr1.html	陈永龙.2012-海岸线【野火乐集】【WAV+CUE】
https://blog.sina.com.cn/s/blog_6943970c0102zmqz.html	元若蓝.2006-爱无限大【滚石】【WAV+CUE】
https://blog.sina.com.cn/s/blog_6943970c0102zmqy.html	潘越云李丽芬吴楚楚.1981-三人展(滚石民歌巨星系列)【滚石】【WAV+…
https://blog.sina.com.cn/s/blog_6943970c0102zmqx.html	2个女生.2000-坚固友情精选辑【EMI百代】【WAV+CUE】
https://blog.sina.com.cn/s/blog_6943970c0102zmqw.html	白嘉莉.2021-精选集【海山】【WAV+CUE】
https://blog.sina.com.cn/s/blog_6943970c0102zmqv.html	羽泉.2005-三十【华谊兄弟】【WAV+CUE】
https://blog.sina.com.cn/s/blog_6943970c0102zmqu.html	林志颖.1992-为什么受伤的总是我【飞碟】【WAV+CUE】
https://blog.sina.com.cn/s/blog_6943970c0102zmqt.html	群星.2016-滚石爱情故事3CD【滚石】【WAV+CUE】
https://blog.sina.com.cn/s/blog_6943970c0102zmqs.html	刘美君.1991-听我细诉【BMG】【WAV+CUE】
https://blog.sina.com.cn/s/blog_6943970c0102zmqr.html	李雨寰.2012-我可是天使【有凰音乐】【WAV+CUE】
https://blog.sina.com.cn/s/blog_6943970c0102zmqq.html	杨祖珺.1979-杨祖珺专辑（滚石新格民歌系列11）【滚石】【WAV+CUE…
https://blog.sina.com.cn/s/blog_6943970c0102zmqp.html	许东晴.2022-Chapter0【FLAC分轨】
https://blog.sina.com.cn/s/blog_6943970c0102zmqo.html	群星.2013-摩登天空15年摇滚之路2CD【摩登天空】【WAV+CUE】
https://blog.sina.com.cn/s/blog_6943970c0102zmqn.html	萧敬腾.2011-狂想曲2CD【华纳】【WAV+CUE】
https://blog.sina.com.cn/s/blog_6943970c0102zmqm.html	蓝心湄.1999-心湄看新湄【SONY】【WAV+CUE】
https://blog.sina.com.cn/s/blog_6943970c0102zmql.html	郑秀文许志安.1997-两情相悦MADEINHEAVEN【华星】【WAV+CUE】
https://blog.sina.com.cn/s/blog_6943970c0102zmqk.html	林佳蓉＆许淑絹.1985-春天帶來新希望（滚石新格民歌系列32）【新格…
https://blog.sina.com.cn/s/blog_6943970c0102zmqj.html	二手玫瑰.2010-人人有颗主唱的心【糖衣文化】【WAV+CUE】
https://blog.sina.com.cn/s/blog_6943970c0102zmqi.html	彭莉.1995-感谢你的爱【宝丽金】【WAV+CUE】
https://blog.sina.com.cn/s/blog_6943970c0102zmqh.html	李克勤.1998-寻最这五年2CD【艺能动音】【WAV+CUE】
https://blog.sina.com.cn/s/blog_6943970c0102zmqg.html	群星.2006-失而复得2辑【新艺宝】【WAV+CUE】
https://blog.sina.com.cn/s/blog_6943970c0102zmqf.html	赵一豪.1996-直接爱恨【友善的狗】【WAV+CUE】
https://blog.sina.com.cn/s/blog_6943970c0102zmqe.html	任家萱.2011-重作一个梦（EP）【华研】【WAV+CUE】
https://blog.sina.com.cn/s/blog_6943970c0102zmqd.html	许佳琪.2024-4.Letters.Long(坠)【丝芭文化】【FLAC分轨】
https://blog.sina.com.cn/s/blog_6943970c0102zmqc.html	群星.1997-华星廿五周年精选系列·四大女后18首【华星】【WAV+CUE】…
https://blog.sina.com.cn/s/blog_6943970c0102zmqb.html	SupperMoment2010-旅程【东亚唱片】【FLAC分轨】
https://blog.sina.com.cn/s/blog_6943970c0102zmqa.html	与非门.2010-10乐园【中唱】【WAV+CUE】
https://blog.sina.com.cn/s/blog_6943970c0102zmq9.html	陈蕾.2024-念【华纳】【FLAC分轨】
https://blog.sina.com.cn/s/blog_6943970c0102zmq8.html	麦田守望者.1997-麦田守望者【红星生产社】【WAV+CUE】
https://blog.sina.com.cn/s/blog_6943970c0102zmq7.html	群星.1990-宝丽金巨星荟萃（引进版）【宝丽金】【WAV+CUE】
https://blog.sina.com.cn/s/blog_6943970c0102zmq6.html	陈明韶.1978-伞下的世界（滚石新格民歌系列15）【滚石】【WAV+CUE…
https://blog.sina.com.cn/s/blog_6943970c0102zmq5.html	江梦蕾.1997-爱的旋律·成名经典（巨星珍藏系列）【丽风】【WAV+CUE…
https://blog.sina.com.cn/s/blog_6943970c0102zmq4.html	草蜢.1998-快慢精选30首2CD【宝丽金】【WAV+CUE】
https://blog.sina.com.cn/s/blog_6943970c0102zmq3.html	常宽.1994-宽【华星】【WAV+CUE】
https://blog.sina.com.cn/s/blog_6943970c0102zmq2.html	翁立友.2010-男性的坚持经典集【豪记】【WAV+CUE】
https://blog.sina.com.cn/s/blog_6943970c0102zmq1.html	群星.1993-宝丽金真的爱你3CD【宝丽金】【WAV+CUE】
https://blog.sina.com.cn/s/blog_6943970c0102zmq0.html	丁欣睿.2023-宜享受太阳雨【StreetVoice】【FLAC分轨】
https://blog.sina.com.cn/s/blog_6943970c0102zmpz.html	吳雨霏.2015-霏凡精选2CD【金牌大风】【WAV+CUE】
https://blog.sina.com.cn/s/blog_6943970c0102zmpy.html	王永.1997-十二道金牌【鸿心工作室】【WAV+CUE】
https://blog.sina.com.cn/s/blog_6943970c0102zmpx.html	叶凡.2007-相思【中唱】【WAV+CUE】
https://blog.sina.com.cn/s/blog_6943970c0102zmpw.html	邰正宵.2024-重燃爱恋.贰Walk.On【福茂】【FLAC分轨】
https://blog.sina.com.cn/s/blog_6943970c0102zmpv.html	群星.2013-极品对唱篇LPCD45【环球】【WAV+CUE】
https://blog.sina.com.cn/s/blog_6943970c0102zmpu.html	王馨平.2014-TRULY（翻唱辑）【Luvlee】【WAV+CUE】
https://blog.sina.com.cn/s/blog_6943970c0102zmpt.html	许慧欣.2009-爱极限【上华】【WAV+CUE】
https://blog.sina.com.cn/s/blog_6943970c0102zmps.html	徐丽.2012-微光徐徐【后裔音乐】【WAV+CUE】
https://blog.sina.com.cn/s/blog_6943970c0102zmpr.html	韩宝仪.2003-柔情恋歌精典2CD【南方】【WAV+CUE】
https://blog.sina.com.cn/s/blog_6943970c0102zmpq.html	李健.2005-为你而来【泰达】【WAV+CUE】
https://blog.sina.com.cn/s/blog_6943970c0102zmpp.html	彭正.2024-十年【福茂】【FLAC分轨】
https://blog.sina.com.cn/s/blog_6943970c0102zmpo.html	群星.2010-80S百花齐唱6CD【华纳】【WAV+CUE】
https://blog.sina.com.cn/s/blog_6943970c0102zmpn.html	吴奇隆.2016-旅程【太阳动力】【WAV+CUE】
https://blog.sina.com.cn/s/blog_6943970c0102zmpm.html	陈冠希.2002-TRANSITION（国）【英皇娱乐】【WAV+CUE】
https://blog.sina.com.cn/s/blog_6943970c0102zmpl.html	钱昭颖.2022-KNOWING【环星】【WAV分轨】
https://blog.sina.com.cn/s/blog_6943970c0102zmpk.html	PUCK.2024-天蓝色的彼岸（EP）【派嗨拜浪】【FLAC分轨】
https://blog.sina.com.cn/s/blog_6943970c0102zmpj.html	雷安娜.1984-不再一样(2007年环球复黑版)【环球】【WAV+CUE】
https://blog.sina.com.cn/s/blog_6943970c0102zmpi.html	群星.2010-不了情101.4CD【丽风】【WAV+CUE】
https://blog.sina.com.cn/s/blog_6943970c0102zmph.html	法老.2022-退潮【派嗨拜浪】【FLAC分轨】
https://blog.sina.com.cn/s/blog_6943970c0102zmpg.html	彭健新.1979-一阙短歌（2008年环球复黑王）【宝丽金】【WAV+CUE】
https://blog.sina.com.cn/s/blog_6943970c0102zmpf.html	群星.1994-艺能MUSIC纷纷FUN【艺能动音】【WAV+CUE】
https://blog.sina.com.cn/s/blog_6943970c0102zmpe.html	郑亚弦.2024-苹果（EP）【发现梦想】【FLAC分轨】
https://blog.sina.com.cn/s/blog_6943970c0102zmpd.html	陈奕迅.2013-MUSIC.LIFE精选4CD【英皇娱乐】【WAV+CUE】
https://blog.sina.com.cn/s/blog_6943970c0102zmpc.html	万玲琳.2020-晚安,失眠的我（EP）【灵气音乐】【WAV分轨】
https://blog.sina.com.cn/s/blog_6943970c0102zmpb.html	品冠.2004-门没锁（引进版）【滚石】【WAV+CUE】
https://blog.sina.com.cn/s/blog_6943970c0102zmpa.html	叶启田.1992-唱新歌·演奏畅销金曲【吉马】【WAV+CUE】
https://blog.sina.com.cn/s/blog_6943970c0102zmp9.html	杨丽珍.1991-陪酒（2011黑胶雷射小碟王系列）【瑞华】【WAV+CUE】
https://blog.sina.com.cn/s/blog_6943970c0102zmp8.html	苏文劭.2020-雨停出来走走【FLAC分轨】
https://blog.sina.com.cn/s/blog_6943970c0102zmp7.html	陈艾湄.1994-改变【波丽嘉音】【WAV+CUE】
https://blog.sina.com.cn/s/blog_6943970c0102zmk3.html	群星.1993-开心跳不停【华纳】【WAV+CUE】
https://blog.sina.com.cn/s/blog_6943970c0102zmp6.html	群星.2013-宝丽金摘金宝典3CD【环球】【WAV+CUE】
https://blog.sina.com.cn/s/blog_6943970c0102zmp5.html	潘玮柏.2017-异类【阿尔发】【WAV+CUE】
https://blog.sina.com.cn/s/blog_6943970c0102zmp4.html	王韵婵.1995-禅说【现代派】【WAV+CUE】
https://blog.sina.com.cn/s/blog_6943970c0102zmp3.html	巫启贤.1998-巫启贤的咖啡鸟2CD【南方】【WAV+CUE】
https://blog.sina.com.cn/s/blog_6943970c0102zmp2.html	甄妮.1997-20年长情金曲2CD（南方金点系列）【南方】【WAV+CU
https://blog.sina.com.cn/s/blog_6943970c0102zmp1.html	群星.1997-97滚石年度最卖座主打歌刷新全纪录·男女歌合战【滚石】…
https://blog.sina.com.cn/s/blog_6943970c0102zmp0.html	窦佳嫄.2024-DCHO【黑籁音乐】【FLAC分轨】
https://blog.sina.com.cn/s/blog_6943970c0102zmoz.html	冯玮君.2003-Joanna【BMG】【WAV+CUE】
https://blog.sina.com.cn/s/blog_6943970c0102zmoy.html	黄克林.1992-少年甭捉狂【龙吟唱片】【WAV+CUE】
https://blog.sina.com.cn/s/blog_6943970c0102zmox.html	群星.2024-承欢记电视剧影视原声带【华策音乐】【F;AC分轨】
https://blog.sina.com.cn/s/blog_6943970c0102zmow.html	黄翠珊.2010-Step.Into.My.Dreams步入我的梦想【极光唱片】【WAV+C…
https://blog.sina.com.cn/s/blog_6943970c0102zmov.html	腾格尔.2002-梦随风飘（引进版）【EMI百代】【WAV+CUE】
https://blog.sina.com.cn/s/blog_6943970c0102zmou.html	石凯.2024-数星一整夜（EP）【宇宙星船】【FLAC分轨】
https://blog.sina.com.cn/s/blog_6943970c0102zmot.html	杨采妮.1997-离别之前新曲+精选（告别专辑）【EMI百代】【WAV+CUE…
https://blog.sina.com.cn/s/blog_6943970c0102zmos.html	李国祥.2011-循环再唱（K2HD限量版）【新世纪】【WAV+CUE】
https://blog.sina.com.cn/s/blog_6943970c0102zmor.html	群星.2024-惜花芷影视原声带【D-JINMUSIC】【FLAC分轨】
https://blog.sina.com.cn/s/blog_6943970c0102zmoq.html	张敬轩.2014-MORPH【英皇娱乐】【WAV+CUE】
https://blog.sina.com.cn/s/blog_6943970c0102zmop.html	星星·月亮·太阳.1988-我有自己的路要走【飞碟】【WAV+CUE】
https://blog.sina.com.cn/s/blog_6943970c0102zmoo.html	徐凤仪.2024-在角落唱着歌【有凤来仪】【FLAC分轨】
https://blog.sina.com.cn/s/blog_6943970c0102zmon.html	群星.1989-新艺宝金曲金碟4CD【新艺宝】【WAV+CUE】
https://blog.sina.com.cn/s/blog_6943970c0102zmom.html	徐小凤.1981-新曲与精选1+2【SONY】【WAV+CUE】
https://blog.sina.com.cn/s/blog_6943970c0102zmol.html	王俪婷.2013-等等【华研国际】【WAV+CUE】
https://blog.sina.com.cn/s/blog_6943970c0102zmok.html	西卿.1997-西北风（布袋戏精选）【金瓜石】【WAV+CUE】
https://blog.sina.com.cn/s/blog_6943970c0102zmoj.html	林子祥.2016-最爱40周年MY.BELOVED.4CD【华纳】【WAV+CUE】
https://blog.sina.com.cn/s/blog_6943970c0102zmoi.html	徐若瑄.2024-先听我说完Its.My.Turn【SONY】【FLAC分轨】
https://blog.sina.com.cn/s/blog_6943970c0102zmoh.html	向蕙玲.2016-女人心事【豪记】【WAV+CUE】
https://blog.sina.com.cn/s/blog_6943970c0102zmog.html	庄达菲.2024-东张西望（EP）【创娱无界】【FLAC分轨】
https://blog.sina.com.cn/s/blog_6943970c0102zmof.html	群星.2024-叶振棠80【环星】【FLAC分轨】
https://blog.sina.com.cn/s/blog_6943970c0102zmoe.html	方大同.2007-爱爱爱音乐会THISLOVELIVE2007【华纳】【WAV+CUE】
https://blog.sina.com.cn/s/blog_6943970c0102zmod.html	张靓颖.2009-@音乐【华谊兄弟】【WAV+CUE】
https://blog.sina.com.cn/s/blog_6943970c0102zmoc.html	群星.2006-意难忘3CD【南方】【WAV+CUE】
https://blog.sina.com.cn/s/blog_6943970c0102zmob.html	杨宗纬.2008-鸽子【华纳】【WAV+CUE】
https://blog.sina.com.cn/s/blog_6943970c0102zmoa.html	陈芯怡.2023-漫行日志【鼎乐】【FLAC分轨】
https://blog.sina.com.cn/s/blog_6943970c0102zmo9.html	翁立友.2011-梦世间经典集【豪记】【WAV+CUE】
https://blog.sina.com.cn/s/blog_6943970c0102zmo8.html	达达乐队.2000-天使【华纳】【WAV+CUE】
https://blog.sina.com.cn/s/blog_6943970c0102zmo7.html	赵钶.2024-银河写手（EP）【泊柏宇希】【FLAC分轨】
https://blog.sina.com.cn/s/blog_6943970c0102zmo6.html	费玉清.2003-为何你爱着别人【南方】【WAV+CUE】
https://blog.sina.com.cn/s/blog_6943970c0102zmo5.html	家家.2016-还是想念【相信音乐】【WAV+CUE】
https://blog.sina.com.cn/s/blog_6943970c0102zmo4.html	陈慧娴.2014-BACKTOPRISCILLA三十3CD【环球】【WAV+CUE】
https://blog.sina.com.cn/s/blog_6943970c0102zmo3.html	唐晓诗.1988-上了你瘾【滚石】【WAV+CUE】
https://blog.sina.com.cn/s/blog_6943970c0102zmo2.html	区瑞强.2013-友缘再相聚·2辑【中唱】【WAV+CUE】
https://blog.sina.com.cn/s/blog_6943970c0102zmo1.html	胡汀洋.2024-Op.1【凤凰鸣众文化】【FLAC分轨】
https://blog.sina.com.cn/s/blog_6943970c0102zmo0.html	任贤齐.2000-为爱走天涯2CD【滚石】【WAV+CUE】
https://blog.sina.com.cn/s/blog_6943970c0102zmnz.html	群星.1997-订做一个天堂·BMG10周年纪念（引进版）【BMG】【WAV+CUE…
https://blog.sina.com.cn/s/blog_6943970c0102zmny.html	吴淑敏.1999-心肝亲像铁【华特】【WAV+CUE】
https://blog.sina.com.cn/s/blog_6943970c0102zmnx.html	棉花糖.2010-再见王子【亚神】【FLAC分轨】
https://blog.sina.com.cn/s/blog_6943970c0102zmnw.html	黄莺莺.1983-几朝风雨（2014环球复刻版）【宝丽金】【WAV+CUE】
https://blog.sina.com.cn/s/blog_6943970c0102zmnv.html	群星.2023-长风渡影视原声带【韶愔音乐】【FLAC分轨】
https://blog.sina.com.cn/s/blog_6943970c0102zmnu.html	萧亚轩.2014-不解释亲吻【SONY】【WAV+CUE】
https://blog.sina.com.cn/s/blog_6943970c0102zmnt.html	梦剧院.1998-十年十美·十周年新曲+精丫乐意唱片】【WAV+CUE】
https://blog.sina.com.cn/s/blog_6943970c0102zmnr.html	群星.1995-为全世界歌唱【宝丽金】【WAV+CUE】
https://blog.sina.com.cn/s/blog_6943970c0102zmnq.html	周柏豪.2011-本体分裂（EP）【华纳】【WAV+CUE】
https://blog.sina.com.cn/s/blog_6943970c0102zmnp.html	詹雅雯.2003-想厝的人【大信唱片】【WAV+CUE】
https://blog.sina.com.cn/s/blog_6943970c0102zmno.html	王菲.2009-阿菲正传3CD【新艺宝】【WAV+CUE】
https://blog.sina.com.cn/s/blog_6943970c0102zmnn.html	张德兰.2012-重遇【新世纪】【WAV+CUE】
https://blog.sina.com.cn/s/blog_6943970c0102zmnm.html	叶世荣.2015-引以为荣EP【达意美施】【WAV+CUE】
https://blog.sina.com.cn/s/blog_6943970c0102zmnl.html	群星.2008-爱上合唱80s-90s黄金年代2CD【华纳】【WAV+CUE】
https://blog.sina.com.cn/s/blog_6943970c0102zmnk.html	李健.2006-什刹海【泰达】【WAV+CUE】
https://blog.sina.com.cn/s/blog_6943970c0102zmnj.html	郑融.2006-HONEY【正东】【WAV+CUE】
https://blog.sina.com.cn/s/blog_6943970c0102zmni.html	李雨.2024-愚人谷及其寓言的往来【大象无形】【FLAC分轨】
https://blog.sina.com.cn/s/blog_6943970c0102zmng.html	黄小玫.2024-Appreciation【FLAC分轨】
https://blog.sina.com.cn/s/blog_6943970c0102zmnf.html	萧正楠.2004-故事【大国文化】【WAV+CUE】
https://blog.sina.com.cn/s/blog_6943970c0102zmne.html	群星.2005-华纳至尊金曲1+2XRCD【华纳】【WAV+CUE】
https://blog.sina.com.cn/s/blog_6943970c0102zmnd.html	戚薇.2012-如果爱忘了（EP）【海蝶】【WAV+CUE】
https://blog.sina.com.cn/s/blog_6943970c0102zmnc.html	柳岩.2009-岩色EP【光线】【WAV+CUE】
https://blog.sina.com.cn/s/blog_6943970c0102zmnb.html	李嘉格.2018-奇妙地【梦想当然】【FLAC分轨】
https://blog.sina.com.cn/s/blog_6943970c0102zmna.html	万妮达.2021-云泥之别【摩登天空】【FLAC分轨】
https://blog.sina.com.cn/s/blog_6943970c0102zmn9.html	韩雪.2004-飘雪【新索】【WAV+CUE】
https://blog.sina.com.cn/s/blog_6943970c0102zmn8.html	蔡诗芸.2012-黑色彩虹【金信子】【WAV+CUE】
https://blog.sina.com.cn/s/blog_6943970c0102zmn7.html	尚雯婕.2007-关于我们【华谊兄弟】【FLAC分轨】
https://blog.sina.com.cn/s/blog_6943970c0102zmn6.html	萨顶顶.2010-天地合【环球】【WAV+CUE】
https://blog.sina.com.cn/s/blog_6943970c0102zmn5.html	何洁.2012-敢爱【华谊兄弟】【FLAC+CUE】
https://blog.sina.com.cn/s/blog_6943970c0102zmn4.html	谢金燕.2010-爱你辣【乾坤唱片】【WAV+CUE】
https://blog.sina.com.cn/s/blog_6943970c0102zmn3.html	苏有朋.1992-我只要你爱我【飞碟】【WAV+CUE】
https://blog.sina.com.cn/s/blog_6943970c0102zmn1.html	毛阿敏.2000-毛阿敏·精选集【中唱】【WAV+CUE】
https://blog.sina.com.cn/s/blog_6943970c0102zmn0.html	满文军.2002-我需要你【新索音乐】【WAV+CUE】
https://blog.sina.com.cn/s/blog_6943970c0102zmmz.html	钟汉良.1997-亲热【艺能动音】【WAV+CUE】
https://blog.sina.com.cn/s/blog_6943970c0102zmmy.html	任洁玲.1995-我们有没有爱过【飞碟】【WAV+CUE】
https://blog.sina.com.cn/s/blog_6943970c0102zmmx.html	胡鸿钧.2023-我们在结束时开始新曲+精丫TVB.MUSIC】【WAV+CUE】
https://blog.sina.com.cn/s/blog_6943970c0102zmmw.html	群星.1998-琼瑶98年度主题曲精选大碟【上华】【WAV+CUE】
https://blog.sina.com.cn/s/blog_6943970c0102zmmv.html	云朵.2011-云朵【啊呀啦嗦】【WAV+CUE】
https://blog.sina.com.cn/s/blog_6943970c0102zmmu.html	梦剧院.1988-飘去夏天（2018三十周年纪念版）【乐意唱片】【WAV+CU…
https://blog.sina.com.cn/s/blog_6943970c0102zmmt.html	张美玲.1998-世界第一等【南方】【WAV+CUE】
https://blog.sina.com.cn/s/blog_6943970c0102zmms.html	群星.2003-追忆林振强3CD【华纳】【WAV+CUE】
https://blog.sina.com.cn/s/blog_6943970c0102zmmr.html	郭富城.2000-无忌VS未来（EP）【华纳】【WAV+CUE】
https://blog.sina.com.cn/s/blog_6943970c0102zmmq.html	陈婧霏.2024-春色（EP）【有此山文化】【FLAC分轨】
https://blog.sina.com.cn/s/blog_6943970c0102zmmp.html	罗美玲.2005-生日领悟（EP）【华研国际】【WAV+CUE】
https://blog.sina.com.cn/s/blog_6943970c0102zmmo.html	汤兰花.2000-一代佳人(环球唱片金曲系列风华再现)【WAV+CUE】
https://blog.sina.com.cn/s/blog_6943970c0102zmmn.html	卫诗.2006-HitMe【东亚】【WAV+CUE】
https://blog.sina.com.cn/s/blog_6943970c0102zmmm.html	群星.1996-强调精选集16巨星·16金曲【EMI百代】【WAV+CUE】
https://blog.sina.com.cn/s/blog_6943970c0102zmml.html	李浩宇.2020-清醒梦（EP）【太合红星】【FLAC分轨】
https://blog.sina.com.cn/s/blog_6943970c0102zmmk.html	景黛音.1982-此夜心情·少女情怀（LP版）【永恒】【WAV分轨】
https://blog.sina.com.cn/s/blog_6943970c0102zmmj.html	张洪量.1996-歌声真洪量【宝丽金】【WAV+CUE】
https://blog.sina.com.cn/s/blog_6943970c0102zmmi.html	伍思凯.2009-小伍，歌·故事的第一行【丰华】【WAV+CUE】
https://blog.sina.com.cn/s/blog_6943970c0102zmmh.html	慕钰华.1991-情路·同心船【福将唱片】【WAV+CUE】
https://blog.sina.com.cn/s/blog_6943970c0102zmmg.html	林家谦.2022-MEMENTO（EP）【WAV+CUE】
https://blog.sina.com.cn/s/blog_6943970c0102zmmf.html	陈咏桐.2024-吸引之力【地球娱乐】【FLAC分轨】
https://blog.sina.com.cn/s/blog_6943970c0102zmme.html	吴俊宏.2013-三吋心【豪记】【WAV+CUE】
https://blog.sina.com.cn/s/blog_6943970c0102zmmd.html	王韵婵.1993-明天【飞碟】【WAV+CUE】
https://blog.sina.com.cn/s/blog_6943970c0102zmmc.html	康乔.1991-精丫丽风】【WAV+CUE】
https://blog.sina.com.cn/s/blog_6943970c0102zmmb.html	刘珺儿.2004-靓人靓歌5CD【音乐谷】【WAV+CUE】
https://blog.sina.com.cn/s/blog_6943970c0102zmma.html	王芷蕾.2001-盛开精选2辑【华纳】【WAV+CUE】
https://blog.sina.com.cn/s/blog_6943970c0102zmm9.html	许巍.2001-我只有两天精丫红星生产社】【WAV+CUE】
https://blog.sina.com.cn/s/blog_6943970c0102zmm8.html	黄乙玲.1992-悲恋梦【歌林】【WAV+CUE】
https://blog.sina.com.cn/s/blog_6943970c0102zmm7.html	群星.2016-亚视永恒精选集6CD【环星】【FLAC分轨】
https://blog.sina.com.cn/s/blog_6943970c0102zmm6.html	陈明.1996-天使飞进你梦里【中唱】【WAV+CUE】
https://blog.sina.com.cn/s/blog_6943970c0102zmm5.html	瞿颖.1999-孔雀（引进版）【BMG】【WAV+CUE】
https://blog.sina.com.cn/s/blog_6943970c0102zmm4.html	群星.1996-寻找台湾新乐园【滚石】【WAV+CUE】
https://blog.sina.com.cn/s/blog_6943970c0102zmm3.html	群星.2000-永恒的杰出美声【瑞华】【WAV+CUE】
https://blog.sina.com.cn/s/blog_6943970c0102zmm2.html	汤宝如.1998-自选精选30首2CD【宝丽金】【WAV+CUE】
https://blog.sina.com.cn/s/blog_6943970c0102zmm1.html	戴佩妮.2005-爱疯了【EMI百代】【WAV+CUE】
https://blog.sina.com.cn/s/blog_6943970c0102zmm0.html	陈柏全.1991-关于昨夜【歌林】【FLAC分轨】
https://blog.sina.com.cn/s/blog_6943970c0102zmlz.html	包娜娜.1976-情海（2016梦田复黑版）【凯联机构】【WAV+CUE】
https://blog.sina.com.cn/s/blog_6943970c0102zmly.html	Sweety.2005-十七岁不温柔【丰华】【WAV+CUE】
https://blog.sina.com.cn/s/blog_6943970c0102zmlx.html	水木年华.2003-3新歌+精丫喜洋洋】【WAV+CUE】
https://blog.sina.com.cn/s/blog_6943970c0102zmlw.html	群星.1994-星SING交差HITS【滚石】【WAV+CUE】
https://blog.sina.com.cn/s/blog_6943970c0102zmlv.html	群星.2024-奔赴星辰的我们影视剧原声带【纯然映画】【FLAC分轨】
https://blog.sina.com.cn/s/blog_6943970c0102zmlu.html	王识贤.2009-足步天下【乾坤唱片】【WAV+CUE】
https://blog.sina.com.cn/s/blog_6943970c0102zmlt.html	蔡幸娟.1997-再见！蔚蓝海岸【艺能动音】【WAV+CUE】
https://blog.sina.com.cn/s/blog_6943970c0102zmls.html	蔡健雅.2024-不够善良的我们戏剧音乐设计专辑【亚神音乐】【FLAC分…
https://blog.sina.com.cn/s/blog_6943970c0102zmlr.html	苏慧伦.1994-爱上飞鸟的女孩精选集【滚石】【WAV+CUE】
https://blog.sina.com.cn/s/blog_6943970c0102zmlp.html	任贤齐.2001-飞鸟【滚石】【WAV+CUE】
https://blog.sina.com.cn/s/blog_6943970c0102zmlo.html	张敬轩王菀之.2017-THE.WHIMSICAL.VOYAGE（EP）【寰亚】【WAV+CUE…
https://blog.sina.com.cn/s/blog_6943970c0102zmln.html	林志颖.1994-向昨天说再见【飞碟】【WAV+CUE】
https://blog.sina.com.cn/s/blog_6943970c0102zmlm.html	吴淑敏.1998-阮的一生【金锐唱片】【WAV+CUE】
https://blog.sina.com.cn/s/blog_6943970c0102zmll.html	群星.2005-民歌大联唱3CD【九洲】【WAV+CUE】
https://blog.sina.com.cn/s/blog_6943970c0102zmlk.html	阿沁.2007-梵谷的左耳【华纳】【WAV+CUE】
https://blog.sina.com.cn/s/blog_6943970c0102zmli.html	蔡依林.2001-TOGETHER【环球】【WAV+CUE】
https://blog.sina.com.cn/s/blog_6943970c0102zmlh.html	果味VC.2008-伟大的复兴【DONGMUSIC】【FLAC分轨】
https://blog.sina.com.cn/s/blog_6943970c0102zmlg.html	范玮琪.2007-哲学家【福茂】【WAV+CUE】
https://blog.sina.com.cn/s/blog_6943970c0102zmlf.html	胡海泉.2024-春风归来了无痕【百纳娱乐】【FLAC分轨】
https://blog.sina.com.cn/s/blog_6943970c0102zmle.html	群星.2024-谢谢你温暖我电视剧影视原声专辑【天浩盛世】【FLAC分轨】
https://blog.sina.com.cn/s/blog_6943970c0102zmld.html	王韵婵.1993-祈祷【飞碟】【WAV+CUE】
https://blog.sina.com.cn/s/blog_6943970c0102zmlc.html	群星.1991-宝丽金流行极品6CD【宝丽金】【WAV+CUE】
https://blog.sina.com.cn/s/blog_6943970c0102zmlb.html	谢霆锋.2001-玉蝴蝶【英皇娱乐】【WAV+CUE】
https://blog.sina.com.cn/s/blog_6943970c0102zmla.html	邓紫棋.2022-启示录2CD【G.NATION】【WAV+CUE】
https://blog.sina.com.cn/s/blog_6943970c0102zml9.html	谭维维.2020-3811【太合麦田】【WAV+CUE】
https://blog.sina.com.cn/s/blog_6943970c0102zml8.html	阿杜.2003-哈啰【海蝶】【WAV+CUE】
https://blog.sina.com.cn/s/blog_6943970c0102zml7.html	MATZKA乐团.2011－一朵花LIVE现尘有凤音乐】【WAV+CUE】
https://blog.sina.com.cn/s/blog_6943970c0102zml6.html	陈小春.1998-人见人爱陈小春【BMG】【WAV+CUE】
https://blog.sina.com.cn/s/blog_6943970c0102zml5.html	陈凡骐.2024-陈凡骐首张同名创作专辑【FLAC分轨】
https://blog.sina.com.cn/s/blog_6943970c0102zml4.html	群星.1997-当男人爱上女人【BMG】【WAV+CUE】
https://blog.sina.com.cn/s/blog_6943970c0102zml3.html	崔苔菁.1969-天涯何处是芳草（LP版）【银河唱片】【WAV+CUE】
https://blog.sina.com.cn/s/blog_6943970c0102zml2.html	李健.2003-似水流年【泰达】【WAV+CUE】
https://blog.sina.com.cn/s/blog_6943970c0102zml1.html	伊扬.1994-亲爱的你会想我吗？【太平洋影音】【WAV+CUE】
https://blog.sina.com.cn/s/blog_6943970c0102zml0.html	云浩影.2024-INTRODUCTION.to.PAIN【寰亚】【FLAC分轨】
https://blog.sina.com.cn/s/blog_6943970c0102zmkz.html	容祖儿.2001-2008-喜欢祖儿系列8CD【英皇娱乐】【WAV+CUE】
https://blog.sina.com.cn/s/blog_6943970c0102zmky.html	萧亚轩.2004-首选萧亚轩美丽的插曲2CD【维京】【WAV+CUE】
https://blog.sina.com.cn/s/blog_6943970c0102zmkx.html	群星.1998-还珠格格·苍天有泪琼瑶大卖连续剧全纪录EP【上华】【WAV…
https://blog.sina.com.cn/s/blog_6943970c0102zmkw.html	任贤齐.1997-很受伤【滚石】【WAV+CUE】
https://blog.sina.com.cn/s/blog_6943970c0102zmkv.html	麻园诗人.2022-闭上眼睛的声音【博山娱乐】【FLAC分轨】
https://blog.sina.com.cn/s/blog_6943970c0102zmku.html	李玟.2006-要定你【SONY】【WAV+CUE】
https://blog.sina.com.cn/s/blog_6943970c0102zmkt.html	朱星杰.2024-电台星事【NEWBAND】【FLAC分轨】
https://blog.sina.com.cn/s/blog_6943970c0102zmks.html	张杰.2009-穿越三部曲【天娱传媒】【WAV+CUE】
https://blog.sina.com.cn/s/blog_6943970c0102zmkr.html	群星.2009-流行经典靓歌101.5CD【环星】【FLAC分轨】
https://blog.sina.com.cn/s/blog_6943970c0102zmkq.html	林海峰.2017-九号鞋（EP）【东亚】【WAV+CUE】
https://blog.sina.com.cn/s/blog_6943970c0102zmkp.html	弦子.2024-需要多久才能看完一场日落【华纳】【FLAC分轨】
https://blog.sina.com.cn/s/blog_6943970c0102zmko.html	光良.2024-光良第二主打情歌LIVE【星娱】【FLAC分轨】
https://blog.sina.com.cn/s/blog_6943970c0102zmkn.html	张立基.1994-燃烧我的梦【EMI百代】【WAV+CUE】
https://blog.sina.com.cn/s/blog_6943970c0102zmkm.html	苏慧伦.1999-伦绚广东精选十五首【滚石】【WAV+CUE】
https://blog.sina.com.cn/s/blog_6943970c0102zmkl.html	城市少女.1990-散播欢乐散播爱(分手纪念专辑)【宝丽金】【WAV+CUE…
https://blog.sina.com.cn/s/blog_6943970c0102zmkk.html	梁咏琪.2012-BUTTERFLY.KISSES（EP）【宇乐乐唱片】【WAV+WAV】
https://blog.sina.com.cn/s/blog_6943970c0102zmkj.html	洪嘉豪.2024-Inner.Child【华纳】【FLAC分轨】
https://blog.sina.com.cn/s/blog_6943970c0102zmki.html	谢雨欣.2000-爱是怎样炼成的【英事达】【WAV+CUE】
https://blog.sina.com.cn/s/blog_6943970c0102zmkh.html	MC.Hot.Dog.2022-姚中2【StreetVoice】【FLAC分轨】
https://blog.sina.com.cn/s/blog_6943970c0102zmkg.html	群星.1991-华纳浪漫心曲精丫华纳】【WAV+CUE】
https://blog.sina.com.cn/s/blog_6943970c0102zmkf.html	曾庆瑜.1992-18首中英文经典全集【派森】【WAV+CUE】
https://blog.sina.com.cn/s/blog_6943970c0102zmke.html	群星.2024-追风者电视剧影视原声带【SONY】【FLAC分轨】
https://blog.sina.com.cn/s/blog_6943970c0102zmkd.html	黄义达.2009-过程精选2CD【SONY】【WAV+CUE】
https://blog.sina.com.cn/s/blog_6943970c0102zmkc.html	陈势安.2024-走心的歌【SONY】【FLAC分轨】
https://blog.sina.com.cn/s/blog_6943970c0102zmkb.html	张杰.2007-最美的太阳（EP)【天娱传媒】【WAV+CUE】
https://blog.sina.com.cn/s/blog_6943970c0102zmka.html	群星.1997-宝丽金88极品音色系列·合唱碟王1+2【宝丽金】【WAV+CUE…
https://blog.sina.com.cn/s/blog_6943970c0102zmk9.html	郑丽丝.1986-若是有缘（LP版）【综一】【FLAC分轨】
https://blog.sina.com.cn/s/blog_6943970c0102zmk8.html	隔壁老樊.2024-晚霞后呢（EP）【看见音乐】【FLAC分轨】
https://blog.sina.com.cn/s/blog_6943970c0102zmk7.html	杜德伟.1995-天真（国）【滚石】【WAV+CUE】
https://blog.sina.com.cn/s/blog_6943970c0102zmk6.html	潘盈.1998-倾心辑【华声】【WAV+CUE】
https://blog.sina.com.cn/s/blog_6943970c0102zmk5.html	伦永亮.2006-伦流转2CD【正东】【WAV+CUE】
https://blog.sina.com.cn/s/blog_6943970c0102zmk4.html	左小祖咒.2023-我爱南京【FLAC分轨】
https://blog.sina.com.cn/s/blog_6943970c0102zmjz.html	万芳.2020-给你们Dear.All【何乐音乐】【WAV+CUE】
https://blog.sina.com.cn/s/blog_6943970c0102zmjy.html	梁汉文.2001-MUSIC.IS.THE.ANSWER【华星】【WAV+CUE】
https://blog.sina.com.cn/s/blog_6943970c0102zmjx.html	痛仰乐队.2014-愿爱无忧【禾广娱乐】【WAV+CUE】
https://blog.sina.com.cn/s/blog_6943970c0102zmjw.html	陈升.2019-七天【新乐园】【WAV+CUE】
https://blog.sina.com.cn/s/blog_6943970c0102zmjv.html	郑中基.2002-安可ENCORE新歌精选（引进版）【步升】【WAV+CUE】
https://blog.sina.com.cn/s/blog_6943970c0102zmju.html	黎沸挥.1994-说走就走【风潮】【WAV】
https://blog.sina.com.cn/s/blog_6943970c0102zmjt.html	魏松.2003-跟你走·中国歌曲作品【柏菲】【WAV+CUE】
https://blog.sina.com.cn/s/blog_6943970c0102zmjs.html	坣娜.1995-奢求【巨石】【WAV+CUE】
https://blog.sina.com.cn/s/blog_6943970c0102zmjr.html	范怡文.1988-范怡文精选集【点将】【WAV+CUE】
https://blog.sina.com.cn/s/blog_6943970c0102zmjq.html	群星.1990-36首环绕对唱连串曲3CD【鹤鸣唱片】【WAV+CUE】
https://blog.sina.com.cn/s/blog_6943970c0102zmjp.html	甲子慧.2010-名份【乾坤唱片】【WAV+CUE】
https://blog.sina.com.cn/s/blog_6943970c0102zmjo.html	麻园诗人.2017-不爱说话的人（EP）【树音乐】【FLAC分轨】
https://blog.sina.com.cn/s/blog_6943970c0102zmjn.html	群星.2026-小日子电视剧影视原声带【SONY】【FLAC分轨】
https://blog.sina.com.cn/s/blog_6943970c0102zmjm.html	薛凯琪.2005-ME【华纳】【WAV+CUE】
https://blog.sina.com.cn/s/blog_6943970c0102zmjl.html	陈嘉桦.2024-BAD.HABITS【群石】【FLAC分轨】
https://blog.sina.com.cn/s/blog_6943970c0102zmgm.html	黎瑞恩.1997-认真【力图唱片】【WAV+CUE】
https://blog.sina.com.cn/s/blog_6943970c0102zmh2.html	谢安琪.2007-3／8（新曲+精选）【新艺宝】【WAV+CUE】
https://blog.sina.com.cn/s/blog_6943970c0102zmhg.html	曾淑勤.1991-一个人游游荡荡【点将】【WAV+CUE】
https://blog.sina.com.cn/s/blog_6943970c0102zmhi.html	赵传.1996-黑暗的英雄【滚石】【WAV+CUE】
https://blog.sina.com.cn/s/blog_6943970c0102zmhj.html	林依轮.1993-爱情鸟【新时代】【WAV+CUE】
https://blog.sina.com.cn/s/blog_6943970c0102zmi5.html	文章.1989-原谅我的心【派森】【WAV+CUE】
https://blog.sina.com.cn/s/blog_6943970c0102zmim.html	袁凤瑛.1993-戏迷情人【音乐工厂】【WAV+CUE】
https://blog.sina.com.cn/s/blog_6943970c0102zmio.html	林一峰.2020-BORN.IN.KOWLOON【LYFEMusic】【WAV+CUE】
https://blog.sina.com.cn/s/blog_6943970c0102zmis.html	杨宗纬.2008-STAR!START!星空传奇演唱会2CD【华纳】【WAV+CUE】
https://blog.sina.com.cn/s/blog_6943970c0102zmit.html	群星.2024-与凤行电视剧原声带【新丽】【FLAC分轨】
https://blog.sina.com.cn/s/blog_6943970c0102zmj4.html	林美惠.1989-何时再聚首【风格】【FLAC分轨】
https://blog.sina.com.cn/s/blog_6943970c0102zmj5.html	孙协志.2004-胜立精丫大旗】【WAV+CUE】
https://blog.sina.com.cn/s/blog_6943970c0102zmj7.html	黎明诗.1992-全心爱我【EMI百代】【WAV+CUE】
https://blog.sina.com.cn/s/blog_6943970c0102zmjg.html	群星.2020-宝丽金50周年金榜题名(国语篇)3CD【环球】【WAV+CUE】
https://blog.sina.com.cn/s/blog_6943970c0102zmjf.html	群星.1997-TVB30周年全纪录2CD【华星】【WAV+CUE】
https://blog.sina.com.cn/s/blog_6943970c0102zmje.html	羽泉.2011-@自己【巨匠文化】【WAV+CUE】
https://blog.sina.com.cn/s/blog_6943970c0102zmjb.html	群星.2024-花间令电视剧原声带【TME影音】【FLAC分轨】
https://blog.sina.com.cn/s/blog_6943970c0102zmj8.html	黎明诗.1994-真的挂念你【EMI百代】【WAV+CUE】
https://blog.sina.com.cn/s/blog_6943970c0102zmj6.html	黎明诗.1992-BESAMIX【EMI百代】【WAV+CUE】
https://blog.sina.com.cn/s/blog_6943970c0102zmj0.html	林忆莲.1999-铿锵玫瑰（豪华版）【滚石】【WAV+CUE】
https://blog.sina.com.cn/s/blog_6943970c0102zmiz.html	群星.2019-我在未来等你电视原声带【自在天浩文化】【FLAC分轨】
https://blog.sina.com.cn/s/blog_6943970c0102zmiy.html	水木年华.2002-青春正传【喜洋洋】【WAV+CUE】
https://blog.sina.com.cn/s/blog_6943970c0102zmix.html	周翠玲.2010-JZ8爵士八号【久乐实业】【WAV+CUE】
https://blog.sina.com.cn/s/blog_6943970c0102zmiw.html	袁志伟.1990-Hello好吗？【EMI百代】【WAV+CUE】
https://blog.sina.com.cn/s/blog_6943970c0102zmil.html	萧萧.2006-IM萧萧【海蝶】【WAV+CUE】
https://blog.sina.com.cn/s/blog_6943970c0102zmik.html	大张伟.2019-20是件更美好的事【华宇世博】【WAV+CUE】
https://blog.sina.com.cn/s/blog_6943970c0102zmij.html	张国荣.2001-DOUBLE.FANTASY.AGAIN（日版）【滚石】【WAV+CUE】
https://blog.sina.com.cn/s/blog_6943970c0102zmii.html	群星.2024-欢乐颂5电视剧原声带【正午阳光】【FLAC分轨】
https://blog.sina.com.cn/s/blog_6943970c0102zmih.html	谢金燕.1997-精丫有容唱片】【WAV+CUE】
https://blog.sina.com.cn/s/blog_6943970c0102zmib.html	邓丽君.1992-精选全集5CD（日本金牛宫版）【WAV+CUE】
https://blog.sina.com.cn/s/blog_6943970c0102zmia.html	王馨平.1994-飞【宝丽金】【WAV+CUE】
https://blog.sina.com.cn/s/blog_6943970c0102zmi9.html	江淑娜.1996-长夜悄悄【点将】【WAV+CUE】
https://blog.sina.com.cn/s/blog_6943970c0102zmi8.html	王芷蕾.1983-孤独梦中【飞羚唱片】【FLAC分轨】
https://blog.sina.com.cn/s/blog_6943970c0102zmi7.html	曾庆瑜.1996-柳暗花明【飞碟】【WAV+CUE】
https://blog.sina.com.cn/s/blog_6943970c0102zmhz.html	郑华娟.1996-郑华娟的招牌歌·创作精华辑【飞碟】【WAV+CUE】
https://blog.sina.com.cn/s/blog_6943970c0102zmhx.html	群星.2002-留芳颂TRIBUTE.TO…ANITA.MUI【正东】【WAV+CUE】
https://blog.sina.com.cn/s/blog_6943970c0102zmhw.html	糯米团.2017-别急着说爱我到天长地久（EP）【StreetVoice】【FLAC…
https://blog.sina.com.cn/s/blog_6943970c0102zmhv.html	张清芳.1991-La.California【点将】【WAV+CUE】
https://blog.sina.com.cn/s/blog_6943970c0102zmhu.html	郑怡.1991-天堂【可登】【WAV+CUE】
https://blog.sina.com.cn/s/blog_6943970c0102zmht.html	陶晶莹.2000-爱缺【丰华】【WAV+CUE】
https://blog.sina.com.cn/s/blog_6943970c0102zmhs.html	陈淑桦.1991-聪明糊涂心【滚石】【WAV+CUE】
https://blog.sina.com.cn/s/blog_6943970c0102zmhr.html	潘越云.1986-旧爱新欢【百佳唱片NO.31】【滚石】【WAV+CUE】
https://blog.sina.com.cn/s/blog_6943970c0102zmhq.html	郑华娟.1995-旅途与岁月的纪念品（2013华纳复刻版）【飞碟】【WAV+…
https://blog.sina.com.cn/s/blog_6943970c0102zmhf.html	林志颖.1994-别了晴雨的回忆【飞碟】【WAV+CUE】
https://blog.sina.com.cn/s/blog_6943970c0102zmhe.html	梁咏琪.2005-顺时针新歌+精选CD【丰华】【WAV+CUE】
https://blog.sina.com.cn/s/blog_6943970c0102zmhd.html	刁寒.1995-春水似年华【京文】【WAV+CUE】
https://blog.sina.com.cn/s/blog_6943970c0102zmhc.html	杨丽珍.1989-怨叹你无情【华歌】【WAV+CUE】
https://blog.sina.com.cn/s/blog_6943970c0102zmhb.html	周治平.1996-那一個春天浪漫夜晚Live(96年演唱会纪实)【宝丽金】【…
https://blog.sina.com.cn/s/blog_6943970c0102zmha.html	叶佩雯.2000-Amazing.Grace【英皇娱乐】【WAV+CUE】
https://blog.sina.com.cn/s/blog_6943970c0102zmh9.html	张蓉蓉.2018-为情所害【豪记】【WAV+CUE】
https://blog.sina.com.cn/s/blog_6943970c0102zmh8.html	群星.1991-飞鹰群星龙虎榜金曲收集版2辑【飞鹰】【WAV+CUE】
https://blog.sina.com.cn/s/blog_6943970c0102zmh7.html	大嘴巴.2007-大嘴巴【环球】【FLAC分轨】
https://blog.sina.com.cn/s/blog_6943970c0102zmh6.html	五月天.2007-为爱而生【滚石】【WAV+CUE】
https://blog.sina.com.cn/s/blog_6943970c0102zmh5.html	蔡依林.2006-舞娘【EMI百代】【WAV+CUE】
https://blog.sina.com.cn/s/blog_6943970c0102zmh1.html	陈百强.2003-完全陈百强5CD【华纳】【WAV+CUE】
https://blog.sina.com.cn/s/blog_6943970c0102zmgy.html	吴俊宏.2012-无名的英雄【豪记】【WAV+CUE】
https://blog.sina.com.cn/s/blog_6943970c0102zmgx.html	群星.2012-顾听生辉·乐坛大宗师经典半世纪3CD【环球】【WAV+CUE】
https://blog.sina.com.cn/s/blog_6943970c0102zmgw.html	周国贤.2016-风起BreezeOut【维高文化】【FLAC分轨】
https://blog.sina.com.cn/s/blog_6943970c0102zmgv.html	郭富城.1999-游园惊梦【华纳】【WAV+CUE】
https://blog.sina.com.cn/s/blog_6943970c0102zmgu.html	朱仪玲.1991-露珠儿（TP版）【瑞华】【WAV+CUE】
https://blog.sina.com.cn/s/blog_6943970c0102zmgt.html	蔡依林.2014-呸【华纳】【WAV+CUE】
https://blog.sina.com.cn/s/blog_6943970c0102zmgs.html	吴雨霏.2015-艳羡【环球】【WAV+CUE】
https://blog.sina.com.cn/s/blog_6943970c0102zmgr.html	张洪量.1993-整个给你【滚石】【WAV+CUE】
https://blog.sina.com.cn/s/blog_6943970c0102zmgk.html	于嘉珍.2001-山地情歌2辑【金桦】【WAV+CUE】
https://blog.sina.com.cn/s/blog_6943970c0102zmgj.html	轮回乐队.2002-我的太阳【文化艺术】【WAV+CUE】
https://blog.sina.com.cn/s/blog_6943970c0102zmgi.html	刘锡明.1993-Sincerely新曲精选歌集【华纳】【WAV+CUE】
https://blog.sina.com.cn/s/blog_6943970c0102zmgh.html	陈升.1992-别让我哭【滚石】【WAV+CUE】
https://blog.sina.com.cn/s/blog_6943970c0102zmgg.html	郑融.2011-SPRING.SUMMER【星娱乐】【WAV+CUE】
https://blog.sina.com.cn/s/blog_6943970c0102zmgf.html	张立基.1992-PASSION（国语版）【EMI百代】【WAV+CUE】
https://blog.sina.com.cn/s/blog_6943970c0102zmge.html	阮兆祥.2019-大梦想家【星梦娱乐】【FLAC分轨】
https://blog.sina.com.cn/s/blog_6943970c0102zmgd.html	群星.1996-枕边歌·优质情歌选2CD【滚石】【WAV+CUE】
https://blog.sina.com.cn/s/blog_6943970c0102zmgc.html	龙千玉.2022-九月玫瑰【豪记】【WAV+CEU】
https://blog.sina.com.cn/s/blog_6943970c0102zmgb.html	任贤齐.2002-一个任贤齐【滚石】【WAV+CUE】
https://blog.sina.com.cn/s/blog_6943970c0102zmg9.html	王俪婷.2011-ROMANCE【华研国际】【WAV+CUE】
https://blog.sina.com.cn/s/blog_6943970c0102zmg8.html	蔡依林.1999-JOLIN1019.2CD【环球】【WAV+CUE】
https://blog.sina.com.cn/s/blog_6943970c0102zmg7.html	卢冠廷.1991-卢冠廷90演唱会2CD（2024环球红馆40复刻系列）【环球…
https://blog.sina.com.cn/s/blog_6943970c0102zmg6.html	谭咏麟李克勤.2004-左麟右李04开心演唱会3CD（2024环球红馆40复刻…
https://blog.sina.com.cn/s/blog_6943970c0102zmg5.html	黄凯芹.2002-Long.Time.No.See演唱会3CD（2024环球红馆40复刻系列…
https://blog.sina.com.cn/s/blog_6943970c0102zmg4.html	李克勤.2008-你的克勤演奏厅3CD（2024环球红馆40复刻系列）【环球…
https://blog.sina.com.cn/s/blog_6943970c0102zmg3.html	许冠杰.1990-许冠杰香港情怀90演唱会2CD（2024环球红馆40复刻系列…
https://blog.sina.com.cn/s/blog_6943970c0102zmg2.html	许志安.1999-真心真意许志安99演唱会2CD（2024环球红馆40复刻系列…
https://blog.sina.com.cn/s/blog_6943970c0102zmg1.html	张学友.1991-每天爱你多一些演唱会912CD（2024环球红馆40复刻系列…
https://blog.sina.com.cn/s/blog_6943970c0102zmg0.html	谭咏麟.2015-银河岁月40载演唱会4CD（2024环球红馆40复刻系列）【…
https://blog.sina.com.cn/s/blog_6943970c0102zmfz.html	萧亚轩.2008-3面夏娃【维京】【WAV+CUE】
https://blog.sina.com.cn/s/blog_6943970c0102zmfy.html	杨千嬅.2009-千嬅盛放3CD【新艺宝】【WAV+CUE】
https://blog.sina.com.cn/s/blog_6943970c0102zmfx.html	潘美辰.1995-原谅我改变（粤）【星光】【WAV+CUE】
https://blog.sina.com.cn/s/blog_6943970c0102zmfw.html	张栋梁.2008-FROM.NOW.ON新歌+精选2CD【维京】【WAV+CUE】
https://blog.sina.com.cn/s/blog_6943970c0102zmfv.html	吴淑敏.1995-少女的期待【福和唱片】【WAV+CUE】
https://blog.sina.com.cn/s/blog_6943970c0102zmfu.html	戴军.1995-阿莲·新娘【大藏艺术】【WAV+CUE】
https://blog.sina.com.cn/s/blog_6943970c0102zmft.html	群星.2020-一首歌一个故事（赵英俊某些作品重唱企划）【奔跑怪物】…
https://blog.sina.com.cn/s/blog_6943970c0102zmfs.html	林志颖.1992-不是每个恋曲都有美好回忆（首专）【飞碟】【WAV+CUE…
https://blog.sina.com.cn/s/blog_6943970c0102zmfr.html	张惠妹.2009-阿密特NEW.XRCD【金牌大风】【WAV+CUE】
https://blog.sina.com.cn/s/blog_6943970c0102zmfq.html	罗美玲.2002-红色向日葵【BMG】【WAV+CUE】
https://blog.sina.com.cn/s/blog_6943970c0102zmfp.html	棉花糖.2012-不被了解的怪人【亚神】【WAV+CUE】
https://blog.sina.com.cn/s/blog_6943970c0102zmfo.html	林宥嘉.2024-王Love,Lord【华研国际】【FLAC分轨】
https://blog.sina.com.cn/s/blog_6943970c0102zmfn.html	罗文.1987-朋友一个【华星】【WAV+CUE】
https://blog.sina.com.cn/s/blog_6943970c0102zmfm.html	陈德彰.1990-只有爱【华纳】【WAV+CUE】
https://blog.sina.com.cn/s/blog_6943970c0102zmfl.html	曹永廉.2001-无聊得可以（EP）【发记唱片】【WAV分轨】
https://blog.sina.com.cn/s/blog_6943970c0102zmfk.html	黄征.2001-破晓【滚石】【WAV+CUE】
https://blog.sina.com.cn/s/blog_6943970c0102zmfj.html	陈俊生.1994-Blue【上华】【FLAC分轨】
https://blog.sina.com.cn/s/blog_6943970c0102zmfi.html	群星.2024-欢乐英雄影视剧原声带【光影岁月】【FLAC分轨】
https://blog.sina.com.cn/s/blog_6943970c0102zmfh.html	黄乙玲.1996-心痛酒来洗【神采】【WAV+CUE】
https://blog.sina.com.cn/s/blog_6943970c0102zmfg.html	阿杜.2002-坚持到底【海蝶】【WAV+CUE】
https://blog.sina.com.cn/s/blog_6943970c0102zmff.html	郑华娟.1986-红酒（环球留声复黑版）【宝丽金】【WAV+CUE】
https://blog.sina.com.cn/s/blog_6943970c0102zmfe.html	张天赋.2024-TREBLE【华纳】【FLAC分轨】
https://blog.sina.com.cn/s/blog_6943970c0102zmfd.html	李克勤.2015-我克勤（EP）【球球】【WAV+CUE】
https://blog.sina.com.cn/s/blog_6943970c0102zmfc.html	BEYOND.1997-请将手放开【滚石】【WAV+CUE】
https://blog.sina.com.cn/s/blog_6943970c0102zmfb.html	群星.2019-白发电视剧原声专辑【希瓜音乐】【FLAC分轨】
https://blog.sina.com.cn/s/blog_6943970c0102zmfa.html	毛宁.1999-了无牵挂【SONY】【WAV+CUE】
https://blog.sina.com.cn/s/blog_6943970c0102zmf9.html	林玉英.2002-皇牌难忘名典2辑4CD【南方】【WAV+CUE】
https://blog.sina.com.cn/s/blog_6943970c0102zmf8.html	刘欢范琳琳.1988-信天游迪斯科（TP版）【内蒙古音像】【WAV+CUE】
https://blog.sina.com.cn/s/blog_6943970c0102zmf7.html	阿悄.2013-陪我去流浪【极韵文化】【WAV+CUE】
https://blog.sina.com.cn/s/blog_6943970c0102zmf6.html	羽泉.2003-没你不行【滚石】【WAV+CUE】
https://blog.sina.com.cn/s/blog_6943970c0102zmf5.html	陈淑萍.2018-遇见【上豪】】【WAV+CUE】
https://blog.sina.com.cn/s/blog_6943970c0102zmf4.html	王晓敏.2024-BLUE-HOO!(Deluxe)【华纳】【FLAC分轨】
https://blog.sina.com.cn/s/blog_6943970c0102zmf3.html	郭峰.2002-NEW.11【星天地】【WAV+CUE】
https://blog.sina.com.cn/s/blog_6943970c0102zmf2.html	张惠妹.2014-偏执面【环球】【WAV+CUE】
https://blog.sina.com.cn/s/blog_6943970c0102zmf1.html	李春波.1993-小芳(再版)【中唱】【WAV+CUE】
https://blog.sina.com.cn/s/blog_6943970c0102zmf0.html	任歌飞.2024-烂漫进行时【雅弦】【FLAC分轨】
https://blog.sina.com.cn/s/blog_6943970c0102zmez.html	群星.2024-永安梦影视原声大碟【酷音天籁】【FLAC分轨】
https://blog.sina.com.cn/s/blog_6943970c0102zmey.html	古巨基.2001-NEW.PATTERM【千禧年代】【WAV+CUE】
https://blog.sina.com.cn/s/blog_6943970c0102zmex.html	汤少昌.1993-爱你，交出真心意【EMI百代】【WAV+CUE】
https://blog.sina.com.cn/s/blog_6943970c0102zmew.html	王霏霏.2021-不霏Fearless（EP）【霏常完美】【FLAC分轨】
https://blog.sina.com.cn/s/blog_6943970c0102zmev.html	刘珺儿.2005-怀旧广东小曲精选集2CD【皇星全音】【WAV+CUE】
https://blog.sina.com.cn/s/blog_6943970c0102zmeu.html	董文华.1996-黄河黄【太平洋影音】【WAV+CUE】
https://blog.sina.com.cn/s/blog_6943970c0102zmet.html	蒋明.2011-再见北方【星外星】【WAV+CUE】
https://blog.sina.com.cn/s/blog_6943970c0102zmes.html	杨林.1994-她比我更好吗【宝丽金】【WAV+CUE】
https://blog.sina.com.cn/s/blog_6943970c0102zmer.html	吴俊宏.2014-爱着你【豪记】【WAV+CUE】
https://blog.sina.com.cn/s/blog_6943970c0102zmeq.html	曹杨.2023-极光【杰威尔】【FLAC分轨】
https://blog.sina.com.cn/s/blog_6943970c0102zmep.html	傻子与白痴.2021-Year.of.Fate【哇唧唧哇】【FLAC分轨】
https://blog.sina.com.cn/s/blog_6943970c0102zmeo.html	弦子.2010-天真【喜欢音乐】【WAV+CUE】
https://blog.sina.com.cn/s/blog_6943970c0102zmen.html	李慧珍.2023-与当下同行（EP）【SONY】【FLAC分轨】
https://blog.sina.com.cn/s/blog_6943970c0102zmem.html	菊梓乔.2023-隨意瞒【TVBMUSIC】【WAV+CUE】
https://blog.sina.com.cn/s/blog_6943970c0102zmel.html	庞龙.2014-藏在记忆里的歌【龙翔天乐】【WAV+CUE】
https://blog.sina.com.cn/s/blog_6943970c0102zmek.html	林慧萍.1996-忘了我是女人【点将】【WAV+CUE】
https://blog.sina.com.cn/s/blog_6943970c0102zmej.html	谭小环.1997-自主【BMG】【WAV+CUE】
https://blog.sina.com.cn/s/blog_6943970c0102zmei.html	谢霆锋.1999-BELIEVE【飞图】【WAV+CUE】
https://blog.sina.com.cn/s/blog_6943970c0102zmeh.html	刘啸.2015-流年【太合麦田】【WAV+CUE】
https://blog.sina.com.cn/s/blog_6943970c0102zmeg.html	羽泉.2000-冷酷到底【滚石】【WAV+CUE】
https://blog.sina.com.cn/s/blog_6943970c0102zmef.html	林忆莲.2006-呼吸(大碟29)【维京】【WAV+CUE】
https://blog.sina.com.cn/s/blog_6943970c0102zmee.html	林良乐.1990-会哭的人不一定流泪【乡城】【WAV+CUE】
https://blog.sina.com.cn/s/blog_6943970c0102zmed.html	苏慧伦.1995-满足【滚石】【WAV+CUE】
https://blog.sina.com.cn/s/blog_6943970c0102zmec.html	杨静.2017-决心对你行【豪记】【WAV+CUE】
https://blog.sina.com.cn/s/blog_6943970c0102zmeb.html	群星.2024-别对我动心影视原声带【千曜音乐】【FLAC分轨】
https://blog.sina.com.cn/s/blog_6943970c0102zmea.html	群星.1989-我们2生日快乐【可登】【WAV+CUE】
https://blog.sina.com.cn/s/blog_6943970c0102zme9.html	群星.1986-我们·作曲家的故事【可登唱片】【WAV+CUE】
https://blog.sina.com.cn/s/blog_6943970c0102zme8.html	陈学冬.2022-溯光【悦晟音乐】【FLAC分轨】
https://blog.sina.com.cn/s/blog_6943970c0102zme7.html	文章.1989-望天【可登】【WAAV+CUE】
https://blog.sina.com.cn/s/blog_6943970c0102zme6.html	李千娜.2018-查某囡仔【环球】【FLAC分轨】
https://blog.sina.com.cn/s/blog_6943970c0102zme5.html	林子娟.2012-有心【美乐蒂】【WAV+CUE】
https://blog.sina.com.cn/s/blog_6943970c0102zme4.html	陈明.2000-幸福【SONY】【WAV+CUE】
https://blog.sina.com.cn/s/blog_6943970c0102zme3.html	龙飘飘.2016-再现浓情【丰荣】【WAV+CUE】
https://blog.sina.com.cn/s/blog_6943970c0102zme2.html	郭金发.1988-台湾乡土乐集【太笙唱片】【WAV+CUE】
https://blog.sina.com.cn/s/blog_6943970c0102zme1.html	李幸倪.2011-HERE.I.COME（EP）【BMA】【WAV+CUE】
https://blog.sina.com.cn/s/blog_6943970c0102zme0.html	沈雁.1980-沈雁之歌踏浪（2014新世纪复黑限量版）【歌林】【WAV+CU…
https://blog.sina.com.cn/s/blog_6943970c0102zmdz.html	戴爱玲.2019-失物招领【SONY】【WAV+CUE】
https://blog.sina.com.cn/s/blog_6943970c0102zmdy.html	蒋丽萍.1984-蒋丽萍（2008环球复黑王限量版）【宝丽金】【WAV+CUE…
https://blog.sina.com.cn/s/blog_6943970c0102zmdx.html	群星.2011-吉马大对唱VOL.10CD【吉马】【WAV+CUE】
https://blog.sina.com.cn/s/blog_6943970c0102zmdw.html	群星.2023-长相思电视剧原声专辑【冬曦音乐】【FLAC分轨】
https://blog.sina.com.cn/s/blog_6943970c0102zmdv.html	于台烟.2012-彩色的风吹【美乐蒂】【WAV+CUE】
https://blog.sina.com.cn/s/blog_6943970c0102zmdu.html	翁孝良林雨.1986-二重唱【飞碟】【WAV+CUE】
https://blog.sina.com.cn/s/blog_6943970c0102zmdt.html	邓紫棋.2024-Amazing.Grace（EP）【GNATION】【FLAC分轨】
https://blog.sina.com.cn/s/blog_6943970c0102zmds.html	可米小子.2003-青春紀念冊【SONY】【WAV+CUE】
https://blog.sina.com.cn/s/blog_6943970c0102zmdr.html	张玉华.2002-属于自己【环球】【FLAC分轨】
https://blog.sina.com.cn/s/blog_6943970c0102zmdq.html	马浚伟.1994-这刻向你冲【华纳】【WAV+CUE】
https://blog.sina.com.cn/s/blog_6943970c0102zmdp.html	曹秦.2021-行吟【星外星】【FLAC分轨】
https://blog.sina.com.cn/s/blog_6943970c0102zmdo.html	周子寒.1993-精选辑（七部好戏十首好歌）【蓝与白】【WAV+CUE】
https://blog.sina.com.cn/s/blog_6943970c0102zmdn.html	阿兰.2024-Night.And.Day（EP）【爱贝克思】【FLAC分轨】
https://blog.sina.com.cn/s/blog_6943970c0102zmdm.html	静婷.1982-痴痴地等（2005复刻版）【永恒】【WAV+CUE】
https://blog.sina.com.cn/s/blog_6943970c0102zmdl.html	林峰.2021-忘我（EP）【华纳】【FLAC分轨】
https://blog.sina.com.cn/s/blog_6943970c0102zmdk.html	群星.2020-萌医甜妻电视剧音乐原声带【华研国际】【FLAC分轨】
https://blog.sina.com.cn/s/blog_6943970c0102zmdj.html	江蕙.2005-爱做梦的鱼【亚律音乐】【WAV+CUE】
https://blog.sina.com.cn/s/blog_6943970c0102zmdi.html	欧阳德勋.1991-情不弃【SONY】【WAV+CUE】
https://blog.sina.com.cn/s/blog_6943970c0102zmdg.html	戴军.2024-醉光阴24KGOLD【龙源音乐】【WAV+CUE】
https://blog.sina.com.cn/s/blog_6943970c0102zmdf.html	毕书尽.2021-RE-转身之后【福茂】【FLAC分轨】
https://blog.sina.com.cn/s/blog_6943970c0102zmde.html	关心妍.2010-A.NEW.BEGINNING【星焕国际】【WAV+CUE】
https://blog.sina.com.cn/s/blog_6943970c0102zmdd.html	小肥.2018-睡前服【棋人娱乐】【FLAC分轨】
https://blog.sina.com.cn/s/blog_6943970c0102zmdc.html	孟庭苇.2000-爱到史艳文【友善的狗】【WAV+CUE】
https://blog.sina.com.cn/s/blog_6943970c0102zmdb.html	羽泉.2001-热爱【滚石】【WAV+CUE】
https://blog.sina.com.cn/s/blog_6943970c0102zmda.html	江海迦.2024-ONEDERFUL.LIVE预习歌单【环球】【FLAC分轨】
https://blog.sina.com.cn/s/blog_6943970c0102zmd9.html	李行亮.2013-不忘初心【华音鼎天】【WAV+CUE】
https://blog.sina.com.cn/s/blog_6943970c0102zmd8.html	群星.2023-三体影视原声专辑【炎乐传媒】【FLAC分轨】
https://blog.sina.com.cn/s/blog_6943970c0102zmd4.html	窦靖童.2023-春游【KC】【WAV分轨】
https://blog.sina.com.cn/s/blog_6943970c0102zmd3.html	欧得洋.2011-留给幸福的十张纸条（个人创作大碟）【米乐士】【WAV+…
https://blog.sina.com.cn/s/blog_6943970c0102zmd2.html	刘德华.2000-唱作俱佳作品集【华纳】【WAV+CUE】
https://blog.sina.com.cn/s/blog_6943970c0102zmd1.html	刘和刚.2016-老房子【靠谱文化】【WAV+CUE】
https://blog.sina.com.cn/s/blog_6943970c0102zmd0.html	詹雅雯.2023-借酒胆【福茂】【FLAC分轨】
https://blog.sina.com.cn/s/blog_6943970c0102zmcy.html	方季惟.1994-感情生活【金点】【WAV+CUE】
https://blog.sina.com.cn/s/blog_6943970c0102zmcx.html	Theseus忒修斯.2023-森林的終點是海【StreetVocie】【FLAC分轨】
https://blog.sina.com.cn/s/blog_6943970c0102zmcw.html	万芳.1992-放心【滚石】【WAV+CUE】
https://blog.sina.com.cn/s/blog_6943970c0102zmcv.html	爱乐团.2005-天涯【先之唱片】【WAV+CUE】
https://blog.sina.com.cn/s/blog_6943970c0102zmcu.html	赵咏华.1993-只要你对我再好一点【全美唱片】【WAV+CUE】
https://blog.sina.com.cn/s/blog_6943970c0102zmct.html	郑秀文.2021-Listen.To.Mi（EP）【寰亚】【FLAC分轨】
https://blog.sina.com.cn/s/blog_6943970c0102zmcr.html	韩磊.2005-珍藏韩磊·壹【音乐家】【WAV+CUE】
https://blog.sina.com.cn/s/blog_6943970c0102zmcq.html	区瑞强.2000-那天再重聚演唱会2CD【银星】【WAV+CUE】
https://blog.sina.com.cn/s/blog_6943970c0102zmcp.html	贝克小姐MissBac.2023-还在失眠的人熬福茂】【FLAC分轨】
https://blog.sina.com.cn/s/blog_6943970c0102zmco.html	成龙.1991-第一次【滚石】【WAV+CUE】
https://blog.sina.com.cn/s/blog_6943970c0102zmcn.html	丁当.2024-日与夜，跟自己说晚安【相信音乐】【FLAC分轨】
https://blog.sina.com.cn/s/blog_6943970c0102zmcm.html	郑怡.1985-珍藏版【曲盟唱片】【WAV+CUE】
https://blog.sina.com.cn/s/blog_6943970c0102zmcl.html	陈升.1995-恨情歌【滚石】【WAV+CUE】
https://blog.sina.com.cn/s/blog_6943970c0102zmck.html	康乔.1984-拉兹之歌（2015复黑版）【丽风】【WAV+CUE】
https://blog.sina.com.cn/s/blog_6943970c0102zmcj.html	向蕙玲.2018-幸福的滋味【豪记】【WAV+CUE】
https://blog.sina.com.cn/s/blog_6943970c0102zmci.html	大嘴巴.2012-Influns流感【环球】【WAV+CUE】
https://blog.sina.com.cn/s/blog_6943970c0102zmch.html	刘敏涛.2024-美人（EP）【天浩盛世】【FLAC分轨】
https://blog.sina.com.cn/s/blog_6943970c0102zmcg.html	AcQUA源少年.2024-Im.Here我在【种子音乐】【FLAC分轨】
https://blog.sina.com.cn/s/blog_6943970c0102zmcf.html	弦子.2006-弦子同名专辑【喜欢音乐】【WAV+CUE】
https://blog.sina.com.cn/s/blog_6943970c0102zmce.html	迪克牛仔.2000-我这个你不爱的人【上华】【WAV+CUE】
https://blog.sina.com.cn/s/blog_6943970c0102zmcd.html	秦凡淇.2021-好好享受人类的莫名其妙【FLAC分轨】
https://blog.sina.com.cn/s/blog_6943970c0102zmcc.html	杨坤.2017-孤独颂【坤歌文化】【WAV+CUE】
https://blog.sina.com.cn/s/blog_6943970c0102zmcb.html	甄秀珍.1988-红唇一生（环球留声经典复刻系列）【齐飞唱片】【WAV+…
https://blog.sina.com.cn/s/blog_6943970c0102zmca.html	王瑞霞.1991-绝情雨【名冠】【WAV+CUE】
https://blog.sina.com.cn/s/blog_6943970c0102zmc9.html	TANK.2009-第三回合【华研国际】【WAV+CUE】
https://blog.sina.com.cn/s/blog_6943970c0102zmc8.html	邰正宵.1995-用情太深（粤专）【新艺宝】【WAV+CUE】
https://blog.sina.com.cn/s/blog_6943970c0102zmc7.html	群星.2024-在暴雪时分电视剧影视原声带【SONY】【FLAC分轨】
https://blog.sina.com.cn/s/blog_6943970c0102zmc6.html	陈楚生.2022-涂鸦森林【华声时代】【FLAC分轨】
https://blog.sina.com.cn/s/blog_6943970c0102zmc5.html	周杰伦.2023-圣诞星（单曲）【杰威尔】【FLAC】
https://blog.sina.com.cn/s/blog_6943970c0102zmc4.html	孟庭苇.2023-大西洋的最后一滴眼泪（单曲）【SONY】【FLAC】
https://blog.sina.com.cn/s/blog_6943970c0102zmc3.html	陈慧琳.2024-时光厚礼（单曲）【环球】【FLAC】
https://blog.sina.com.cn/s/blog_6943970c0102zmc2.html	水木年华.2001-一生有你【喜洋洋】【WAV+CUE】
https://blog.sina.com.cn/s/blog_6943970c0102zmc1.html	黎明.1996-那一夜我们在霓虹下起舞2CD（2023环球红馆40复刻系列）…
https://blog.sina.com.cn/s/blog_6943970c0102zmc0.html	关淑怡.1995-难得有一个关淑怡演唱会2CD（2023环球红馆40复刻系列…
https://blog.sina.com.cn/s/blog_6943970c0102zmbz.html	林子祥.1996-寄廿载情演唱会2CD（2023环球红馆40复刻系列）【环球…
https://blog.sina.com.cn/s/blog_6943970c0102zmby.html	陈慧娴.2014-Back.To.Priscilla.30th.Anniversary.Concert.2014.Li…
https://blog.sina.com.cn/s/blog_6943970c0102zmbx.html	群星.1990-宝丽金20周年演唱会2CD（2023环球红馆40复刻系列）【环…
https://blog.sina.com.cn/s/blog_6943970c0102zmbw.html	许冠杰.1987-相识廿载演唱会2CD（2023环球红馆40复刻系列）【环球…
https://blog.sina.com.cn/s/blog_6943970c0102zmbv.html	谭咏麟.1986-86万众狂欢演唱会2CD（2023环球红馆40复刻系列）【环…
https://blog.sina.com.cn/s/blog_6943970c0102zmbu.html	徐小凤.1987-金光灿烂徐小凤87演唱会2CD（2023环球红馆40复刻系列…
https://blog.sina.com.cn/s/blog_6943970c0102zmbt.html	李克勤.2002-情情塔塔演唱会2CD（2023环球红馆40复刻系列）【环球…
https://blog.sina.com.cn/s/blog_6943970c0102zmbs.html	陈奕迅.2007-Easons.Moving.On.Stage1.3CD（2023环球红馆40复刻系…
https://blog.sina.com.cn/s/blog_6943970c0102zmbr.html	李克勤.2001-港乐克勤Live2CD（2023环球红馆40复刻系列）【环球】…
https://blog.sina.com.cn/s/blog_6943970c0102zmbq.html	群星.1996-宝丽金25周年为全世界歌唱会2CD（2023环球红馆40复刻系…
https://blog.sina.com.cn/s/blog_6943970c0102zmbp.html	谭咏麟.1989-谭咏麟浪漫演唱会89（2023环球红馆40复刻系列）【环球…
https://blog.sina.com.cn/s/blog_6943970c0102zmbo.html	温拿乐队.1999-温拿25周年演唱会982CD（2023环球红馆40复刻系列）…
https://blog.sina.com.cn/s/blog_6943970c0102zmbn.html	许冠杰.1989-许冠杰十万人大合唱演唱会2CD（2023环球红馆40复刻系…
https://blog.sina.com.cn/s/blog_6943970c0102zmbm.html	张敬轩.2008-酷爱张敬轩演唱会3CD（2023环球红馆40复刻系列）【环…
https://blog.sina.com.cn/s/blog_6943970c0102zmbl.html	张国荣.1990-张国荣告别乐坛演唱会2CD（2023环球红馆40复刻系列）…
https://blog.sina.com.cn/s/blog_6943970c0102zmbk.html	群星.2022-天才基本法电视原声带【韶音】【FLAC分轨】
https://blog.sina.com.cn/s/blog_6943970c0102zmbj.html	赵咏华.1989-别问我会不会后悔（2008滚石再版）【全美唱片】【WAV+…
https://blog.sina.com.cn/s/blog_6943970c0102zmbi.html	BEYOND.1995-FAR.AWAY遙かなる夢1992-1995【FUNHOUSE】【WAV+CUE】
https://blog.sina.com.cn/s/blog_6943970c0102zmbh.html	姜育恒.2003-金曲3CD【光美】【WAV+CUE】
https://blog.sina.com.cn/s/blog_6943970c0102zmbg.html	刘若英.2001-年华【滚石】【WAV+CUE】
https://blog.sina.com.cn/s/blog_6943970c0102zmbf.html	汪苏泷.2019-过去现在时【大象音乐】【FLAC分轨】
https://blog.sina.com.cn/s/blog_6943970c0102zmbe.html	邰正宵.1994-想你想的好孤寂【福茂】【WAV+CUE】
https://blog.sina.com.cn/s/blog_6943970c0102zmbd.html	王馨平.1999-打碎心瓶（国）【坎城唱片】【WAV+CUE】
https://blog.sina.com.cn/s/blog_6943970c0102zmbc.html	白雪.2009-祝福【天籁音典】【FLAC分轨】
https://blog.sina.com.cn/s/blog_6943970c0102zmbb.html	满文军.2015-到时候【天浩盛世】【WAV+CUE】
https://blog.sina.com.cn/s/blog_6943970c0102zmba.html	罗百吉.1999-大家一起叫【芮河音乐】【WAV+CUE】
https://blog.sina.com.cn/s/blog_6943970c0102zmb9.html	余文乐.2011-不是明星N.A.S【华纳】【WAV+CUE】
https://blog.sina.com.cn/s/blog_6943970c0102zmb8.html	辛晓琪.1998-每个女人【滚石】【WAV+CUE】
https://blog.sina.com.cn/s/blog_6943970c0102zmb7.html	群星.2000-认识李雨寰（EP）【魔岩】【WAV+CUE】
https://blog.sina.com.cn/s/blog_6943970c0102zmb6.html	林晓培.2001-有你的快乐（EP）【艾回】【WAV+CUE】
https://blog.sina.com.cn/s/blog_6943970c0102zmb5.html	群星.2019-初恋那件小事电视原声带【FLAC分轨】
https://blog.sina.com.cn/s/blog_6943970c0102zmb4.html	孙协志.1996-甘愿孤单【大旗】【WAV+CUE】
https://blog.sina.com.cn/s/blog_6943970c0102zmb3.html	胡彦斌.2006-音乐密码【步升大风】【WAV+CUE】
https://blog.sina.com.cn/s/blog_6943970c0102zmb2.html	周子寒.1993-天使在夜里哭【蓝与白】【WAV+CUE】
https://blog.sina.com.cn/s/blog_6943970c0102zmb1.html	林忆莲.1996-感觉完美【滚石】【WAV+CUE】
https://blog.sina.com.cn/s/blog_6943970c0102zmb0.html	群星.2015-飞图30周年纪念精选大碟2CD【飞图】【WAV+CUE】
https://blog.sina.com.cn/s/blog_6943970c0102zmaz.html	群星.2011-飞图二十周年纪念精选大碟2CD【英皇娱乐】【WAV+CUE】
https://blog.sina.com.cn/s/blog_6943970c0102zmay.html	梁珈瑜.2017-旧梦·如歌（2023新纪纪MQA24K金碟限量版）【新世纪】…
https://blog.sina.com.cn/s/blog_6943970c0102zmax.html	华晨宇.2020-新世界2CD【天娱传媒】【WAV+CUE】
https://blog.sina.com.cn/s/blog_6943970c0102zmaw.html	群星.2022-墨白电视原声带【韶音音乐】【FLAC分轨】
https://blog.sina.com.cn/s/blog_6943970c0102zmav.html	陶晶莹.2001-晶选集2CD【丰华】【WAV+CUE】
https://blog.sina.com.cn/s/blog_6943970c0102zmau.html	痛仰乐队.2006-不（EP）【禾广娱乐】【WAV+CUE】
https://blog.sina.com.cn/s/blog_6943970c0102zmat.html	张国荣.2009-最热3CD【新艺宝】【WAV+CUE】
https://blog.sina.com.cn/s/blog_6943970c0102zmas.html	张国荣.2009-最红3CD【华星】【WAV+CUE】
https://blog.sina.com.cn/s/blog_6943970c0102zmar.html	连诗雅.2010-MOMENT（EP）【华纳】【FLAC分轨】
https://blog.sina.com.cn/s/blog_6943970c0102zmaq.html	高胜美.1994-山地情歌5CD【永盛】【WAV+CUE】
https://blog.sina.com.cn/s/blog_6943970c0102zmap.html	李丽芬.1990-走音集【派森】【WAV+CUE】
https://blog.sina.com.cn/s/blog_6943970c0102zmao.html	范玮琪.2004-最初的梦想新曲+精选2CD【福茂】【WAV+CUE】
https://blog.sina.com.cn/s/blog_6943970c0102zman.html	周柏豪.2009-FOLLOW【华纳】【WAV+CUE】
https://blog.sina.com.cn/s/blog_6943970c0102zmam.html	谭咏麟.2018-麟绚谭咏麟的银河岁月CD1【环球】【WAV+CUE】
https://blog.sina.com.cn/s/blog_6943970c0102zmal.html	BlueJeans.1989-永远是你好友【SONY】【WAV+CUE】
https://blog.sina.com.cn/s/blog_6943970c0102zmak.html	伍思凯.1995-心动了【点将】【WAV+CUE】
https://blog.sina.com.cn/s/blog_6943970c0102zmaj.html	江淑娜.1989-1994-半调子4辑【点将】【WAV+CUE】
https://blog.sina.com.cn/s/blog_6943970c0102zmai.html	黄宝欣.1988-浓情【银星】【WAV+CUE】
https://blog.sina.com.cn/s/blog_6943970c0102zmah.html	陈冠希.2001-VISUAL.DIARY【英皇娱乐】【WAV+CUE】
https://blog.sina.com.cn/s/blog_6943970c0102zmag.html	周华健.1993-花心【滚石】【WAV+CUE】
https://blog.sina.com.cn/s/blog_6943970c0102zmaf.html	群星.1995-杨明煌制作精绚一生的爱【福茂】【WAV+CUE】
https://blog.sina.com.cn/s/blog_6943970c0102zmae.html	阿杜.2002-天黑【海蝶】【WAV+CUE】
https://blog.sina.com.cn/s/blog_6943970c0102zmad.html	李嘉.1991-天使语录【天王唱片】【WAV+CUE】
https://blog.sina.com.cn/s/blog_6943970c0102zmac.html	王嘉尔.2019-MIRRORS【TEAMWANG】【FLAC分轨】
https://blog.sina.com.cn/s/blog_6943970c0102zmab.html	汤宝如.1994-给世界多一个微笑【宝丽金】【WAV+CUE】
https://blog.sina.com.cn/s/blog_6943970c0102zmaa.html	群星.2020-怪物先生电影原声带【嘉尤音乐】【FLAC分轨】
https://blog.sina.com.cn/s/blog_6943970c0102zma9.html	Raidas.1986-传说【艺视】【WAV+CUE】
https://blog.sina.com.cn/s/blog_6943970c0102zma8.html	何咏琳.1992-想你的下雨天【宝艺星】【WAV+CUE】
https://blog.sina.com.cn/s/blog_6943970c0102zma5.html	陈百潭.1992-爱情一阵风【吉马】【WAV+CUE】
https://blog.sina.com.cn/s/blog_6943970c0102zma4.html	群星.1992-唱戏·八〇年最佳电影电视主题曲【蓝与白】【WAV+CUE】
https://blog.sina.com.cn/s/blog_6943970c0102zma3.html	张柏芝.1999-任何天气（EP）【环球】【WAV+CUE】
https://blog.sina.com.cn/s/blog_6943970c0102zma2.html	高胜美.1994-蝶儿蝶儿满天飞【上华】【WAV+CUE】
https://blog.sina.com.cn/s/blog_6943970c0102zma1.html	陈之财.1994-走过风雨（TP版）【宝丽金】【WAV+CUE】
https://blog.sina.com.cn/s/blog_6943970c0102zma0.html	蔡健雅.2000-纪念（纸盒限量装）2CD【环球】【WAV+CUE】
https://blog.sina.com.cn/s/blog_6943970c0102zm9z.html	郑中基.2006-正宗K新曲+精选3CD【金牌娱乐】【WAV+CUE】
https://blog.sina.com.cn/s/blog_6943970c0102zm9y.html	群星.2018-媚者无疆电视剧原声带【索雅音乐】【FLAC分轨】
https://blog.sina.com.cn/s/blog_6943970c0102zm9x.html	郑嘉颖.1994-飞出恋爱街（EP）【宝丽金】【WAV+CUE】
https://blog.sina.com.cn/s/blog_6943970c0102zm9w.html	张云雷.2019-蓝色天空（EP）【黑马】【FLAC分轨】
https://blog.sina.com.cn/s/blog_6943970c0102zm9v.html	王瑞霞.1995-多情多怨叹【名冠】【WAV+CUE】
https://blog.sina.com.cn/s/blog_6943970c0102zm9u.html	魏晨.2011-破晓【天娱传媒】【WAV+CUE】
https://blog.sina.com.cn/s/blog_6943970c0102zm9t.html	朱紫嬈.2018-Remembering...想你【风行】【WAV+CUE】
https://blog.sina.com.cn/s/blog_6943970c0102zm9s.html	梦剧院.1989-异梦+REMIX【乐意唱片】【WAV+CUE】
https://blog.sina.com.cn/s/blog_6943970c0102zm9r.html	孙耀威.2002-失去新歌+精选2CD【SONY】【WAV+CUE】
https://blog.sina.com.cn/s/blog_6943970c0102zm9q.html	群星.2018-摇滚唐朝三十年演义我心中的唐朝【科文音像】【WAV+CUE…
https://blog.sina.com.cn/s/blog_6943970c0102zm9p.html	薰妮.2008-LPCD45【永恒】【WAV+CUE】
https://blog.sina.com.cn/s/blog_6943970c0102zm9o.html	陈淑萍.2011-美人计【美华】【WAV+CUE】
https://blog.sina.com.cn/s/blog_6943970c0102zm9n.html	张学友.2010-Private.Corner【上华】【WAV+CUE】
https://blog.sina.com.cn/s/blog_6943970c0102zm9m.html	群星.2001-十九楼的夏天歌舞剧原声大碟【华星】【WAV+CUE】
https://blog.sina.com.cn/s/blog_6943970c0102zm9l.html	林志炫.2001-擦声而过【炫音音乐】【WAV+CUE】
https://blog.sina.com.cn/s/blog_6943970c0102zm9k.html	周蕙.2007-绽放【SONY】【WAV+CUE】
https://blog.sina.com.cn/s/blog_6943970c0102zm9j.html	蔡义德.2011-心头肉【豪记】【WAV+CUE】
https://blog.sina.com.cn/s/blog_6943970c0102zm9i.html	谢东.1996-为你再等候【东艺】【WAV+CUE】
https://blog.sina.com.cn/s/blog_6943970c0102zm9h.html	群星.2018-爱情进化论电视原声带【FLAC分轨】
https://blog.sina.com.cn/s/blog_6943970c0102zm9g.html	F.I.R.飞儿乐团.2004-F.I.R.【华纳】【WAV+CUE】
https://blog.sina.com.cn/s/blog_6943970c0102zm9f.html	张惠妹.2000-歌声妹影【丰华】【WAV+CUE】
https://blog.sina.com.cn/s/blog_6943970c0102zm9e.html	李玉刚.2014-民国旧梦HQCD【瑞鸣】【WAV+CUE】
https://blog.sina.com.cn/s/blog_6943970c0102zm9d.html	李蕙敏.1999-在屋顶唱歌（国专）【宝丽金】【WAV+CUE】
https://blog.sina.com.cn/s/blog_6943970c0102zm9c.html	陈粒.2019-洄游【有此山文化】【WAV+CUE】
https://blog.sina.com.cn/s/blog_6943970c0102zm9b.html	张秀卿.1995-放舍你我心呒甘【乡城】【WAV+CUE】
https://blog.sina.com.cn/s/blog_6943970c0102zm9a.html	刘德华.1994-忘情水【飞碟】【WAV+CUE】
https://blog.sina.com.cn/s/blog_6943970c0102zm99.html	群星.2008-LETS.FIGHT.LIVE【维高文化】【WAV+CUE】
https://blog.sina.com.cn/s/blog_6943970c0102zm98.html	张明敏.2007-LPCD45【永恒】【WAV+CUE】
https://blog.sina.com.cn/s/blog_6943970c0102zm97.html	群星.2022-欢迎光临电视剧原声带【正午阳光】【FLAC分轨】
https://blog.sina.com.cn/s/blog_6943970c0102zm96.html	那英.2001-我不是天使【华纳】【WAV+CUE】
https://blog.sina.com.cn/s/blog_6943970c0102zm95.html	海来阿木.2022-虎年特辑DJ精丫新京文】【WAV+CUE】
https://blog.sina.com.cn/s/blog_6943970c0102zm94.html	尤雅.1987-往事只能回味·金曲精选21首【丽风】【WAV+CUE】
https://blog.sina.com.cn/s/blog_6943970c0102zm93.html	郝云.2020-艳阳高照【风华秋实】【FLAC+CUE】
https://blog.sina.com.cn/s/blog_6943970c0102zm92.html	刘家昌.2006-深情3CD【EMI百代】【WAV+CUE】
https://blog.sina.com.cn/s/blog_6943970c0102zm91.html	许飞.2012-许飞【鸟人艺术】【WAV+CUE】
https://blog.sina.com.cn/s/blog_6943970c0102zm90.html	杨培安.2015-不属于我的世界【华纳】【WAV+CUE】
https://blog.sina.com.cn/s/blog_6943970c0102zm8z.html	流行4度C.2015-我的90年代3CD【鹤鸣唱片】【WAV+CUE】
https://blog.sina.com.cn/s/blog_6943970c0102zm8y.html	丁文琪.2002-我的丁文琪【歌莱美】【WAV+CUE】
https://blog.sina.com.cn/s/blog_6943970c0102zm8x.html	梁雁翎.1991-像雾像雨又像风【飞图】【WAV+CUE】
https://blog.sina.com.cn/s/blog_6943970c0102zm8w.html	刺猬乐队.2011-甜蜜与杀害【摩登天空】【WAV+CUE】
https://blog.sina.com.cn/s/blog_6943970c0102zm8v.html	李翊君.2014-听见爱【华特音乐】【WAV+CUE】
https://blog.sina.com.cn/s/blog_6943970c0102zm8u.html	陈德彰.1989-此情可待【艺视】【WAV+CUE】
https://blog.sina.com.cn/s/blog_6943970c0102zm8t.html	曾沛慈.2019-谜之音【亚神音乐】【FLAC分轨】
https://blog.sina.com.cn/s/blog_6943970c0102zm8s.html	古巨基.2009-EYE.FEVER演唱会3CD【金牌大风】【WAV+CUE】
https://blog.sina.com.cn/s/blog_6943970c0102zm8r.html	群星.2022-大考电视原声带【韶音音乐】【FLAC分轨】
https://blog.sina.com.cn/s/blog_6943970c0102zm8q.html	金佩姗.1995-流金岁月【宝丽金】【WAV+CUE】
https://blog.sina.com.cn/s/blog_6943970c0102zm8p.html	胡彦斌.2018-入目三分【核乐文化】【WAV+CUE】
https://blog.sina.com.cn/s/blog_6943970c0102zm8o.html	蔡龄龄.1989-蔡龄龄（2014环球复黑王·百代篇）【EMI百代】【WAV+CU…
https://blog.sina.com.cn/s/blog_6943970c0102zm8n.html	罗大佑.2002-昨日遗书·罗大佑和他上个世纪的歌【音乐工厂】【WAV+C…
https://blog.sina.com.cn/s/blog_6943970c0102zm8m.html	林芯仪.2016-Im.Singing（EP）【种子音乐】【FLAC分轨】
https://blog.sina.com.cn/s/blog_6943970c0102zm8l.html	洪启.2009-九棵树【摩登天空】【WAV+CUE】
https://blog.sina.com.cn/s/blog_6943970c0102zm8k.html	李幸倪.2013-GINETIC（EP）【BMA】【WAV+CUE】
https://blog.sina.com.cn/s/blog_6943970c0102zm8j.html	刘文正.2013-金典歌展CD1【南方】【WAV+CUE】
https://blog.sina.com.cn/s/blog_6943970c0102zm8i.html	杨宗宪.1996-我的梦永不会停【有容唱片】【WAV+CUE】
https://blog.sina.com.cn/s/blog_6943970c0102zm8h.html	海来阿木.2022-五十年以后【新京文】【WAV+CUE】
https://blog.sina.com.cn/s/blog_6943970c0102zm8g.html	温兆伦.2004-国语大碟全记录2CD（引进版）【娱乐唱片】【WAV+CUE】
https://blog.sina.com.cn/s/blog_6943970c0102zm8f.html	林姗姗.1986-姍姍【华纳】【FLAC分轨】
https://blog.sina.com.cn/s/blog_6943970c0102zm8e.html	谭嘉仪.2023-Memories【TVB.MUSIC】【FLAC分轨】
https://blog.sina.com.cn/s/blog_6943970c0102zm8d.html	2V1G.2008-用心唤醒【音乐通胜】【WAV+CUE】
https://blog.sina.com.cn/s/blog_6943970c0102zm8c.html	群星.1992-宝丽金NO.1至尊榜4CD【宝丽金】【WAV+CUE】
https://blog.sina.com.cn/s/blog_6943970c0102zm8b.html	周国贤.2004-周国贤【华纳】【FLAC分轨】
https://blog.sina.com.cn/s/blog_6943970c0102zm8a.html	谭晶.2012-水墨【柏菲】【WAV+CUE】
https://blog.sina.com.cn/s/blog_6943970c0102zm89.html	陈坤.2006-再一次实现【新索音乐】【WAV+CUE】
https://blog.sina.com.cn/s/blog_6943970c0102zm88.html	林淑容.1995-五路财神跟着你【歌丽美】【WAV+CUE】
https://blog.sina.com.cn/s/blog_6943970c0102zm87.html	小凤凤.1997-锣鼓声声接财神【风格】【WAV+CUE】
https://blog.sina.com.cn/s/blog_6943970c0102zm86.html	许冠杰.1978-财神到（1989金装系列）【宝丽金】【WAV+CUE】
https://blog.sina.com.cn/s/blog_6943970c0102zm85.html	刘以达.1996-麻木（2021日本片志限量版）【环球】【WAV+CUE】
https://blog.sina.com.cn/s/blog_6943970c0102zm84.html	群星.1997-宝丽金之歌6CD【宝丽金】【WAV+CUE】
https://blog.sina.com.cn/s/blog_6943970c0102zm83.html	凤飞飞.2003-凤回首典藏辑2CD【南方】【WAV+CUE】
https://blog.sina.com.cn/s/blog_6943970c0102zm82.html	邓紫棋.2013-THE.BEST.OF.2008-2012精选2CD【蜂鸟音乐】【WAV+CUE…
https://blog.sina.com.cn/s/blog_6943970c0102zm81.html	蔡小虎.2016-再生缘【豪记】【WAV+CUE】
https://blog.sina.com.cn/s/blog_6943970c0102zm80.html	刘若英.1996-到处乱走【滚石】【WAV+CUE】
https://blog.sina.com.cn/s/blog_6943970c0102zm7z.html	朱婧汐.2014-以梦为马【星外星】【WAV+CUE】
https://blog.sina.com.cn/s/blog_6943970c0102zm7y.html	吴宗宪.2006-超级珍贵【BMG】【WAV+CUE】
https://blog.sina.com.cn/s/blog_6943970c0102zm7x.html	李克勤.1999-最多精选2CD【艺能动音】【WAV+CUE】
https://blog.sina.com.cn/s/blog_6943970c0102zm7v.html	群星.1999-天下大乱花木兰之杨佩佩大战金庸戏剧主题曲全记录【滚石…
https://blog.sina.com.cn/s/blog_6943970c0102zm7u.html	汪峰.2020-2020【星文】【WAV+CUE】
https://blog.sina.com.cn/s/blog_6943970c0102zm7t.html	袁洁莹.1992-袁洁莹【中华娱乐】【WAV+CUE】
https://blog.sina.com.cn/s/blog_6943970c0102zm7s.html	群星.1995-风中奇缘电影原声带（国际中文版）【迪斯尼】【WAV+CUE…
https://blog.sina.com.cn/s/blog_6943970c0102zm7r.html	海来阿木.2021-点歌的人【新京文】【WAV+CUE】
https://blog.sina.com.cn/s/blog_6943970c0102zm7q.html	林美惠.1994-贺年歌【欣代唱片】【WAV+CUE】
https://blog.sina.com.cn/s/blog_6943970c0102zm7p.html	陈百强.1987-精装陈百强2辑【华纳】【WAV+CUE】
https://blog.sina.com.cn/s/blog_6943970c0102zm7o.html	沈文程.1988－畅销曲精华【爱莉亚】【WAV+CUE】
https://blog.sina.com.cn/s/blog_6943970c0102zm7n.html	吴倩莲.1994-爱的干脆【SONY】【WAV+CUE】
https://blog.sina.com.cn/s/blog_6943970c0102zm7m.html	苏打绿.2024-你在烦恼什么2CD（苏打绿版）【环球】【FLAC分轨】
https://blog.sina.com.cn/s/blog_6943970c0102zm7l.html	苏打绿.2011-你在烦恼什么？【林纬哲音乐社】【WAV+CUE】
https://blog.sina.com.cn/s/blog_6943970c0102zm7k.html	苏打绿.2024-十年一刻2CD（苏打绿版）【环球】【FLAC分轨】
https://blog.sina.com.cn/s/blog_6943970c0102zm7j.html	苏打绿.2010-十年一刻新曲+LIVE精选（星外星引进版）【林纬哲音乐…
https://blog.sina.com.cn/s/blog_6943970c0102zm7i.html	群星.2003-呐喊·为了中国曾经的摇滚【文采】【WAV+CUE】
https://blog.sina.com.cn/s/blog_6943970c0102zm7h.html	吴国敬.1988-燃烧（2014环球复黑王·百代篇）【EMI百代】【WAV+CUE…
https://blog.sina.com.cn/s/blog_6943970c0102zm7g.html	万妮达.2019-SOLO独行者【摩登天空】【WAV+CUE】
https://blog.sina.com.cn/s/blog_6943970c0102zm7f.html	群星.1993-巨石1994送旧迎新【巨石】【WAV+CUE】
https://blog.sina.com.cn/s/blog_6943970c0102zm7e.html	超口爱乐团.2007-胜利歌【大无限】【WAV+CUE】
https://blog.sina.com.cn/s/blog_6943970c0102zm7d.html	林翠萍.1990-远航的你·情人与彩虹【星河】【WAV+CUE】
https://blog.sina.com.cn/s/blog_6943970c0102zm7c.html	常宽.2002-这一年过去了【万河唱片】【WAV+CUE】
https://blog.sina.com.cn/s/blog_6943970c0102zm7b.html	蔡济文.1993-梦里的爱人精丫BMG】【WAV+CUE】
https://blog.sina.com.cn/s/blog_6943970c0102zm7a.html	王中平.1994-等你【蓝与白】【WAV+CUE】
https://blog.sina.com.cn/s/blog_6943970c0102zm79.html	张国荣.1995-狂恋·国语经典【新艺宝】【WAV+CUE】
https://blog.sina.com.cn/s/blog_6943970c0102zm78.html	曾心梅.1998-认份【丽歌】【FLAC分轨】
https://blog.sina.com.cn/s/blog_6943970c0102zm77.html	李泰祥.2004-云在头上飞【金革唱片】【WAV+CUE】
https://blog.sina.com.cn/s/blog_6943970c0102zm76.html	关正杰.1984-名曲选2辑【宝丽金】【WAV+CUE】
https://blog.sina.com.cn/s/blog_6943970c0102zm75.html	群星.1993-欢乐新年大汇串2CD【白云唱片】【WAV+CUE】
https://blog.sina.com.cn/s/blog_6943970c0102zm74.html	雷安娜.1983-温馨集（2008环球复黑王）【宝丽金】【WAV+CUE】
https://blog.sina.com.cn/s/blog_6943970c0102zm73.html	与非门.2005-11【几何文化】【WAV+CUE】
https://blog.sina.com.cn/s/blog_6943970c0102zm72.html	群星.1991-金鼎大赏演唱辑+演奏辑【新格】【WAV+CUE】
https://blog.sina.com.cn/s/blog_6943970c0102zm71.html	陈升.2023-望乡【新乐园】【WAV+CUE】
https://blog.sina.com.cn/s/blog_6943970c0102zm70.html	陈小霞.2005-哈雷妈妈【滚石】【WAV+CUE】
https://blog.sina.com.cn/s/blog_6943970c0102zm6z.html	彭羚.2017-羚度空间英文精选辑【芮河音乐】【FLAC分轨】
https://blog.sina.com.cn/s/blog_6943970c0102zm6y.html	王子璇.2002-最后的香格里【京文】【WAV+CUE】
https://blog.sina.com.cn/s/blog_6943970c0102zm6x.html	林慧萍.1986-走在阳光里（飞跃复刻版）【歌林】【WAV+CUE】
https://blog.sina.com.cn/s/blog_6943970c0102zm6w.html	群星.1992-顶尖拍档【台湾百佳唱片NO.61】【福茂】【WAV+CUE】
https://blog.sina.com.cn/s/blog_6943970c0102zm6u.html	孟庭苇.2006-幸福感【大熊星】【WAV+CUE】
https://blog.sina.com.cn/s/blog_6943970c0102zm6t.html	阿杜.2016-诚意跨厂牌超级精选2CD【海蝶】【FLAC分轨】
https://blog.sina.com.cn/s/blog_6943970c0102zm6s.html	中国娃娃.2001-娃娃中国年专辑（引进版）【大信】【WAV+CUE】
https://blog.sina.com.cn/s/blog_6943970c0102zm6r.html	群星.1984-龙凤呈祥齐拜年（1992复刻版）【东尼机构】【WAV+CUE】
https://blog.sina.com.cn/s/blog_6943970c0102zm6q.html	大张伟.2014-大年三十【恒大音乐】【WAV+CUE】
https://blog.sina.com.cn/s/blog_6943970c0102zm6p.html	李茂山.1992-贺新年迎财神【光美】【WAV+CUE】
https://blog.sina.com.cn/s/blog_6943970c0102zm6o.html	ASOS.1996-祝你新年快乐【WAV+CUE】
https://blog.sina.com.cn/s/blog_6943970c0102zm6n.html	黄品源.1996-新年快乐【友善的狗】【WAV+CUE】
https://blog.sina.com.cn/s/blog_6943970c0102zm6m.html	关德辉.1990-新年快乐【风潮】【WAV+CUE】
https://blog.sina.com.cn/s/blog_6943970c0102zm6l.html	小虎队忧欢派对.1989-新年快乐【飞碟】【WAV+CUE】
https://blog.sina.com.cn/s/blog_6943970c0102zm6j.html	TWINS.2006-八十块环游世界（引进版）【英皇娱乐】【WAV+CUE】
https://blog.sina.com.cn/s/blog_6943970c0102zm6i.html	杨丽珍.1991-想念你（引进版）【风格】【WAV+CUE】
https://blog.sina.com.cn/s/blog_6943970c0102zm6h.html	郑钧.2003-我们的生活充满阳光【灯火文化】【WAV+CUE】
https://blog.sina.com.cn/s/blog_6943970c0102zm6g.html	董文华.1994-月光下的思念【太平洋影音】【WAV+CUE】
https://blog.sina.com.cn/s/blog_6943970c0102zm6f.html	叶丽仪.1983-83演唱会（LP版）【EMI百代】【WAV+CUE】
https://blog.sina.com.cn/s/blog_6943970c0102zm6e.html	群星.2002-粤语黄梅调恰恰新年专辑【风格】【WAV+CUE】
https://blog.sina.com.cn/s/blog_6943970c0102zm6d.html	林凡.2001-都是他【上华】【WAV+CUE】
https://blog.sina.com.cn/s/blog_6943970c0102zm6c.html	王雅文.1983-夜影（2004环球复黑王）【宝丽金】【WAV+CUE】
https://blog.sina.com.cn/s/blog_6943970c0102zm6b.html	杨庆煌.1991-我是真的爱着你【真善美】【WAV+CUE】
https://blog.sina.com.cn/s/blog_6943970c0102zm6a.html	姜育恒.1996-男人的心也会痛【飞碟】【WAV+CUE】
https://blog.sina.com.cn/s/blog_6943970c0102zm69.html	游鸿明彭佳慧.2008-彭游恋歌最爱精选2CD【SONY】【WAV+CUE】
https://blog.sina.com.cn/s/blog_6943970c0102zm68.html	五五身.2017-再一次雄性浪漫【StreetVoice】【WAV+CUE】
https://blog.sina.com.cn/s/blog_6943970c0102zm67.html	群星.2007-爱星光精选(昨天今天明天)【华研国际】【FLAC分轨】
https://blog.sina.com.cn/s/blog_6943970c0102zm66.html	群星.2007-星光同学会（超级星光大道10强纪念合辑）【华研国际】【…
https://blog.sina.com.cn/s/blog_6943970c0102zm65.html	江得胜.2001-掏空天空天空【太空人】【WAV+CUE】
https://blog.sina.com.cn/s/blog_6943970c0102zm64.html	爱新觉罗.媚.2020-Mei（EP）【心喜文化】【FLAC分轨】
https://blog.sina.com.cn/s/blog_6943970c0102zm63.html	吴宗宪.1998-台语歌【BMG】【WAV+CUE】
https://blog.sina.com.cn/s/blog_6943970c0102zm62.html	黎瑞恩.1993-一人有一个梦想（2021日本片志限量版）【环球】【WAV+…
https://blog.sina.com.cn/s/blog_6943970c0102zm61.html	陈洁.2011-恭贺新禧迎新春【音乐谷】【WAV+CUE】
https://blog.sina.com.cn/s/blog_6943970c0102zm60.html	痛仰乐队.2008-不要停止我的音乐【禾广娱乐】【WAV+CUE】
https://blog.sina.com.cn/s/blog_6943970c0102zm5z.html	麦玮婷.1984-旧缘难了（喜玛拉雅复刻版）【光美】【WAV+CUE】
https://blog.sina.com.cn/s/blog_6943970c0102zm5y.html	TANK.2007-延长比赛（引进版）【华研国际】【WAV+CUE】
https://blog.sina.com.cn/s/blog_6943970c0102zm5x.html	梁博.2015-迷藏【少城时代】【WAV+CUE】
https://blog.sina.com.cn/s/blog_6943970c0102zm5w.html	陈惠婷.2014-21克【SONY】【FLAC分轨】
https://blog.sina.com.cn/s/blog_6943970c0102zm5v.html	韩宝仪林淑娟.2002-恰恰迎新年【风格】【WAV+CUE】
https://blog.sina.com.cn/s/blog_6943970c0102zm5u.html	张真.1994-你可不可以爱爱我【上华】【WAV+CUE】
https://blog.sina.com.cn/s/blog_6943970c0102zm5t.html	齐秦.1994-原来的我黄金纪念版【宝丽金】【WAV+CUE】
https://blog.sina.com.cn/s/blog_6943970c0102zm5s.html	李克勤.2023-弦续·李克勤2023港乐演唱会2CD【英皇娱乐】【FLAC分轨…
https://blog.sina.com.cn/s/blog_6943970c0102zm5r.html	林忆莲.2018-0（2023环球精装版）【环球】【WAV+CUE】
https://blog.sina.com.cn/s/blog_6943970c0102zm5q.html	优客李林.1993-少年游【点将】【WAV+CUE】
https://blog.sina.com.cn/s/blog_6943970c0102zm5p.html	吴雨霏.2014-ACROSS【环球】【WAV+CUE】
https://blog.sina.com.cn/s/blog_6943970c0102zm5o.html	林淑容.2011-福建歌【瑞华】【WAV+CUE】
https://blog.sina.com.cn/s/blog_6943970c0102zm5n.html	黄丽玲.2009-以前以后【爱贝克思】【WAV+CUE】
https://blog.sina.com.cn/s/blog_6943970c0102zm5m.html	陈昊森.2023-Almost.Human【华研国际】【FLAC分轨】
https://blog.sina.com.cn/s/blog_6943970c0102zm5l.html	群星.1994-天天报喜2CD【华纳】【WAV+CUE】
https://blog.sina.com.cn/s/blog_6943970c0102zm5k.html	谭顺成黄凤凤.1978-新年大会串（LP版）【丽风】【WAV+CUE】
https://blog.sina.com.cn/s/blog_6943970c0102zm5j.html	谢东.1994-笑脸·一路等候【北京影音】【WAV+CUE】
https://blog.sina.com.cn/s/blog_6943970c0102zm5i.html	陈艾玲.1991-民歌小唱【乡城】【WAV+CUE】
https://blog.sina.com.cn/s/blog_6943970c0102zm5h.html	许慧欣.2002-孤单芭蕾【上华】【WAV+CUE】
https://blog.sina.com.cn/s/blog_6943970c0102zm5g.html	陈中.1998-陈中VS3个女人想来望去男女情【邦尼达】【WAV+CUE】
https://blog.sina.com.cn/s/blog_6943970c0102zm5f.html	张德兰.2012-当张德兰遇上顾嘉辉演唱会2CD【爱我音乐】【WAV+CUE】
https://blog.sina.com.cn/s/blog_6943970c0102zm5e.html	黎明.1998-半生緣電影主題曲歌集（2021日本片志限量版）【环球】【…
https://blog.sina.com.cn/s/blog_6943970c0102zm5d.html	黄安.1995-非一般新年歌·万事如意【上华】【WAV+CUE】
https://blog.sina.com.cn/s/blog_6943970c0102zm5c.html	吴宗宪.1990-七夕雨【歌林】【WAV+CUE】
https://blog.sina.com.cn/s/blog_6943970c0102zm5b.html	叶倩文.1992-真心真意过一生【飞碟】【WAV+CUE】
https://blog.sina.com.cn/s/blog_6943970c0102zm5a.html	胡灵.2012-致，亲爱的女孩【新鲜音乐】【WAV+CUE】
https://blog.sina.com.cn/s/blog_6943970c0102zm59.html	张伟文.2003-唱好女人XRCD2限量版【银星】【WAV+CUE】
https://blog.sina.com.cn/s/blog_6943970c0102zm58.html	群星.2012-十二生肖电影原声大碟【星外星】【WAV+CUE】
https://blog.sina.com.cn/s/blog_6943970c0102zm57.html	区瑞强.1992-城市民歌精选2CD【宝丽金】【WAV+CUE】
https://blog.sina.com.cn/s/blog_6943970c0102zm56.html	群星.1989-海丽畅销銷金曲1【海丽】【WAV+CUE】
https://blog.sina.com.cn/s/blog_6943970c0102zm55.html	王中平.2009-无情雨【乾坤唱片】【WAV+CUE】
https://blog.sina.com.cn/s/blog_6943970c0102zm54.html	王啸坤.2019-三十王十三【海蝶】【FLAC分轨】
https://blog.sina.com.cn/s/blog_6943970c0102zm53.html	张雨生.2008－如燕盘旋而来的思念9CD【丰华】【FLAC+CUE】
https://blog.sina.com.cn/s/blog_6943970c0102zm52.html	徐乃麟.1991-原色【歌林】【WAV+CUE】
https://blog.sina.com.cn/s/blog_6943970c0102zm51.html	李度.2000-寻他千百度【滚石】【WAV+CUE】
https://blog.sina.com.cn/s/blog_6943970c0102zm50.html	刘欢.1999-好汉歌【长城艺术文化】【WAV+CUE】
https://blog.sina.com.cn/s/blog_6943970c0102zm4z.html	龙飘飘.1999-千禧龙年·龙腔贺岁【EMI百代】【WAV+CUE】
https://blog.sina.com.cn/s/blog_6943970c0102zm4y.html	郭炳坚.2011-坚定不移4辑【音乐谷】【WAV+CUE】
https://blog.sina.com.cn/s/blog_6943970c0102zm4x.html	罗文.1997-经典回响2CD（2010娱乐50周年金装纪念系列）【娱乐唱片…
https://blog.sina.com.cn/s/blog_6943970c0102zm4w.html	群星.1997-美丽新乐园2【滚石】【WAV+CUE】
https://blog.sina.com.cn/s/blog_6943970c0102zm4v.html	群星.1989-新乐园【滚石】【WAV+CUE】
https://blog.sina.com.cn/s/blog_6943970c0102zm4u.html	群星.2007-黑糖玛奇朵电视剧原声带【金牌大风】【FLAC分轨】
https://blog.sina.com.cn/s/blog_6943970c0102zm4t.html	张秀卿.2011-爱人仔恰蔷豪记】【WAV+CUE】
https://blog.sina.com.cn/s/blog_6943970c0102zm4s.html	刘秋仪.1993-痴情的女人·今夜你想我不？【华冠】【WAV+CUE】
https://blog.sina.com.cn/s/blog_6943970c0102zm4r.html	林宥嘉.2011-美妙生活（引进版）【华研国际】【WAV+CUE】
https://blog.sina.com.cn/s/blog_6943970c0102zm4q.html	陈卓璇.2023-转身走向你（EP）【FLAC分轨】
https://blog.sina.com.cn/s/blog_6943970c0102zm4p.html	花儿乐队.1999-放学啦【魔岩】【WAV+CUE】
https://blog.sina.com.cn/s/blog_6943970c0102zm4o.html	周国贤.2004-温室气球【华纳】【FLAC分轨】
https://blog.sina.com.cn/s/blog_6943970c0102zm4n.html	群星.1988-大家恭喜·欢乐年年·恭喜发财【风行】【WAV+CUE】
https://blog.sina.com.cn/s/blog_6943970c0102zm4m.html	张蔷.2020-红色沃特加女孩【力群芬芳】【FLAC分轨】
https://blog.sina.com.cn/s/blog_6943970c0102zm4l.html	张蔷.2020-Im.Thinking.of.You【力群芬芳】【FLAC分轨】
https://blog.sina.com.cn/s/blog_6943970c0102zm4k.html	张蔷.2020-My.Name.Is.Rose【力群芬芳】【FLAC分轨】
https://blog.sina.com.cn/s/blog_6943970c0102zm4j.html	孙盛希.2023-BOOMERANG【滚石】【FLAC分轨】
https://blog.sina.com.cn/s/blog_6943970c0102zm4i.html	杨培安.2008-10,000.THANKS…LIVEMORE【擎天娱乐】【WAV+CUE】
https://blog.sina.com.cn/s/blog_6943970c0102zm4h.html	群星.2003-爱情组曲2CD【SONY】【WAV+CUE】
https://blog.sina.com.cn/s/blog_6943970c0102zm4g.html	江美琪.2003-朋友的朋友2CD【维京】【WAV+CUE】
https://blog.sina.com.cn/s/blog_6943970c0102zm4f.html	达明一派.1987-石头记（2011环球K2HD限量版）【环球】【WAV+CUE】
https://blog.sina.com.cn/s/blog_6943970c0102zm4e.html	龙千玉.2019-多情蝴蝶【豪记】【WAV+CUE】
https://blog.sina.com.cn/s/blog_6943970c0102zm4d.html	李碧华.1996-好好爱一尘飞碟】【WAV+CUE】
https://blog.sina.com.cn/s/blog_6943970c0102zm4c.html	群星.2015-起飞电视剧原声音乐特辑【海蝶】【FLAC分轨】
https://blog.sina.com.cn/s/blog_6943970c0102zm4b.html	周治平.1992-岁月的歌【台湾百佳唱片NO.54】【宝丽金】【WAV+CUE】
https://blog.sina.com.cn/s/blog_6943970c0102zm4a.html	翁倩玉.1975-恋爱的星星【海山】【FLAC分轨】
https://blog.sina.com.cn/s/blog_6943970c0102zm49.html	刘珺儿.2009-粤语新年歌精选2CD【皇星全音】【WAV+CUE】
https://blog.sina.com.cn/s/blog_6943970c0102zm48.html	吴克群.2012-寂寞来了怎么办？（加歌版）【种子音乐】【WAV+CUE】
https://blog.sina.com.cn/s/blog_6943970c0102zm47.html	谭晶.2013-看见【金牌大风】【WAV+CUE】
https://blog.sina.com.cn/s/blog_6943970c0102zm46.html	郭富城.1995-风不息（国）【飞碟】【WAV+CUE】
https://blog.sina.com.cn/s/blog_6943970c0102zm45.html	倪安东.2012-WAKE.UP.2CD【华研】【WAV+CUE】
https://blog.sina.com.cn/s/blog_6943970c0102zm44.html	群星.1994-儿女私情3CD【滚石】【WAV+CUE】
https://blog.sina.com.cn/s/blog_6943970c0102zm43.html	万芳.1994-断线【滚石】【WAV+CUE】
https://blog.sina.com.cn/s/blog_6943970c0102zm42.html	王娟.2008-遥远【原色文化】【WAV+CUE】
https://blog.sina.com.cn/s/blog_6943970c0102zm41.html	群星.2017-十周年发烧女声VOL.1【POP.POP.FACTORY】【FLAC分轨】
https://blog.sina.com.cn/s/blog_6943970c0102zm40.html	李明洋.2018-不得已【美乐蒂】【WAV+CUE】
https://blog.sina.com.cn/s/blog_6943970c0102zm3z.html	陈慧琳.2003-心口不一（国）【上华】【WAV+CUE】
https://blog.sina.com.cn/s/blog_6943970c0102zm3y.html	TizzyBac.2019-什么事都叫我分心【相信音乐】【FLAC分轨】
https://blog.sina.com.cn/s/blog_6943970c0102zm3x.html	林志炫.1999-单身情歌·超炫精选3CD【SONY】【WAV+CUE】
https://blog.sina.com.cn/s/blog_6943970c0102zm3w.html	王二妮.2015-我从西边来【中唱】【WAV+CUE】
https://blog.sina.com.cn/s/blog_6943970c0102zm3v.html	群星.2004-今年更比去年好·35首连串贺岁金曲精华【音乐谷】【WAV+C…
https://blog.sina.com.cn/s/blog_6943970c0102zm3u.html	杨宗纬.2008-STAR!START!星空传奇演唱会2CD【华纳】【WAV+CUE】
https://blog.sina.com.cn/s/blog_6943970c0102zm3t.html	胡琳.2012-Bianca.Sings.Tess【博美唱片】【WAV+CUE】
https://blog.sina.com.cn/s/blog_6943970c0102zm3s.html	刘沁.2000-你明明爱我【滚石】【WAV+CUE】
https://blog.sina.com.cn/s/blog_6943970c0102zm3r.html	张镐哲.1992-北风再起精选辑【宝丽金】【WAV+CUE】
https://blog.sina.com.cn/s/blog_6943970c0102zm3q.html	群星.2000-雷霆战警电影原声大碟【CMC】【WAV+CUE】
https://blog.sina.com.cn/s/blog_6943970c0102zm3p.html	零点乐队.1997-永恒的起点【京文】【WAV+CUE】
https://blog.sina.com.cn/s/blog_6943970c0102zm3o.html	陈好.2009-幸好·好好爱【乐华娱乐】【FLAC分轨】
https://blog.sina.com.cn/s/blog_6943970c0102zm3n.html	TANK.2006-生存之道【华研国际】【WAV+CUE】
https://blog.sina.com.cn/s/blog_6943970c0102zm3m.html	群星.2009-给自己的情歌新曲+精选2CD【英皇娱乐】【WAV+CUE】
https://blog.sina.com.cn/s/blog_6943970c0102zm3l.html	李素专.2015-出头天【大唐国际】【WAV+CUE】
https://blog.sina.com.cn/s/blog_6943970c0102zm3k.html	刘文娟.1991-神话【乐意唱片】【WAV+CUE】
https://blog.sina.com.cn/s/blog_6943970c0102zm3j.html	张信哲.2012-空出来的时间【潮水音乐】【WAV+CUE】
https://blog.sina.com.cn/s/blog_6943970c0102zm3i.html	C.AllStar.2015-生於斯【寰亚唱片】【WAV分轨】
https://blog.sina.com.cn/s/blog_6943970c0102zm3h.html	群星.2010-南方群星大拜年好幸福【南方】【WAV+CUE】
https://blog.sina.com.cn/s/blog_6943970c0102zm3g.html	东方快车.1991-摇滚寓言【飞碟】【WAV+CUE】
https://blog.sina.com.cn/s/blog_6943970c0102zm3f.html	梦剧院.1998-十年十美·十周年新曲+精丫乐意唱片】【WAV+CUE】
https://blog.sina.com.cn/s/blog_6943970c0102zm3e.html	谭耀文.1989-令我心碎的女子【华星】【WAV+CUE】
https://blog.sina.com.cn/s/blog_6943970c0102zm3d.html	迪克牛仔.2012-我想你了（引进版）【星外星】【WAV+CUE】
https://blog.sina.com.cn/s/blog_6943970c0102zm3c.html	汤宝如.1996-我敢【宝丽金】【WAV+CUE】
https://blog.sina.com.cn/s/blog_6943970c0102zm3b.html	王瑞霞.1991-六月风台七月水灾【名冠】【WAV+CUE】
https://blog.sina.com.cn/s/blog_6943970c0102zm3a.html	群星.2022-相逢时节电视原声带【正午阳光】【FLAC分轨】
https://blog.sina.com.cn/s/blog_6943970c0102zm39.html	黄仲齐.1994-是否你会等像我这样的男人【波丽佳音】【FLAC分轨】
https://blog.sina.com.cn/s/blog_6943970c0102zm38.html	陈洁仪.2000-萝拉【上华】【WAV+CUE】
https://blog.sina.com.cn/s/blog_6943970c0102zm37.html	梁静茹.2023-麋鹿【Sams.Entertainment】【WAV+CUE】
https://blog.sina.com.cn/s/blog_6943970c0102zm36.html	群星.1999-魔霆痴狂【大宇音乐】【WAV+CUE】
https://blog.sina.com.cn/s/blog_6943970c0102zm35.html	光良.2002-光芒【滚石】【WAV+CUE】
https://blog.sina.com.cn/s/blog_6943970c0102zm34.html	陈惠婷.2024-王国Darktopia【发现梦想】【FLAC分轨】
https://blog.sina.com.cn/s/blog_6943970c0102zm33.html	大张伟.2012-大摇大摆迎春来【金牌大风】【WAV+CUE】
https://blog.sina.com.cn/s/blog_6943970c0102zm31.html	李玟.1998-SUNNY.DAY好心情【SONY】【WAV+CUE】
https://blog.sina.com.cn/s/blog_6943970c0102zm30.html	群星.2012-历久尝新3CD【环球】【WAV+CUE】
https://blog.sina.com.cn/s/blog_6943970c0102zm2z.html	曹松章.1987-曹松章精丫天际文化】【WAV+CUE】
https://blog.sina.com.cn/s/blog_6943970c0102zm2y.html	品冠.2007-NEED.U.MOST最需要你（英专）【相信音乐】【WAV+CUE】
https://blog.sina.com.cn/s/blog_6943970c0102zm2x.html	群星.2004-2046电影原声大碟（日版）【BLK2】】【WAV+CUE】
https://blog.sina.com.cn/s/blog_6943970c0102zm2w.html	卫兰.2006-DO.U.KNOW【东亚唱片】【WAV+CUE】
https://blog.sina.com.cn/s/blog_6943970c0102zm2v.html	群星.1994-PHILIPS.PUMPS.UP.A.DOUBLE.WINNER.2CD【宝丽金】【WAV+…
https://blog.sina.com.cn/s/blog_6943970c0102zm2u.html	张美玲.2011-疏远【南方】【WAV+CUE】
https://blog.sina.com.cn/s/blog_6943970c0102zm2t.html	温拿乐队.2004-3IN1珍藏集【环球】【FLAC分轨】
https://blog.sina.com.cn/s/blog_6943970c0102zm2s.html	张立基.1987-急行夜车（2014环球复黑王·百代篇）【EMI百代】【WAV+…
https://blog.sina.com.cn/s/blog_6943970c0102zm2r.html	臧玉琰.2023-臧玉琰独唱专辑（2023鎏金系列MQA金碟版）【太平洋影…
https://blog.sina.com.cn/s/blog_6943970c0102zm2q.html	胡歌.2010-蓝光(新歌+精选辑)【金牌大风】【WAV+CUE】
https://blog.sina.com.cn/s/blog_6943970c0102zm2p.html	李娅莎.2019-毒糖仔【滚石】【FLAC分轨】
https://blog.sina.com.cn/s/blog_6943970c0102zm2o.html	张小英.1992-张小英不朽贺年专辑【风格】【WAV+CUE】
https://blog.sina.com.cn/s/blog_6943970c0102zm2n.html	刘锡明.1993-MOSHI.MOSHI.MOSHI【华纳】【WAV+CUE】
https://blog.sina.com.cn/s/blog_6943970c0102zm2m.html	张振宇.2004-难割难舍【科学文化】【WAV+CUE】
https://blog.sina.com.cn/s/blog_6943970c0102zm2l.html	黄耀明.2016-美丽的呼声听证会2CD【环球】【WAV+CUE】
https://blog.sina.com.cn/s/blog_6943970c0102zm2k.html	曾心梅.2001-一人一首成名曲原曲新唱系列2辑（引进版）【吉马】【W…
https://blog.sina.com.cn/s/blog_6943970c0102zm2j.html	群星.1992-宝丽金真开心精选4CD【宝丽金】【WAV+CUE】
https://blog.sina.com.cn/s/blog_6943970c0102zm2i.html	孙燕姿.2007-逆光·影音限定版（引进版）【EMI百代】【WAV+CUE】
https://blog.sina.com.cn/s/blog_6943970c0102zm2h.html	艾妮.2020-Closer【英皇娱乐】【FLAC分轨】
https://blog.sina.com.cn/s/blog_6943970c0102zm2g.html	庄学忠小凤凤.2009-福建贺岁金曲【皇星全音】【WAV+CUE】
https://blog.sina.com.cn/s/blog_6943970c0102zm2e.html	陈升.2013-我的小清新【滚石】【WAV+CUE】
https://blog.sina.com.cn/s/blog_6943970c0102zm2d.html	任洁玲.1996-二见钟情（翻唱辑）【飞碟】【WAV+CUE】
https://blog.sina.com.cn/s/blog_6943970c0102zm2c.html	常宽.2002-1985＞2002精选纪念2CD【摩登天空】【WAV+CUE】
https://blog.sina.com.cn/s/blog_6943970c0102zm2b.html	杜德伟.1998-钟爱（国）【滚石】【WAV+CUE】
https://blog.sina.com.cn/s/blog_6943970c0102zm2a.html	群星.1995-滚石金韵民歌百大精选8CD【滚石】【WAV+CUE】
https://blog.sina.com.cn/s/blog_6943970c0102zm29.html	F.I.R.飞儿乐团.2004-我要飞·寻梦之途全记录（EP）【华纳】【WAV+C…
https://blog.sina.com.cn/s/blog_6943970c0102zm28.html	施文彬.2006-真情味【大旗】【WAV+CUE】
https://blog.sina.com.cn/s/blog_6943970c0102zm27.html	群星.1994-友善的狗9大创作艺人9首全新单曲精丫友善的狗】【WAV+CU…
https://blog.sina.com.cn/s/blog_6943970c0102zm26.html	李亚萍.2014-丽风金典系列2CD【丽风】【WAV+CUE】
https://blog.sina.com.cn/s/blog_6943970c0102zm25.html	孙家馨.2023-孙家馨独唱专辑（2023鎏金系列MQA金碟版）【太平洋影…
https://blog.sina.com.cn/s/blog_6943970c0102zm24.html	叶振棠.2019-笛子情HQCD【风行】【WAV+CUE】
https://blog.sina.com.cn/s/blog_6943970c0102zm23.html	谢采妘.1993-柔情蜜意迎新年【快乐】【WAV+CUE】
https://blog.sina.com.cn/s/blog_6943970c0102zm22.html	林玉英.1989-林玉英5CD【恒音】【WAV+CUE】
https://blog.sina.com.cn/s/blog_6943970c0102zm21.html	小虫.1995-活在爱里【滚石】【WAV+CUE】
https://blog.sina.com.cn/s/blog_6943970c0102zm20.html	周华健.1995-真的周华健3·弦弦全全完满篇（粤）【滚石】【WAV+CUE…
https://blog.sina.com.cn/s/blog_6943970c0102zm1z.html	周华健.1995-真的周华健2-弦途有你（粤）【滚石】【WAV+CUE】
https://blog.sina.com.cn/s/blog_6943970c0102zm1y.html	周华健.1994-真的周华健-有弦相聚（粤）【滚石】【WAV+CUE】
https://blog.sina.com.cn/s/blog_6943970c0102zm1x.html	群星.2015-狼图腾电影原声大碟（法版）【MILAN】【WAV+CUE】
https://blog.sina.com.cn/s/blog_6943970c0102zm1w.html	李慧珍.1997-在等待（日版）【乡音唱片】【WAV+CUE】
https://blog.sina.com.cn/s/blog_6943970c0102zm1v.html	群星.1990-CINEPOLY.5TH.ANNIVERSARY【新艺宝】【WAV+CUE】
https://blog.sina.com.cn/s/blog_6943970c0102zm1u.html	陈艾湄.1992-男女情歌精选辑【巨翼唱片】【WAV+CUE】
https://blog.sina.com.cn/s/blog_6943970c0102zm1t.html	杨静.2016-一句爱【豪记】【WAV+CUE】
https://blog.sina.com.cn/s/blog_6943970c0102zm1s.html	群星.2009-红色推土机2CD【民谣地图】【WAV+CUE】
https://blog.sina.com.cn/s/blog_6943970c0102zm1r.html	温岚.2015-爱上自己【WAV+CUE】
https://blog.sina.com.cn/s/blog_6943970c0102zm1q.html	银河四重唱.2023-半个月亮爬上来（2023鎏金系列MQA金碟版）【太平…
https://blog.sina.com.cn/s/blog_6943970c0102zm1p.html	爱乐团.2006-放开【上像】【WAV+CUE】
https://blog.sina.com.cn/s/blog_6943970c0102zm1o.html	爱慧娜.1975-嘻嘻哈哈过新年（LP版）【白云唱片】【WAV+CUE】
https://blog.sina.com.cn/s/blog_6943970c0102zm1n.html	含笑.1999-含笑精丫上海声像】【WAV+CUE】
https://blog.sina.com.cn/s/blog_6943970c0102zm1m.html	群星.1998-20世纪中国摇滚大系2辑【京文】【WAV+CUE】
https://blog.sina.com.cn/s/blog_6943970c0102zm1l.html	林俊吉.2011-靠山【美华】【WAV+CUE】
https://blog.sina.com.cn/s/blog_6943970c0102zm1k.html	群星.2002-少林足球电影原声带（日版）【CE唱片】【WAV+CUE】
https://blog.sina.com.cn/s/blog_6943970c0102zm1j.html	姜育恒.2010-爱的痕迹【育恒工作室】【WAV+CUE】
https://blog.sina.com.cn/s/blog_6943970c0102zm1i.html	陈咏桐.2023-万人邂逅【Amusic】【FLAC分轨】
https://blog.sina.com.cn/s/blog_6943970c0102zm1h.html	陈兰丽.1977-微笑（2015年复黑版）【海山唱片】【WAV+CUE】
https://blog.sina.com.cn/s/blog_6943970c0102zm1g.html	马条.2009-马条【十三月唱片】【WAV+CUE】
https://blog.sina.com.cn/s/blog_6943970c0102zm1f.html	雷圣雄.2013-我知道【磐石传播】【WAV+CUE】
https://blog.sina.com.cn/s/blog_6943970c0102zm1e.html	群星.1996-EMI精挑最细选唯我独尊情歌最经典【EMI百代】【WAV+CUE…
https://blog.sina.com.cn/s/blog_6943970c0102zm1d.html	薛之谦.2020-天外来物【华宇世博】【WAV+CUE】
https://blog.sina.com.cn/s/blog_6943970c0102zm1c.html	程琳.2023-童年的小摇车（2023MQA限量版）【太平洋影音】【WAV+CUE…
https://blog.sina.com.cn/s/blog_6943970c0102zm1b.html	温碧霞.1993-海潮新曲+精选（2007新世纪复刻版）【The.Forward.Thi…
https://blog.sina.com.cn/s/blog_6943970c0102zm1a.html	何映达.1989-据我所知【蓝与白】【WAV+CUE】
https://blog.sina.com.cn/s/blog_6943970c0102zm19.html	郑融.2009-郑.融新歌+精选2CD【星娱乐】【WAV+CUE】
https://blog.sina.com.cn/s/blog_6943970c0102zm17.html	孟庭苇.1998-恋人【友善的狗】【WAV+CUE】
https://blog.sina.com.cn/s/blog_6943970c0102zm16.html	徐雯倩.1987-美丽的约定【海丽】【WAV+CUE】
https://blog.sina.com.cn/s/blog_6943970c0102zm15.html	群星.2009-赤壁电影原声大碟完整版（引进版）【爱贝克思】【WAV+CU…
https://blog.sina.com.cn/s/blog_6943970c0102zm14.html	甘奇灵.1993-啥人讲阮无个性【歌林】【WAV+CUE】
https://blog.sina.com.cn/s/blog_6943970c0102zm13.html	陶晶莹.1999-我变了【丰华】【WAV+CUE】
https://blog.sina.com.cn/s/blog_6943970c0102zm12.html	群星.2002-天作之合34首·惊世合唱精选专辑2CD【华纳】【WAV+CUE】
https://blog.sina.com.cn/s/blog_6943970c0102zm11.html	草蜢.2000-环球2000超巨星系列【环球】【WAV+CUE】
https://blog.sina.com.cn/s/blog_6943970c0102zm10.html	TENSION.2004-Story新歌+精丫EMI百代】【FLAC分轨】
https://blog.sina.com.cn/s/blog_6943970c0102zm0z.html	林峰.2012-SELF-PORTRAIT【英皇娱乐】【WAV+CUE】
https://blog.sina.com.cn/s/blog_6943970c0102zm0y.html	朱婧汐.2024－VILLAIN反派角色【StreetVoic】【FLAC分轨】
https://blog.sina.com.cn/s/blog_6943970c0102zm0x.html	黎姿.1993-如果真的恋爱【华纳】【WAV+CUE】
https://blog.sina.com.cn/s/blog_6943970c0102zm0w.html	杨采妮.1996-为所欲为（国专）【EMI百代】【WAV+CUE】
https://blog.sina.com.cn/s/blog_6943970c0102zm0v.html	苏有朋.1994-珍惜的背包（第3张）【飞碟】【WAV+CUE】
https://blog.sina.com.cn/s/blog_6943970c0102zm0u.html	群星.1993-城市童话【宝丽金】【WAV+CUE】
https://blog.sina.com.cn/s/blog_6943970c0102zm0t.html	萧敬腾.2014-THE.SONG【华纳】【WAV+CUE】
https://blog.sina.com.cn/s/blog_6943970c0102zm0s.html	群星.1997-大漠风沙·南方群星大对唱【南方】【WAV+CUE】
https://blog.sina.com.cn/s/blog_6943970c0102zm0r.html	李翊君.2001-逆风顺风【歌莱美】【WAV+CUE】
https://blog.sina.com.cn/s/blog_6943970c0102zm0q.html	黄乙玲.1991-成功一定是咱的【歌林】【WAV+CUE】
https://blog.sina.com.cn/s/blog_6943970c0102zm0p.html	郑智化.1996-麻将（EP）【丰华】【WAV+CUE】
https://blog.sina.com.cn/s/blog_6943970c0102zm0o.html	群星.1991-重力加速度蓝白精华连串曲【蓝与白】【WAV+CUE】
https://blog.sina.com.cn/s/blog_6943970c0102zm0n.html	黄莺莺.1996-花言巧语【EMI百代】【WAV+CUE】
https://blog.sina.com.cn/s/blog_6943970c0102zm0m.html	戚薇.2012-如果爱忘了（EP）【海蝶】【WAV+CUE】
https://blog.sina.com.cn/s/blog_6943970c0102zm0l.html	郭峰.2004-燃烧【飞乐】【WAV+CUE】
https://blog.sina.com.cn/s/blog_6943970c0102zm0k.html	江明学.1992-心情盒子2辑【超音波】【WAV+CUE】
https://blog.sina.com.cn/s/blog_6943970c0102zm0j.html	许钧.2021-美梦公司【环球】【FLAC分轨】
https://blog.sina.com.cn/s/blog_6943970c0102zm0i.html	林凡.2007-非爱不可·心（英专）【福茂】【WAV+CUE】
https://blog.sina.com.cn/s/blog_6943970c0102zm0h.html	苏永康.2017-LOVE.FROM.THE.LAST.CENTURY【华星】【WAV+CUE】
https://blog.sina.com.cn/s/blog_6943970c0102zm0g.html	群星.2024-繁花电宙剧原声带【环球】【FLAC分轨】
https://blog.sina.com.cn/s/blog_6943970c0102zm0f.html	陈慧娴.2004-3IN1珍藏集3CD【环球】【FLAC分轨】
https://blog.sina.com.cn/s/blog_6943970c0102zm0e.html	罗大佑.1989-情歌罗大佑2辑【滚石】【WAV+CUE】
https://blog.sina.com.cn/s/blog_6943970c0102zm0d.html	群星.1995-影视歌坛·流行金曲VOL.1【北京电视艺术中心】【WAV+CUE…
https://blog.sina.com.cn/s/blog_6943970c0102zm0c.html	吴淑敏.1994-少女的心声【福和唱片】【WAV+CUE】
https://blog.sina.com.cn/s/blog_6943970c0102zm0b.html	C.AllStar.2014-Cantoposibility【寰亚唱片】【FLAC分轨】
https://blog.sina.com.cn/s/blog_6943970c0102zm0a.html	罗百吉.1996-什么世界【魔岩】【WAV+CUE】
https://blog.sina.com.cn/s/blog_6943970c0102zm09.html	陈柏宇.2023-IN.RHYTHM【SONY】【FLAC分轨】
https://blog.sina.com.cn/s/blog_6943970c0102zm08.html	新裤子.2008-野人也有爱【摩登天空】【WAV+CUE】
https://blog.sina.com.cn/s/blog_6943970c0102zm07.html	宋祖英.2001-大地飞歌【新时代】【WAV+CUE】
https://blog.sina.com.cn/s/blog_6943970c0102zm06.html	郑少秋.1982-富贵荣华（2020娱乐宝典原音重现系列）【娱乐唱片】【…
https://blog.sina.com.cn/s/blog_6943970c0102zm05.html	丁当.2014-敢爱敢当2CD【相信音乐】【WAV+CUE】
https://blog.sina.com.cn/s/blog_6943970c0102zm04.html	魏如昀.2016-所谓如昀【发现音乐】【WAV分轨】
https://blog.sina.com.cn/s/blog_6943970c0102zm03.html	麦浚龙.2005-WALKING.UNDERNEATH.2CD【SILLYTHING】【WAV+CUE】
https://blog.sina.com.cn/s/blog_6943970c0102zm02.html	陈怡婷.2016-爱情的滋味【时代创意】【WAV+CUE】
https://blog.sina.com.cn/s/blog_6943970c0102zm01.html	区瑞强.1992-回归大自然精选2辑【银星】【WAV+CUE】
https://blog.sina.com.cn/s/blog_6943970c0102zm00.html	群星.2023-怀顾·一个顾嘉辉的时代8CD【环球】【WAV+CUE】
https://blog.sina.com.cn/s/blog_6943970c0102zlzz.html	沈文程.1994-云中月【金燕】【WAV+CUE】
https://blog.sina.com.cn/s/blog_6943970c0102zlzy.html	马頔.2014-孤岛【摩登天空】【WAV+CUE】
https://blog.sina.com.cn/s/blog_6943970c0102zlzx.html	邓丽君.1995-再见我的爱人4辑8CD（环球留声复刻版）【宝丽金】【WA…
https://blog.sina.com.cn/s/blog_6943970c0102zlzw.html	吕珊.2012-PHASES.OF.LOVE【环星唱片】【WAV+CUE】
https://blog.sina.com.cn/s/blog_6943970c0102zlzv.html	蔡枫华.2006-绝对蔡枫华金曲50首3CD【SONY】【WAV+CUE】
https://blog.sina.com.cn/s/blog_6943970c0102zlzu.html	TWINS.2024-WE.ARE.TWINS（EP）【英皇娱乐】【FLAC分轨】
https://blog.sina.com.cn/s/blog_6943970c0102zlzt.html	林忆莲.2006-呼吸(大碟29)【维京】【WAV+CUE】
https://blog.sina.com.cn/s/blog_6943970c0102zlzs.html	陈楚生.2009-冬去春来【华谊兄弟】【WAV+CUE】
https://blog.sina.com.cn/s/blog_6943970c0102zlzr.html	群星.2011-金陵十三钗电影原声大碟【SONY】【WAV+CUE】
https://blog.sina.com.cn/s/blog_6943970c0102zlzq.html	戴爱玲.2011-不只十二月新歌+精选2CD【SONY】【WAV+CUE】
https://blog.sina.com.cn/s/blog_6943970c0102zlzp.html	群星.1996-十年好盒1986-1995黄金精选集【上华】【WAV+CUE】
https://blog.sina.com.cn/s/blog_6943970c0102zlzo.html	张洪量.2014-爱情神曲（EP）【洪量文化】【WAV+CUE】
https://blog.sina.com.cn/s/blog_6943970c0102zlzn.html	蔡健雅.2009-若你碰到他（引进版）【亚神音乐】【WAV+CUE】
https://blog.sina.com.cn/s/blog_6943970c0102zlzm.html	姚黛玮.1997-感情的事很难说【现代派】【WAV+CUE】
https://blog.sina.com.cn/s/blog_6943970c0102zlzl.html	刘德华.1991-我和我追逐的梦（国）【宝艺星】【WAV+CUE】
https://blog.sina.com.cn/s/blog_6943970c0102zlzk.html	张小英.1994-金嗓子5CD【恒音】【WAV+CUE】
https://blog.sina.com.cn/s/blog_6943970c0102zlzj.html	白冰冰.2003-精丫天鹅】【WAV+CUE】
https://blog.sina.com.cn/s/blog_6943970c0102zlzi.html	冯允谦.2023-IN.GOOD.TIME（EP）【寰亚】【FLAC分轨】
https://blog.sina.com.cn/s/blog_6943970c0102zlzg.html	魏如萱.2019-藏着并不等于遗忘【SONY】【WAV+CUE】
https://blog.sina.com.cn/s/blog_6943970c0102zlzf.html	彭坦.2020-子夜集【摩登天空】【WAV+CUE】
https://blog.sina.com.cn/s/blog_6943970c0102zlze.html	张敬轩.2007-MY.1ST.COLLECTION.2CD【环球】【WAV+CUE】
https://blog.sina.com.cn/s/blog_6943970c0102zlzd.html	祝瑞莲.1979-王先生有块地（复刻版）【乡城】【WAV+CUE】
https://blog.sina.com.cn/s/blog_6943970c0102zlzc.html	群星.2000-花样年华AVCD【BLOCK2】【WAV+CUE】
https://blog.sina.com.cn/s/blog_6943970c0102zlzb.html	龙千玉.2009-珍惜【南方】【WAV+CUE】
https://blog.sina.com.cn/s/blog_6943970c0102zlza.html	群星.1992-难忘您许冠杰【华纳】【WAV+CUE】
https://blog.sina.com.cn/s/blog_6943970c0102zlz9.html	谭咏麟杜丽莎.2012-TIME.AFTER.TIME演唱会3CD【环球】【WAV+CUE】
https://blog.sina.com.cn/s/blog_6943970c0102zlz8.html	谭咏麟杜丽莎.2012-TIME.AFTER.TIME【环球】【WAV+CUE】
https://blog.sina.com.cn/s/blog_6943970c0102zlz7.html	张震岳.1997-这个下午很无聊【魔岩】【WAV+CUE】
https://blog.sina.com.cn/s/blog_6943970c0102zlz6.html	江海迦.2024-AGATHA【英皇娱乐】【FLAC分轨】
https://blog.sina.com.cn/s/blog_6943970c0102zlz5.html	杨丞琳.2019-删·拾以后【环球】【WAV+CUE】
https://blog.sina.com.cn/s/blog_6943970c0102zlz4.html	叶瑷菱.1987-点歌集10CD【瑞星】【WAV+CUE】
https://blog.sina.com.cn/s/blog_6943970c0102zlz3.html	江志丰.2015-日记【乾坤】【WAV+CUE】
https://blog.sina.com.cn/s/blog_6943970c0102zlz2.html	群星.2010-苏乞儿电影原声大碟【星娱乐】【WAV+CUE】
https://blog.sina.com.cn/s/blog_6943970c0102zlz1.html	好妹妹.2018-我愿为你轻轻歌唱台北演唱会live【有此山文化】【FLAC…
https://blog.sina.com.cn/s/blog_6943970c0102zlz0.html	林凡.2010-眼泪流回去【滚石】【WAV+CUE】
https://blog.sina.com.cn/s/blog_6943970c0102zlyz.html	群星.1992-华纳经典爱情故事【华纳】【WAV+CUE】
https://blog.sina.com.cn/s/blog_6943970c0102zlyy.html	廖俊涛.2022-不长情的某某（EP）【哇唧唧哇娱乐】【FLAC分轨】
https://blog.sina.com.cn/s/blog_6943970c0102zlyx.html	连诗雅.2017-Another.Me（EP）【华纳】【FLAC分轨】
https://blog.sina.com.cn/s/blog_6943970c0102zlyw.html	方大同.2006-爱爱爱【华纳】【WAV+CUE】
https://blog.sina.com.cn/s/blog_6943970c0102zlyv.html	蔡秋凤.2005-粉红色腰带【大旗】【WAV+CUE】
https://blog.sina.com.cn/s/blog_6943970c0102zlyu.html	彭家丽.1998-寻找（国）【米洛克】【WAV+CUE】
https://blog.sina.com.cn/s/blog_6943970c0102zlyt.html	群星.2002-拍档（周杰伦方文山联手他作精选）【阿尔发】【WAV+CUE…
https://blog.sina.com.cn/s/blog_6943970c0102zlys.html	群星.2009-风云2风云义电影原声歌曲集【大国文化】【WAV+CUE】
https://blog.sina.com.cn/s/blog_6943970c0102zlyr.html	姜昕.1996-花开不败【天蝎文化】【WAV+CUE】
https://blog.sina.com.cn/s/blog_6943970c0102zlyq.html	群星.1999-真爱永恒二十世纪情歌精典录【京文】【WAV+CUE】
https://blog.sina.com.cn/s/blog_6943970c0102zlyp.html	王识贤.2006-爱你一千一万年【大旗】【WAV+CUE】
https://blog.sina.com.cn/s/blog_6943970c0102zlyo.html	杭盖乐队.2014-回到你身旁【星外星】【FLAC分轨】
https://blog.sina.com.cn/s/blog_6943970c0102zlyn.html	2个女生.1998-READY.TO.FLY【EMI百代】【WAV+CUE】
https://blog.sina.com.cn/s/blog_6943970c0102zlym.html	林心如.2001-双面林心如·投怀送抱【BMG】【WAV+CUE】
https://blog.sina.com.cn/s/blog_6943970c0102zlyl.html	陈忆文怡莉.1988-国语老歌新唱10CD【华哥唱片】【WAV+CUE】
https://blog.sina.com.cn/s/blog_6943970c0102zlyk.html	李雨寰.2000-TECHNO.LOVE【魔岩】【WAV+CUE】
https://blog.sina.com.cn/s/blog_6943970c0102zlyj.html	甄秀珍.2002-经典金曲珍藏版2CD【东尼机构】【WAV+CUE】
https://blog.sina.com.cn/s/blog_6943970c0102zlyi.html	F.I.R.飞儿乐团.2005-无限【华纳】【WAV+CUE】
https://blog.sina.com.cn/s/blog_6943970c0102zlyh.html	美好药店.2008-脚步声阵阵【刀马旦】【WAV+CUE】
https://blog.sina.com.cn/s/blog_6943970c0102zlyg.html	群星.2016-臥虎藏龙2青冥宝剑电影原声大碟【SONY】【WAV+CUE】
https://blog.sina.com.cn/s/blog_6943970c0102zlyf.html	荒山亮.2012-金曲霹雳2CD【大霹雳】【WAV+CUE】
https://blog.sina.com.cn/s/blog_6943970c0102zlye.html	蔡健雅.1998-BORED.2CD【环球】【WAV+CUE】
https://blog.sina.com.cn/s/blog_6943970c0102zlyd.html	林晓培.2003-1st.BEST.2CD【友善的狗】【WAV+CUE】
https://blog.sina.com.cn/s/blog_6943970c0102zlyc.html	沈文程.1994-流浪的吉他【乡城】【WAV+CUE】
https://blog.sina.com.cn/s/blog_6943970c0102zlyb.html	群星.2003-爱情蒲公英2CD【华纳】【WAV+CUE】
https://blog.sina.com.cn/s/blog_6943970c0102zlya.html	蔡可荔.2012-金曲2IN1【南方】【WAV+CUE】
https://blog.sina.com.cn/s/blog_6943970c0102zly9.html	郑智化.1993-落泪的戏子【飞碟】【WAV+CUE】
https://blog.sina.com.cn/s/blog_6943970c0102zly8.html	侯湘婷.2002-ILL.MARRY.YOU（EP）【维京】【WAV+CUE】
https://blog.sina.com.cn/s/blog_6943970c0102zly6.html	高枫.1997-最好的礼物(TP版)【星工晨【WAV+CUE】
https://blog.sina.com.cn/s/blog_6943970c0102zly5.html	小娟山谷里的居民.2011-C大调的城2CD【风潮】【WAV+CUE】
https://blog.sina.com.cn/s/blog_6943970c0102zly4.html	黄凯芹.2004-3IN1珍藏集3CD【环球】【FLAC分轨】
https://blog.sina.com.cn/s/blog_6943970c0102zly3.html	群星.2014-京城81号电影原声大碟【新汇】【WAV+CUE】
https://blog.sina.com.cn/s/blog_6943970c0102zly2.html	林忆莲.2006-夜色无边LIVE20052CD【金牌大风】【WAV+CUE】
https://blog.sina.com.cn/s/blog_6943970c0102zly1.html	刺猬乐队.2009-白日梦蓝【摩登天空】【WAV+CUE】
https://blog.sina.com.cn/s/blog_6943970c0102zly0.html	刘若英.1995-雨季【滚石】【WAV+CUE】
https://blog.sina.com.cn/s/blog_6943970c0102zlxz.html	成凤.1990-金曲精选辑【丽歌】【WAV+CUE】
https://blog.sina.com.cn/s/blog_6943970c0102zlxy.html	韦礼安.2020-SOUNDS.OF.MY.LIFE【亚神音乐】【WAV+CUE】
https://blog.sina.com.cn/s/blog_6943970c0102zlxx.html	群星.2006-全天后（引进版）【华纳】【WAV+CUE】
https://blog.sina.com.cn/s/blog_6943970c0102zlxw.html	李明洋.2001-你好吗？【音网】【WAV+CUE】
https://blog.sina.com.cn/s/blog_6943970c0102zlxv.html	马浚伟.1993-幸运就是遇到你【华纳】【WAV+CUE】
https://blog.sina.com.cn/s/blog_6943970c0102zlxt.html	杜德伟.1992-拯救地球精丫华纳】【WAV+CUE】
https://blog.sina.com.cn/s/blog_6943970c0102zlxs.html	黄舒骏.2003-黄金精选集XRCD【歌林】【WAV+CUE】
https://blog.sina.com.cn/s/blog_6943970c0102zlxr.html	群星.2003-闭上眼睛去旅行3辑6CD【EMI百代】【WAV+CUE】
https://blog.sina.com.cn/s/blog_6943970c0102zlxq.html	邰正宵.2002-现代重奏有你室乐演唱会【现代音像】【WAV+CUE】
https://blog.sina.com.cn/s/blog_6943970c0102zlxp.html	群星.2008-投名状电影原声大碟【东亚】【WAV+CUE】
https://blog.sina.com.cn/s/blog_6943970c0102zlxo.html	潘嘉丽.2007-在世界中心【知道音乐】【WAV+CUE】
https://blog.sina.com.cn/s/blog_6943970c0102zlxn.html	潘丽丽.1994-画眉·公开情书【水晶有声】【WAV+CUE】
https://blog.sina.com.cn/s/blog_6943970c0102zlxm.html	玖壹壹.2018-搏感情【滚石】【FLAC分轨】
https://blog.sina.com.cn/s/blog_6943970c0102zlxl.html	陈奕迅.2023-CHIN.UP【EASMUSIC】【WAV+CUE】
https://blog.sina.com.cn/s/blog_6943970c0102zlxk.html	刘小慧.1995-谢谢你爱过我（国）【BMG】【WAV+CUE】
https://blog.sina.com.cn/s/blog_6943970c0102zlxj.html	钟汉良.1997-自恋舞星级【艺能动音】【WAV+CUE】
https://blog.sina.com.cn/s/blog_6943970c0102zlxi.html	群星.1995-钻石年代·国语留声机5CD【海山】【WAV+CUE】
https://blog.sina.com.cn/s/blog_6943970c0102zlxh.html	张学友.1994-偷心【宝丽金】【WAV+CUE】
https://blog.sina.com.cn/s/blog_6943970c0102zlxg.html	许慧欣.2008-欣的记忆（EP）【环球】【WAV+CUE】
https://blog.sina.com.cn/s/blog_6943970c0102zlxf.html	麦洁文.1988-迷乱【新艺宝】【WAV+CUE】
https://blog.sina.com.cn/s/blog_6943970c0102zlxe.html	周慧敏.2002-失物招领2CD【福茂】【WAV+CUE】
https://blog.sina.com.cn/s/blog_6943970c0102zlxd.html	苏立生.2018-认苏【梦想当然】【FLAC分轨】
https://blog.sina.com.cn/s/blog_6943970c0102zlxc.html	群星.2011-传奇再续5CD【环球】【WAV+CUE】
https://blog.sina.com.cn/s/blog_6943970c0102zlxb.html	温拿乐队.1988-88温拿十五周年演唱会2CD（2004环球复黑王）【宝丽…
https://blog.sina.com.cn/s/blog_6943970c0102zlxa.html	群星.1986-城市民歌（2007环球复黑王）【宝丽金】【FLAC分轨】
https://blog.sina.com.cn/s/blog_6943970c0102zlx9.html	张咪.1992-戏说从头1982-1992（TP版）【太平洋影音】【WAV+CUE】
https://blog.sina.com.cn/s/blog_6943970c0102zlx8.html	梁朝伟.1993-一天一点爱恋【金点娱乐】【WAV+CUE】
https://blog.sina.com.cn/s/blog_6943970c0102zlx7.html	杨宗宪.1993-偷偷爱着你【有容唱片】【WAV+CUE】
https://blog.sina.com.cn/s/blog_6943970c0102zlx6.html	孟庭苇.1997-第二道彩虹【SONY】【WAV+CUE】
https://blog.sina.com.cn/s/blog_6943970c0102zlx5.html	李幸倪.2016-BEGIN【环球】【WAV+CUE】
https://blog.sina.com.cn/s/blog_6943970c0102zlx4.html	王若琳.2019-爱的呼唤【SONY】【WAV+CUE】
https://blog.sina.com.cn/s/blog_6943970c0102zlx3.html	群星.2013-天台电影原声带【SONY】【WAV+CUE】
https://blog.sina.com.cn/s/blog_6943970c0102zlx2.html	腾格尔.2009-双情2CD【中唱】【WAV+CUE】
https://blog.sina.com.cn/s/blog_6943970c0102zlx1.html	群星.1989-辣到跳舞Summer.Remix【华星】【WAV+CUE】
https://blog.sina.com.cn/s/blog_6943970c0102zlx0.html	万芳.2000-这天【滚石】【WAV+CUE】
https://blog.sina.com.cn/s/blog_6943970c0102zlwz.html	林良欢.2018-思念的情泪【豪记】【WAV+CUE】
https://blog.sina.com.cn/s/blog_6943970c0102zlwy.html	许冠杰.2011-音乐大全101【环球】【FLAC分轨】
https://blog.sina.com.cn/s/blog_6943970c0102zlwx.html	木吉他.1993-记得我【宝丽金】【WAV+CUE】
https://blog.sina.com.cn/s/blog_6943970c0102zlww.html	群星.1994-涛声依旧·陈小奇十年经典金曲选1983-1993【太平洋影音】…
https://blog.sina.com.cn/s/blog_6943970c0102zlwv.html	王晓晴.1979-爱的组曲秋思（2014复黑版）【海山】【WAV+CUE】
https://blog.sina.com.cn/s/blog_6943970c0102zlwu.html	张立基.1989-今夜你是否一人【EMI百代】【WAV+CUE】
https://blog.sina.com.cn/s/blog_6943970c0102zlws.html	郑中基.2008-怪胎新歌精选2CD【金牌大风】【WAV+CUE】
https://blog.sina.com.cn/s/blog_6943970c0102zlwr.html	群星.1995-影像之外的回响·滚石历年电影主题宝典2CD【滚石】【WAV+…
https://blog.sina.com.cn/s/blog_6943970c0102zlwq.html	叶蓓.2008-我要的自由【新汇】【WAV+CUE】
https://blog.sina.com.cn/s/blog_6943970c0102zlwp.html	吴淑敏.1992-无缘的爱【吉马】【WAV+CUE】
https://blog.sina.com.cn/s/blog_6943970c0102zlwo.html	群星.2006-云水谣电影原声大碟【国际文化】【WAV+CUE】
https://blog.sina.com.cn/s/blog_6943970c0102zlwn.html	王铮亮.2019-不假思索【少城时代】【FLAC分轨】
https://blog.sina.com.cn/s/blog_6943970c0102zlwm.html	关淑怡.2004-3IN1珍藏集【环球】【FLAC分轨】
https://blog.sina.com.cn/s/blog_6943970c0102zlwl.html	涂议嘉.2015-十七【梦响强音】【WAV+CUE】
https://blog.sina.com.cn/s/blog_6943970c0102zlwk.html	德德玛.2023-美丽的草原我的家（2023鎏金系列MQA金碟版）【太平洋…
https://blog.sina.com.cn/s/blog_6943970c0102zlwj.html	Cocos.1988-我们都是人（2014环球复黑王·百代篇）【EMI百代】【WAV…
https://blog.sina.com.cn/s/blog_6943970c0102zlwi.html	江美琪.1999-第二眼美女【维京】【WAV+CUE】
https://blog.sina.com.cn/s/blog_6943970c0102zlwg.html	黎明诗.1991-BACK.TO.INNOCENCE【EMI百代】【WAV+CUE】
https://blog.sina.com.cn/s/blog_6943970c0102zlwf.html	群星.2005-如果·爱电影原声（豪华版）【EMI百代】【WAV+CUE】
https://blog.sina.com.cn/s/blog_6943970c0102zlwe.html	王晰.2021-回望（EP）【制作家】【FLAC分轨】
https://blog.sina.com.cn/s/blog_6943970c0102zlwd.html	许绍洋.2003-傻的可以【滚石】【FLAC分轨】
https://blog.sina.com.cn/s/blog_6943970c0102zlwc.html	群星.2000-华纳千禧世纪精选II3CD【华纳】【FLAC分轨】
https://blog.sina.com.cn/s/blog_6943970c0102zlwb.html	赵传.1995-当初应该爱你【滚石】【WAV+CUE】
https://blog.sina.com.cn/s/blog_6943970c0102zlwa.html	李克勤.2005-演奏厅1+2【环球】【WAV+CUE】
https://blog.sina.com.cn/s/blog_6943970c0102zlw9.html	孙协志.1995-心事【大旗】【WAV+CUE】
https://blog.sina.com.cn/s/blog_6943970c0102zlw8.html	2V1G.2010-心甘情愿【摩亚唱片】【WAV+CUE】
https://blog.sina.com.cn/s/blog_6943970c0102zlw7.html	张振宇.2004-别说我的眼泪你无所谓【飞乐】【WAV+CUE】
https://blog.sina.com.cn/s/blog_6943970c0102zlw6.html	王栎鑫.2019-大不了就再遗憾【大雨文化】【FLAC分轨】
https://blog.sina.com.cn/s/blog_6943970c0102zlw5.html	满江.2004-四舍五入【易柏文化】【WAV+CUE】
https://blog.sina.com.cn/s/blog_6943970c0102zlw4.html	草蜢.2011-音乐大全101.5CD【环球】【FLAC分轨】
https://blog.sina.com.cn/s/blog_6943970c0102zlw3.html	群星.1995-音乐少年事件簿【宝丽金】【WAV+CUE】
https://blog.sina.com.cn/s/blog_6943970c0102zlw2.html	郭富城.1996-听风的歌【华纳】【WAV+CUE】
https://blog.sina.com.cn/s/blog_6943970c0102zlw1.html	黄安.1999-奈何【大信唱片】【WAV+CUE】
https://blog.sina.com.cn/s/blog_6943970c0102zlw0.html	阿吉仔.2006-再感恩精选集【福将】【WAV+CUE】
https://blog.sina.com.cn/s/blog_6943970c0102zlvz.html	Abo.2016-Self【MusicNext】【FLAC分轨】
https://blog.sina.com.cn/s/blog_6943970c0102zlvy.html	陈升.2006-这些人，那些人【新乐园】【WAV+CUE】
https://blog.sina.com.cn/s/blog_6943970c0102zlvx.html	2个女生.1997-2个女生【EMI百代】【WAV+CUE】
https://blog.sina.com.cn/s/blog_6943970c0102zlvw.html	布仁巴雅尔.2023-天边特别纪念版【太平洋影音】【WAV+CUE】
https://blog.sina.com.cn/s/blog_6943970c0102zlvu.html	刘嘉玲.1996-情冷卻【巨石】【WAV+CUE】
https://blog.sina.com.cn/s/blog_6943970c0102zlvt.html	任洁玲.1996-感情用事【飞碟】【WAV+CUE】
https://blog.sina.com.cn/s/blog_6943970c0102zlvs.html	群星.2007-太阳照常升起电影原声大碟【WONDER.CITY】【WAV+CUE】
https://blog.sina.com.cn/s/blog_6943970c0102zlvr.html	群星.1995-友情至叻靓歌【宝丽金】【WAV+CUE】
https://blog.sina.com.cn/s/blog_6943970c0102zlvq.html	林宥嘉.2017-有时THE.GREAT.YOGA.有时口的形状演唱会自选LIVECD1【…
https://blog.sina.com.cn/s/blog_6943970c0102zlvp.html	群星.1988-手拉手（TP版）【中国广播录音出版社】【WAV+CUE】
https://blog.sina.com.cn/s/blog_6943970c0102zlvo.html	陈淑萍.2004-错爱【乾坤唱片】【WAV+CUE】
https://blog.sina.com.cn/s/blog_6943970c0102zlvn.html	蔡依林.2012-MUSE【华纳】【WAV+CUE】
https://blog.sina.com.cn/s/blog_6943970c0102zlvm.html	李琦.2014-唱给十年后的自己【当然娱乐】【FLAC分轨】
https://blog.sina.com.cn/s/blog_6943970c0102zlvl.html	MEGAN.2023-THE.ORIGIN.OF.LOVE爱美艮源【POPPOPFACTORY】【FLAC分…
https://blog.sina.com.cn/s/blog_6943970c0102zlvk.html	刘欢.1997-记住刘欢1+2【上海声像】【WAV+CUE】
https://blog.sina.com.cn/s/blog_6943970c0102zlvi.html	胡慧中.1991-城市行囊【歌林唱片】【WAV+CUE】
https://blog.sina.com.cn/s/blog_6943970c0102zlvh.html	娃娃.1997-金典·金智娟经典重生辑（20位元发烧珍藏版）【环球】【W…
https://blog.sina.com.cn/s/blog_6943970c0102zlvg.html	群星.2011-甄嬛传影视音乐原声大碟【京文】【WAV+CUE】
https://blog.sina.com.cn/s/blog_6943970c0102zlvf.html	吴浩康.2004-DEEP.IN.THE.MUSIC.2CD【英皇娱乐】【WAV+CUE】
https://blog.sina.com.cn/s/blog_6943970c0102zlve.html	洪玲.2006-月娘光光【大旗】【WAV+CUE】
https://blog.sina.com.cn/s/blog_6943970c0102zlvd.html	林玉英.2005-经典山地恋歌CD1【南方】【WAV+CUE】
https://blog.sina.com.cn/s/blog_6943970c0102zlvc.html	群星.2007-宝丽金传4CD【环球】【WAV+CUE】
https://blog.sina.com.cn/s/blog_6943970c0102zlvb.html	黄耀明.2006-港乐·电幻狂想曲3CD【英皇娱乐】【WAV+CUE】
https://blog.sina.com.cn/s/blog_6943970c0102zlva.html	邓瑞霞.2000-粤语柔情精品4CD【ARTS】【WAV+CUE】
https://blog.sina.com.cn/s/blog_6943970c0102zlv9.html	陈珊妮.2011-I.LOVE.YOU,JOHN.2CD【亚神音乐】【WAV+CUE】
https://blog.sina.com.cn/s/blog_6943970c0102zlv8.html	郑嘉颖.1994-全因身边有你【宝丽金】【WAV+CUE】
https://blog.sina.com.cn/s/blog_6943970c0102zlv7.html	群星.1988-六个朋友【飞碟】【WAV+CUE】
https://blog.sina.com.cn/s/blog_6943970c0102zlv6.html	动力火车迪克牛仔.1998-火车与牛仔·向好明天演唱会2CD【上华】【WA…
https://blog.sina.com.cn/s/blog_6943970c0102zlv5.html	简弘亦.2021-清歌【环球动音】【WAV分轨】
https://blog.sina.com.cn/s/blog_6943970c0102zlv4.html	群星.2002-天脉传奇电影原声大碟（美加长版）【BSX】【WAV+CUE】
https://blog.sina.com.cn/s/blog_6943970c0102zlv3.html	陈洁仪.2002-异想世界2CD【海蝶】【WAV+CUE】
https://blog.sina.com.cn/s/blog_6943970c0102zlv2.html	零点乐队.1998-每一夜每一天（台版15首）【骏麟】【WAV+CUE】
https://blog.sina.com.cn/s/blog_6943970c0102zlv1.html	郑怡.1993-流行岁月大师之旅3CD【友善的狗】【WAV+CUE】
https://blog.sina.com.cn/s/blog_6943970c0102zlv0.html	群星.2002-中国当代作曲家作品经典10CD【音乐家】【WAV+CUE】
https://blog.sina.com.cn/s/blog_6943970c0102zluz.html	林奕匡.2021-PHILOSOPHY（EP）【SONY】【WAV+CUE】
https://blog.sina.com.cn/s/blog_6943970c0102zluy.html	李俐青.2009-金嗓子歌后李俐青好歌金曲2CD【皇星全音】【WAV+CUE】
https://blog.sina.com.cn/s/blog_6943970c0102zlux.html	奚秀兰.2000-月圆花好（引进版）【新时代】【WAV+CUE】
https://blog.sina.com.cn/s/blog_6943970c0102zluw.html	群星.2005-Lets.Folk.Again重回木吉它2CD【WAV+CUE】
https://blog.sina.com.cn/s/blog_6943970c0102zluv.html	群星.2005-Lets.Folk重回木吉它2CD【SONY】【WAV+CUE】
https://blog.sina.com.cn/s/blog_6943970c0102zluu.html	群星.1998-百年好合【滚石】【WAV+CUE】
https://blog.sina.com.cn/s/blog_6943970c0102zlut.html	陈奕迅.2007-你的陈奕迅国语精选2CD【英皇娱乐】【WAV+CUE】
https://blog.sina.com.cn/s/blog_6943970c0102zlus.html	黄品源.2002-漫漫岁月情·珍藏集（引进版）【滚石】【WAV+CUE】
https://blog.sina.com.cn/s/blog_6943970c0102zlur.html	秀兰玛雅.2018-寄乎人生的第21张批【米乐士】【FLAC分轨】
https://blog.sina.com.cn/s/blog_6943970c0102zluq.html	少女队.1991-我的心要去旅行【飞碟】【WAV+CUE】
https://blog.sina.com.cn/s/blog_6943970c0102zlup.html	五坚情.2022-WOLF(S)【滚石】【FLAC分轨】
https://blog.sina.com.cn/s/blog_6943970c0102zluo.html	黄大炜.2008-绝对收藏2CD【SONY】【WAV+CUE】
https://blog.sina.com.cn/s/blog_6943970c0102zlum.html	刘若英.1995-少女小渔的美丽与哀愁【滚石】【WAV+CUE】
https://blog.sina.com.cn/s/blog_6943970c0102zlul.html	群星.2002-烈火雄心2原声大碟【华纳】【WAV+CUE】
https://blog.sina.com.cn/s/blog_6943970c0102zluk.html	群星.1993-倾情一千年恋曲精丫华纳】【WAV+CUE】
https://blog.sina.com.cn/s/blog_6943970c0102zluj.html	宋祖英.2005-百年留声·再现中国百年电影歌曲经典【风林】【WAV+CUE…
https://blog.sina.com.cn/s/blog_6943970c0102zlui.html	王建杰.1999-有你有我【雷群将】【WAV+CUE】
https://blog.sina.com.cn/s/blog_6943970c0102zluh.html	伍婉琛.1995-心跟你心【艺能动音】【WAV+CUE】
https://blog.sina.com.cn/s/blog_6943970c0102zlug.html	潘丽丽.1996-往事如影冬至圆【索引有声】【WAV+CUE】
https://blog.sina.com.cn/s/blog_6943970c0102zluf.html	方季惟.1992-典藏版2辑【蓝与白】【WAV+CUE】
https://blog.sina.com.cn/s/blog_6943970c0102zlue.html	刺猬乐队.2007-噪音袭击世界【摩登天空】【WAV+CUE】
https://blog.sina.com.cn/s/blog_6943970c0102zlud.html	林志美.1984-什么是缘份【SONY】【WAV+CUE】
https://blog.sina.com.cn/s/blog_6943970c0102zluc.html	群星.2006-丽的亚视半世紀的精彩3CD【华纳】【WAV+CUE】
https://blog.sina.com.cn/s/blog_6943970c0102zlub.html	陈明真.1994-1990-1994钻石金选集【上华】【WAV+CUE】
https://blog.sina.com.cn/s/blog_6943970c0102zlua.html	群星.2004-斗鱼电视原声带（引进版）【华纳】【WAV+CUE】
https://blog.sina.com.cn/s/blog_6943970c0102zlu9.html	陈小云.1985-台语专辑【吉丽】【WAV+CUE】
https://blog.sina.com.cn/s/blog_6943970c0102zlu8.html	九连真人.2020-阿民【渡乐文化】【FLAC+CUE】
https://blog.sina.com.cn/s/blog_6943970c0102zlu7.html	陈好.2005-陈好首张同名专【橙天华音】【WAV+CUE】
https://blog.sina.com.cn/s/blog_6943970c0102zlu6.html	迪克牛仔.2004-黄金十载XRCD限量版【SONY】【WAV+CUE】
https://blog.sina.com.cn/s/blog_6943970c0102zlu5.html	群星.1998-想念雨生2CD【丰华】【WAV+CUE】
https://blog.sina.com.cn/s/blog_6943970c0102zlu4.html	张雨生.1992-大海【飞碟】【WAV+CUE】
https://blog.sina.com.cn/s/blog_6943970c0102zlu3.html	万芳.1997-左手【滚石】【WAV+CUE】
https://blog.sina.com.cn/s/blog_6943970c0102zlu1.html	群星.2004-斗鱼电视原声带（引进版）【华纳】【WAV+CUE】
https://blog.sina.com.cn/s/blog_6943970c0102zlu0.html	王瑞瑜.1989-重提往事【同心园】【WAV+CUE】
https://blog.sina.com.cn/s/blog_6943970c0102zltz.html	群星.1996-高晓松作品集·青春无悔【麦田音乐】【WAV+CUE】
https://blog.sina.com.cn/s/blog_6943970c0102zlty.html	曹雅雯.2022-自本【滚石】【FLAC分轨】
https://blog.sina.com.cn/s/blog_6943970c0102zltx.html	蔡健雅.2013-天使与魔鬼的对话【亚神音乐】【WAV+CUE】
https://blog.sina.com.cn/s/blog_6943970c0102zltv.html	E-Kids.2003-Smile【EMI百代】【FLAC分轨】
https://blog.sina.com.cn/s/blog_6943970c0102zltu.html	曾淑勤.2013-微日舞曲【唯我音乐】【WAV+CUE】
https://blog.sina.com.cn/s/blog_6943970c0102zltt.html	张洪量.2004-全世界只有你不知道2CD（庆功限量版）【滚石】【WAV+C…
https://blog.sina.com.cn/s/blog_6943970c0102zlts.html	卢冠廷.2023-TOGETHER.AS.ONE【环球】【FLAC分轨】
https://blog.sina.com.cn/s/blog_6943970c0102zltn.html	李殊.2007-感动的心【新时代】【WAV+CUE】
https://blog.sina.com.cn/s/blog_6943970c0102zltm.html	郑秀文.1998-97演唱会Sammi.Star.Show.2CD【华纳】【WAV+CUE】
https://blog.sina.com.cn/s/blog_6943970c0102zltl.html	群星.2002-巴尔扎克与小裁缝电影原声大碟（法国版）【WAV+CUE】
https://blog.sina.com.cn/s/blog_6943970c0102zltk.html	群星.1996-飞碟1983-1995最卖座专辑主打歌精华辑·惊世纪录3CD【飞…
https://blog.sina.com.cn/s/blog_6943970c0102zltj.html	巴奈.2008-停在那片蓝【RingFire】【WAV+CUE】
https://blog.sina.com.cn/s/blog_6943970c0102zlti.html	林志炫.1995-一个人的样子（翻唱辑）【点将】【WAV+CUE】
https://blog.sina.com.cn/s/blog_6943970c0102zlth.html	施文彬.1999-施文彬的流放岁月孤情篇【蓝将唱片】【WAV+CUE】
https://blog.sina.com.cn/s/blog_6943970c0102zltg.html	王娟.2005-两个人的旅行【摩登天空】【WAV+CUE】
https://blog.sina.com.cn/s/blog_6943970c0102zltf.html	陈洁仪.1996-别让我恨你【立得唱片】【WAV+CUE】
https://blog.sina.com.cn/s/blog_6943970c0102zlte.html	熊美玲.2023-一路平安【禾广娱乐】【FLAC分轨】
https://blog.sina.com.cn/s/blog_6943970c0102zltd.html	陈汝佳.2000-难解的迷幻【广东音像】【WAV+CUE】
https://blog.sina.com.cn/s/blog_6943970c0102zltc.html	刘家昌.2010-丽风金典系列2CD【丽风】【WAV+CUE】
https://blog.sina.com.cn/s/blog_6943970c0102zltb.html	群星.2000-圣石传说电影原声带2CD【魔岩】【WAV+CUE】
https://blog.sina.com.cn/s/blog_6943970c0102zlta.html	黄雅莉.2017-说故事的人总掉眼泪【种子音乐】【FLAC分轨】
https://blog.sina.com.cn/s/blog_6943970c0102zlt9.html	杨静.2009-惜花【美华】【WAV+CUE】
https://blog.sina.com.cn/s/blog_6943970c0102zlt8.html	游鸿明.2000-下沙【大宇国际】【WAV+CUE】
https://blog.sina.com.cn/s/blog_6943970c0102zlt7.html	群星.2003-十年辉煌·中国歌曲排行榜10CD【京文】【WAV+CUE】
https://blog.sina.com.cn/s/blog_6943970c0102zlt6.html	周蕙.2002-我要你的爱【福茂】【WAV+CUE】
https://blog.sina.com.cn/s/blog_6943970c0102zlt5.html	周蕙.2001-今宵多珍重【福茂】【WAV+CUE】
https://blog.sina.com.cn/s/blog_6943970c0102zlt4.html	萧敬腾.2023-野生【华纳】【FLAC分轨】
https://blog.sina.com.cn/s/blog_6943970c0102zlt3.html	群星.1998-小倩动画电影原声【宝丽金】【WAV+CUE】
https://blog.sina.com.cn/s/blog_6943970c0102zlt2.html	常石磊.2009-新中国80后的红色经典【风向乐动】【WAV+CUE】
https://blog.sina.com.cn/s/blog_6943970c0102zlt1.html	陈盈洁.2005-女子汉【全员集合】【WAV+CUE】
https://blog.sina.com.cn/s/blog_6943970c0102zlt0.html	邓妙华.1987-精品集12CD【白云】【WAV+CUE】
https://blog.sina.com.cn/s/blog_6943970c0102zlsz.html	区瑞强,2001-儿童中英文民歌孩子FOLK气2CD【银星】【WAV+CUE】
https://blog.sina.com.cn/s/blog_6943970c0102zlsy.html	江惠仪.2023-陷眠【发现梦想】【FLAC分轨】
https://blog.sina.com.cn/s/blog_6943970c0102zlsx.html	刘若英.2010-在一起【相信音乐】【WAV+CUE】
https://blog.sina.com.cn/s/blog_6943970c0102zlsw.html	群星.2005-人间有爱2辑【静思文化】【WAV+CUE】
https://blog.sina.com.cn/s/blog_6943970c0102zlsv.html	魏晨.2014-帽子戏法（EP）【天娱传媒】【WAV+CUE】
https://blog.sina.com.cn/s/blog_6943970c0102zlsu.html	陈升.2018-无歌之歌【新乐园】【WAV+CUE】
https://blog.sina.com.cn/s/blog_6943970c0102zlss.html	罗宾.2006-浓情风云金曲3辑【南方】【WAV+CUE】
https://blog.sina.com.cn/s/blog_6943970c0102zlsr.html	群星.1999-女汤电影原声带【原动力】【WAV+CUE】
https://blog.sina.com.cn/s/blog_6943970c0102zlsq.html	洪百慧.1999-多桑【雅鹂】【WAV+CUE】
https://blog.sina.com.cn/s/blog_6943970c0102zlsp.html	原子邦妮.2023-明明早点放弃就没事了【华纳】【FLAC分轨】
https://blog.sina.com.cn/s/blog_6943970c0102zlso.html	群星.1999-谁可改变（雾之恋·爱的根源·爱的陷阱·15周年纪念集）【…
https://blog.sina.com.cn/s/blog_6943970c0102zlsn.html	殷正洋.1989-民歌语录【上扬】【WAV+CUE】
https://blog.sina.com.cn/s/blog_6943970c0102zlsm.html	韩红.2005-感动【京文唱片】【WAV+CUE】
https://blog.sina.com.cn/s/blog_6943970c0102zlsl.html	姜育恒.2000-珍惜今昔·名曲精选2CD【瑞华】【WAV+CUE】
https://blog.sina.com.cn/s/blog_6943970c0102zlsk.html	梁博.2014-梁博【少城时代】【WAV+CUE】
https://blog.sina.com.cn/s/blog_6943970c0102zlsj.html	罗百吉.1994-欧巴桑【滚石】【WAV+CUE】
https://blog.sina.com.cn/s/blog_6943970c0102zlsg.html	王识贤.2004-情难忘【华特】【WAV+CUE】
https://blog.sina.com.cn/s/blog_6943970c0102zlse.html	群星.1993-新不了情电影原声带【滚石】【WAV+CUE】
https://blog.sina.com.cn/s/blog_6943970c0102zlsd.html	林姗.2006-爱你爱伊【豪记】【WAV+CUE】
https://blog.sina.com.cn/s/blog_6943970c0102zlsc.html	鹿先生乐队.2016-所有的酒，都不如你【WAV+CUE】
https://blog.sina.com.cn/s/blog_6943970c0102zlsb.html	黎明.1993-一夜倾情演唱会2CD【宝丽金】【WAV+CUE】
https://blog.sina.com.cn/s/blog_6943970c0102zlsa.html	郑兴.2023-盆地【亚神】【FLAC分轨】
https://blog.sina.com.cn/s/blog_6943970c0102zls9.html	华晨宇.2017-H【天娱传媒】【WAV+CUE】
https://blog.sina.com.cn/s/blog_6943970c0102zls8.html	万芳.1996-割爱【滚石】【WAV+CUE】
https://blog.sina.com.cn/s/blog_6943970c0102zls7.html	张清芳.1989-1991-留声3辑【点将】【WAV+CUE】
https://blog.sina.com.cn/s/blog_6943970c0102zls6.html	群星.1996-我和春天有个约会电视原声大碟【滚石】【WAV+CUE】
https://blog.sina.com.cn/s/blog_6943970c0102zls5.html	黄乙玲.1990-春风恋情【歌林】【WAV+CUE】
https://blog.sina.com.cn/s/blog_6943970c0102zls4.html	小雪.2003-Listen小雪新曲+精丫BMA】【WAV+CUE】
https://blog.sina.com.cn/s/blog_6943970c0102zls2.html	歌莉雅.2018-Touching（国）【环星唱片】【WAV+CUE】
https://blog.sina.com.cn/s/blog_6943970c0102zls1.html	阿牛.2002-各位男人辛苦晒【滚石】【WAV+CUE】
https://blog.sina.com.cn/s/blog_6943970c0102zls0.html	卫兰.2005-DAYNIGHT（特别版）【东亚唱片】【WAV+CUE】
https://blog.sina.com.cn/s/blog_6943970c0102zlrz.html	王嘉仪.2023-水性扬花【亚神】【FLAC分轨】
https://blog.sina.com.cn/s/blog_6943970c0102zlry.html	痛仰乐队.2000-这是个问题【京文】【WAV+CUE】
https://blog.sina.com.cn/s/blog_6943970c0102zlrx.html	区瑞强.2001-靓歌再重聚2CD【银星】【WAV+CUE】
https://blog.sina.com.cn/s/blog_6943970c0102zlrv.html	梁汉文.2007-梁汉文集新歌+精选2CD【金牌大风】【WAV+CUE】
https://blog.sina.com.cn/s/blog_6943970c0102zlru.html	赵咏华.2013-简单的幸福【滚石】【WAV+CUE】
https://blog.sina.com.cn/s/blog_6943970c0102zlrt.html	群星.1999-GEN-X.COPS特警新人类电影原声大碟【美亚】【WAV+CUE】
https://blog.sina.com.cn/s/blog_6943970c0102zlrs.html	群星.1994-祝你愉快…致家驹【滚石】【WAV+CUE】
https://blog.sina.com.cn/s/blog_6943970c0102zlrr.html	韩雪.2012-他们说【金牌大风】【WAV+CUE】
https://blog.sina.com.cn/s/blog_6943970c0102zlrq.html	群星.2021-大型纪录片紫禁城主题歌音乐专辑【太合麦田】【FLAC分轨…
https://blog.sina.com.cn/s/blog_6943970c0102zlrp.html	邓丽君.2003-全曲集·生诞50周年纪念2CD【环球】【WAV+CUE】
https://blog.sina.com.cn/s/blog_6943970c0102zlro.html	徐怀钰.2000-UWANT.2CD【滚石】【WAV+CUE】
https://blog.sina.com.cn/s/blog_6943970c0102zlrn.html	黄莺莺.1984-紫色的水晶（2014环球复刻版）【宝丽金】【WAV+CUE】
https://blog.sina.com.cn/s/blog_6943970c0102zlrm.html	王瑞霞.1989-爱的十字架【名冠】【WAV+CUE】
https://blog.sina.com.cn/s/blog_6943970c0102zlrl.html	裘德.2023-裘德【FLAC分轨】
https://blog.sina.com.cn/s/blog_6943970c0102zlrj.html	陈盈洁.1987-露水我无醉是你茫【华伦唱片】【WAV+CUE】
https://blog.sina.com.cn/s/blog_6943970c0102zlri.html	群星.1998-我心荡漾电视原声大碟（韩版）【WAV+CUE】
https://blog.sina.com.cn/s/blog_6943970c0102zlrh.html	群星.2004-UNTIL.WE.MEET.AGAIN【红音乐】【WAV+CUE】
https://blog.sina.com.cn/s/blog_6943970c0102zlrg.html	千百惠.2002-流行篇2CD【瑞华】【WAV+CUE】
https://blog.sina.com.cn/s/blog_6943970c0102zlrf.html	方伊琪.1990-新曲+精选13首【MAJESTIC】【WAV+CUE】
https://blog.sina.com.cn/s/blog_6943970c0102zlre.html	陈淑桦.2013-绝代绝版陈淑桦3CD【华纳】【WAV+CUE】
https://blog.sina.com.cn/s/blog_6943970c0102zlrd.html	林志炫.1998-蒙娜丽莎的眼泪【SONY】【WAV+CUE】
https://blog.sina.com.cn/s/blog_6943970c0102zlrc.html	满文军.2008-彼岸【太合麦田】【WAV+CUE】
https://blog.sina.com.cn/s/blog_6943970c0102zlrb.html	超口爱乐团.2006-SUPER超口爱大运行【大无限】【WAV+CUE】
https://blog.sina.com.cn/s/blog_6943970c0102zlra.html	许廷铿.2023-IN.THE.ROUND【自许纪录】【FLAC分轨】
https://blog.sina.com.cn/s/blog_6943970c0102zlr7.html	童安格周治平.2006-童周共聚2006Live演唱会3CD（引进版）【星外星…
https://blog.sina.com.cn/s/blog_6943970c0102zlr6.html	孙淑媚.2000-原味情歌【大旗】【WAV+CUE】
https://blog.sina.com.cn/s/blog_6943970c0102zlr5.html	胡瓜.1990-我是个很容易上瘾的人【宝丽金】【FLAC分轨】
https://blog.sina.com.cn/s/blog_6943970c0102zlr4.html	陈筱娟.1992-新的女朋友【福茂】【WAV+CUE】
https://blog.sina.com.cn/s/blog_6943970c0102zlr3.html	群星.1998-宋家三姐妹电影原声大碟（日版）【波丽佳音】【WAV+CUE…
https://blog.sina.com.cn/s/blog_6943970c0102zlr2.html	群星.2012-岁月的主题曲3CD【华纳】【WAV+CUE】
https://blog.sina.com.cn/s/blog_6943970c0102zlr1.html	林忆莲.2007-华纳最出色系列3CD【华纳】【WAV+CUE】
https://blog.sina.com.cn/s/blog_6943970c0102zlr0.html	陈柏宇.2009-CLOSE.UP（EP）【SONY】【FLAC分轨】
https://blog.sina.com.cn/s/blog_6943970c0102zlqz.html	张韶涵.2019-？【心喜文化】【WAV+CUE】
https://blog.sina.com.cn/s/blog_6943970c0102zlqx.html	陈百强.2007-华纳最出色系列3CD【华纳】【WAV+CUE】
https://blog.sina.com.cn/s/blog_6943970c0102zlqw.html	蔡小虎.1994-流转系列1·车站【歌林】【WAV+CUE】
https://blog.sina.com.cn/s/blog_6943970c0102zlqv.html	群星.1998-古惑仔5龙争虎斗电影原声大碟【BMG】【WAV+CUE】
https://blog.sina.com.cn/s/blog_6943970c0102zlqu.html	方文.2009-Erste【S2S】【WAV+CUE】
https://blog.sina.com.cn/s/blog_6943970c0102zlqt.html	群星.2011-Pure...Love（纯爱）4CD【SONY】【WAV+CUE】
https://blog.sina.com.cn/s/blog_6943970c0102zlqs.html	韩宝仪.2014-柔情经典金曲2CD【南方】【WAV+CUE】
https://blog.sina.com.cn/s/blog_6943970c0102zlqr.html	杨丞琳.2013-天使之翼【SONY】【WAV+CUE】
https://blog.sina.com.cn/s/blog_6943970c0102zlqq.html	莫西子诗.2014-原野（日版）【熊猫唱片】【WAV+CUE】
https://blog.sina.com.cn/s/blog_6943970c0102zlqp.html	麦玮婷.1983-轻烟寄情（喜玛拉雅复刻版）【光美】【WAV+CUE】
https://blog.sina.com.cn/s/blog_6943970c0102zlqo.html	艾敬.2003-是不是梦【星文传播】【WAV+CUE】
https://blog.sina.com.cn/s/blog_6943970c0102zlqn.html	谭维维.2013-乌龟的阿基里斯【远达卓越】【WAV+CUE】
https://blog.sina.com.cn/s/blog_6943970c0102zlqm.html	甘奇灵.1986-畅销台语流行歌曲专辑【丽歌】【WAV+CUE】
https://blog.sina.com.cn/s/blog_6943970c0102zlql.html	佛跳墙.2014-给你看【妮乐佛创意】【WAV+CUE】
https://blog.sina.com.cn/s/blog_6943970c0102zlqk.html	巫启贤.2009-好经典（翻唱辑）【SONY】【WAV+CUE】
https://blog.sina.com.cn/s/blog_6943970c0102zlqj.html	群星.1997-古惑仔4战无不胜【BMG】【WAV+CUE】
https://blog.sina.com.cn/s/blog_6943970c0102zlqi.html	杨幂.2012-亲幂关系【少城时代】【WAV+CUE】
https://blog.sina.com.cn/s/blog_6943970c0102zlqh.html	群星.1994-往日情怀之难忘的初恋情人3CD【迪安】【WAV+CUE】
https://blog.sina.com.cn/s/blog_6943970c0102zlqg.html	BEYOND.1990-大地【新艺宝】【WAV+CUE】
https://blog.sina.com.cn/s/blog_6943970c0102zlqe.html	赵一豪.1989-把我自己掏出来【水晶唱片】【WAV+CUE】
https://blog.sina.com.cn/s/blog_6943970c0102zlqd.html	卫兰.2009-WISH新曲+精选2CD【东亚唱片】【WAV+CUE】
https://blog.sina.com.cn/s/blog_6943970c0102zlqb.html	黄心懋.1990-曾经有个女孩【滚石】【WAV+CUE】
https://blog.sina.com.cn/s/blog_6943970c0102zlqa.html	向蕙玲.2015-幸福的嫁妆【豪记】【WAV+CUE】
https://blog.sina.com.cn/s/blog_6943970c0102zlq9.html	古皓.1991-遍体鳞伤【上华】【WAV+CUE】
https://blog.sina.com.cn/s/blog_6943970c0102zlq8.html	叶倩文.2007-华纳最出色系列3CD【华纳】【WAV+CUE】
https://blog.sina.com.cn/s/blog_6943970c0102zlq7.html	熊莉.2018-门前那片云和海【WAV+CUE】
https://blog.sina.com.cn/s/blog_6943970c0102zlq6.html	群星.1996-古惑仔3只手遮天【BMG】【WAV+CUE】
https://blog.sina.com.cn/s/blog_6943970c0102zlq5.html	群星.1994-往日情怀之往事只能回味3CD【迪安】【WAV+CUE】
https://blog.sina.com.cn/s/blog_6943970c0102zlq4.html	范逸臣.2003-信仰爱情（引进版）【丰华】【WAV+CUE】
https://blog.sina.com.cn/s/blog_6943970c0102zlq3.html	陈兰丽.1977-微笑（2015年复黑版）【海山唱片】【WAV+CUE】
https://blog.sina.com.cn/s/blog_6943970c0102zlq2.html	曹雅雯.2022-禁【滚石】【FLAC分轨】
https://blog.sina.com.cn/s/blog_6943970c0102zlq0.html	王俪婷.2008-BEST.OF.OLIVIA【S2S】【WAV+CUE】
https://blog.sina.com.cn/s/blog_6943970c0102zlpz.html	瘦人乐队.2008-第七天【文采】【WAV+CUE】
https://blog.sina.com.cn/s/blog_6943970c0102zlpy.html	陈佩贤.2023-IAm【福茂】【FLAC分轨】
https://blog.sina.com.cn/s/blog_6943970c0102zlpx.html	群星.1996-古惑仔2猛龙过江【BMG】【WAV+CUE】
https://blog.sina.com.cn/s/blog_6943970c0102zlpw.html	群星.1994-往日情怀之经典金曲精选3CD【迪安】【WAV+CUE】
https://blog.sina.com.cn/s/blog_6943970c0102zlpu.html	谷娅溦.2021-哭墙【星梦娱乐】【WAV+CUE】
https://blog.sina.com.cn/s/blog_6943970c0102zlpt.html	陈劲.2023-魔性的释放【博山音乐】【WAV+CUE】
https://blog.sina.com.cn/s/blog_6943970c0102zlps.html	古巨基.2001-恋恋情深2001国语精选辑2CD【千禧年代】【WAV+CUE】
https://blog.sina.com.cn/s/blog_6943970c0102zlpr.html	徐怀钰.1998-第一张个人专辑【滚石】【WAV+CUE】
https://blog.sina.com.cn/s/blog_6943970c0102zlpq.html	群星.1993-风花雪月·宝丽金国语金曲精选4CD【宝丽金】【WAV+CUE】
https://blog.sina.com.cn/s/blog_6943970c0102zlpp.html	林志炫.1996-追寻·伦敦星空下【SONY】【WAV+CUE】
https://blog.sina.com.cn/s/blog_6943970c0102zlpn.html	群星.1996-古惑仔1人在江湖【BMG】【WAV+CUE】
https://blog.sina.com.cn/s/blog_6943970c0102zlpm.html	群星.1998-华纳好情歌LOVESONG精选十六首（引进版）【华纳】【WAV+…
https://blog.sina.com.cn/s/blog_6943970c0102zlpl.html	小凤凤.1987-华夏双语版精华集【金士达】【WAV+CUE】
https://blog.sina.com.cn/s/blog_6943970c0102zlpk.html	许冠杰.1990-香港情怀90演唱会2CD【宝丽金】【WAV+CUE】
https://blog.sina.com.cn/s/blog_6943970c0102zlpj.html	方季惟.2014-君子兰（EP）【海蝶】【WAV+CUE】
https://blog.sina.com.cn/s/blog_6943970c0102zlph.html	优客李林.2002-优客年代2CD【EMI百代】【WAV+CUE】
https://blog.sina.com.cn/s/blog_6943970c0102zlpg.html	黄绮珊.2023-小霞3.0【SONY】【FLAC分轨】
https://blog.sina.com.cn/s/blog_6943970c0102zlpf.html	孙盛希.2014-ShiShi首张创作专辑【滚石】【WAV+CUE】
https://blog.sina.com.cn/s/blog_6943970c0102zlpe.html	群星.1996-古惑仔电影原声大碟【BMG】【WAV+CUE】
https://blog.sina.com.cn/s/blog_6943970c0102zlpd.html	群星.1995-摇滚中国乐势力（红磡实况录音）【魔岩】【WAV+CUE】
https://blog.sina.com.cn/s/blog_6943970c0102zlpc.html	皇后皮箱.2013-KILLER.B,MAYBE.ITS.THE.WAY.IT.WILL.BE（EP）【黑…
https://blog.sina.com.cn/s/blog_6943970c0102zlpa.html	陈倩倩.2003-异想天开【千思唱片】【FLAC分轨】
https://blog.sina.com.cn/s/blog_6943970c0102zlp8.html	温拿乐队.2011-乐坛风云2CD（纸盒限量版）【环球】【WAV+CUE】
https://blog.sina.com.cn/s/blog_6943970c0102zlp7.html	群星.2016-环球词选4CD【环球】【WAV+CUE】
https://blog.sina.com.cn/s/blog_6943970c0102zlp6.html	陈盈洁.1983-期待再相会（2016禾广复刻版）【乡城】【WAV+CUE】
https://blog.sina.com.cn/s/blog_6943970c0102zlp5.html	陈粒.2019-？？（2EP）【有此山文化】【WAV+CUE】
https://blog.sina.com.cn/s/blog_6943970c0102zlp4.html	群星.1996-正大国际白金精丫正大国际】【WAV+CUE】
https://blog.sina.com.cn/s/blog_6943970c0102zlp3.html	林姗.2005-绵绵旧情【豪记】【WAV+CUE】
https://blog.sina.com.cn/s/blog_6943970c0102zlp2.html	群星.2006-金曲演斗厅3CD【环球】【WAV+CUE】
https://blog.sina.com.cn/s/blog_6943970c0102zlp1.html	群星.2009-Oldies.101.Your.Favourite.6CD【环球】【WAV+CUE】
https://blog.sina.com.cn/s/blog_6943970c0102zlp0.html	群星.1994-醉生梦死之湾仔之虎电影原声大碟【SOUNDFACTORY】【WAV+…
https://blog.sina.com.cn/s/blog_6943970c0102zloy.html	邓瑞霞.2006-广东风云2.IN.1.2CD【南方】【WAV+CUE】
https://blog.sina.com.cn/s/blog_6943970c0102zlox.html	陈珊妮.1997-当坏人还没变坏的晚上在女巫店【友善的狗】【WAV+CUE…
https://blog.sina.com.cn/s/blog_6943970c0102zlow.html	百合二重唱.2011-花漾百合3CD【四海】【WAV+CUE】
https://blog.sina.com.cn/s/blog_6943970c0102zlov.html	潘美辰.2003-我可以为你挡死新歌+精选2CD【SONY】【WAV+CUE】
https://blog.sina.com.cn/s/blog_6943970c0102zlou.html	韩磊.2015-韩唱淋漓纪念专辑4CD【金鼎文化】【WAV+CUE】
https://blog.sina.com.cn/s/blog_6943970c0102zlot.html	罗敏庄.2011－2013-追忆逝水年华2辑【新世纪】【WAV+CUE】
https://blog.sina.com.cn/s/blog_6943970c0102zlos.html	窦唯.1999-幻听【滚石】【WAV+CUE】
https://blog.sina.com.cn/s/blog_6943970c0102zlor.html	陈秋霞.2006-放飞梦想·全音乐创作专辑【EMI百代】【WAV+CUE】
https://blog.sina.com.cn/s/blog_6943970c0102zloq.html	达明一派.2017-1+4=14（EP）【环球】【WAV+CUE】
https://blog.sina.com.cn/s/blog_6943970c0102zlop.html	温兆伦.1992-还能爱我多久【娱乐唱片】【WAV+CUE】
https://blog.sina.com.cn/s/blog_6943970c0102zloo.html	JS.2008-此生最美的风景【亚神音乐】【WAV+CUE】
https://blog.sina.com.cn/s/blog_6943970c0102zlon.html	蔡旻佑.2009-寂寞，好了【SONY】【WAV+CUE】
https://blog.sina.com.cn/s/blog_6943970c0102zlol.html	黄乙玲.1988-绝情风【歌林】【WAV+CUE】
https://blog.sina.com.cn/s/blog_6943970c0102zlok.html	容祖儿.2004-GIVE.LOVE.A.BREAK【英皇娱乐】【WAV+CUE】
https://blog.sina.com.cn/s/blog_6943970c0102zloi.html	群星.1987-桂花巷电影原声带【滚石】【WAV+CUE】
https://blog.sina.com.cn/s/blog_6943970c0102zloh.html	群星.1993-最爱的歌（1992抒情金曲精选）【蓝与白】【WAV+CUE】
https://blog.sina.com.cn/s/blog_6943970c0102zlog.html	赵照.2021-夜郎【观照文化】【WAV+CUE】
https://blog.sina.com.cn/s/blog_6943970c0102zlof.html	群星.2005-80年代偶像大比拼2CD【环球】【WAV+CUE】
https://blog.sina.com.cn/s/blog_6943970c0102zloc.html	五条人.2021-活鱼逆流而上，死鱼随波逐流+一半真情流露，一半靠表…
https://blog.sina.com.cn/s/blog_6943970c0102zlob.html	陈盈洁.1986-风飞沙【华伦唱片】【WAV+CUE】
https://blog.sina.com.cn/s/blog_6943970c0102zloa.html	叶巧琳.2023-The.Odyssey.of.Freya【SONY】【FLAC分轨】
https://blog.sina.com.cn/s/blog_6943970c0102zlo8.html	关牧村.2004-小路【声谷音乐】【WAV+CUE】
https://blog.sina.com.cn/s/blog_6943970c0102zlo6.html	额尔古纳乐队.2010-唱起草原的歌【古纳文化】【WAV+CUE】
https://blog.sina.com.cn/s/blog_6943970c0102zlo5.html	弹壳.2021-Bombshell【WAV+CUE】
https://blog.sina.com.cn/s/blog_6943970c0102zlo4.html	陈绮贞.2006-快乐的夏天（EP）【添翼創越工作室】【WAV+CUE】
https://blog.sina.com.cn/s/blog_6943970c0102zlo3.html	孙淑媚.2011-呒甘【乾坤唱片】【WAV+UCE】
https://blog.sina.com.cn/s/blog_6943970c0102zlo2.html	伊雪莉.1999-深呼吸【宝丽金】【FLAC分轨】
https://blog.sina.com.cn/s/blog_6943970c0102zlo1.html	群星.2011-THE.WORLDS.GREATEST.BALLADS世界上最好的情歌3CD【SONY…
https://blog.sina.com.cn/s/blog_6943970c0102zlo0.html	郑钧.1994-赤裸裸【红星生产社】【WAV+CUE】
https://blog.sina.com.cn/s/blog_6943970c0102zlny.html	萧煌奇.2016-神秘世界【华纳】【WAV+CUE】
https://blog.sina.com.cn/s/blog_6943970c0102zlnw.html	群星.1975-乡下毕业生电影原声带（2014梦田复刻版）【大联机构】【…
https://blog.sina.com.cn/s/blog_6943970c0102zlnv.html	群星.1994-摇滚北京【星碟】【WAV+CUE】
https://blog.sina.com.cn/s/blog_6943970c0102zlnt.html	邰正宵.2013-歌者系列3CD【米乐士娱乐】【WAV+CUE】
https://blog.sina.com.cn/s/blog_6943970c0102zlns.html	江志丰.2013-男主角【豪记】【WAV+CUE】
https://blog.sina.com.cn/s/blog_6943970c0102zlnr.html	陈丽媚.2018-广东情怀【丰荣】【WAV+CUE】
https://blog.sina.com.cn/s/blog_6943970c0102zlnq.html	HotCha.2015-另一页NEW.CHAPTER.ULTIMATE.COLLECTION.4CD【星娱乐…
https://blog.sina.com.cn/s/blog_6943970c0102zlnp.html	彭羚.2001-给Lisa（国）【SONY】【WAV+CUE】
https://blog.sina.com.cn/s/blog_6943970c0102zlno.html	陈健安.2023-LIFE.AFTER.LIFE【寰亚】【FLAC分轨】
https://blog.sina.com.cn/s/blog_6943970c0102zlnn.html	关正杰.2000-环球2000超巨星系列【环球】【WAV+CUE】
https://blog.sina.com.cn/s/blog_6943970c0102zlnl.html	陈慧琳.2006-HAPPY.GIRL【正东】【WAV+CUE】
https://blog.sina.com.cn/s/blog_6943970c0102zlnk.html	群星.2015-夏洛特烦恼电影原声带【索雅】【WAV+CUE】
https://blog.sina.com.cn/s/blog_6943970c0102zlnj.html	群星.1996-魔岩十大魔王之群魔乱舞【魔岩】【WAV+UCE】
https://blog.sina.com.cn/s/blog_6943970c0102zlni.html	陈楚生.2011-瘾【华谊兄弟】【FLAC分轨】
https://blog.sina.com.cn/s/blog_6943970c0102zlnh.html	陈美凤.1996-轻轻叫出声【威聚唱片】【WAV+CUE】
https://blog.sina.com.cn/s/blog_6943970c0102zlng.html	P.K.14.2018-当我们谈论他的名字时我们在谈论什么【兵马司】【WAV+…
https://blog.sina.com.cn/s/blog_6943970c0102zlne.html	黎瑞恩.2000-环球2000超巨星系列【环球】【WAV+CUE】
https://blog.sina.com.cn/s/blog_6943970c0102zlnd.html	周艳泓.2012-白骨精写给孙悟空的信【西蒙恒源】【WAV+CUE】
https://blog.sina.com.cn/s/blog_6943970c0102zlnc.html	奚秀兰.1992-最优美的时光4辑【圣乐协会】【WAV+CUE】
https://blog.sina.com.cn/s/blog_6943970c0102zlnb.html	群星.1973-一家人电影原声带（2003复刻版）【海山】【WAV+CUE】
https://blog.sina.com.cn/s/blog_6943970c0102zlna.html	dMDM.1996-爱上你只是我的错【魔岩】【WAV+CUE】
https://blog.sina.com.cn/s/blog_6943970c0102zln9.html	蔡淳佳.2004-日出【MusicStreet】【WAV+CUE】
https://blog.sina.com.cn/s/blog_6943970c0102zln8.html	群星.1998-侯孝贤电影家族2CD【滚石】【WAV+CUE】
https://blog.sina.com.cn/s/blog_6943970c0102zln7.html	胡德夫.2011-大武山蓝调【ARRIVALMUSIC】【WAV+CUE】
https://blog.sina.com.cn/s/blog_6943970c0102zln6.html	杨静.1998-由在你安排【金圆唱片】【WAV+CUE】
https://blog.sina.com.cn/s/blog_6943970c0102zln4.html	蔡诗芸.2023-Spiral(Explicit)【FLAC分轨】
https://blog.sina.com.cn/s/blog_6943970c0102zln3.html	梅艳芳.2004-梅·忆录3CD【华星唱片】【WAV+CUE】
https://blog.sina.com.cn/s/blog_6943970c0102zln2.html	陈慧娴.1999-环球2000超巨星系列【环球】【WAV+CUE】
https://blog.sina.com.cn/s/blog_6943970c0102zln1.html	欧美群星.2010-LOVESTORIES(90首情歌90段故事)6CD【华纳】【WAV+CU…
https://blog.sina.com.cn/s/blog_6943970c0102zln0.html	群星.1998-最佳广播剧主题曲【宝丽金】【WAV+CUE】
https://blog.sina.com.cn/s/blog_6943970c0102zlmz.html	群星.1998-最佳电影主题曲【宝丽金】【WAV+CUE】
https://blog.sina.com.cn/s/blog_6943970c0102zlmy.html	徐若瑄.2007-最爱是V新歌+精选2CD【SONY】【WAV+CUE】
https://blog.sina.com.cn/s/blog_6943970c0102zlmx.html	余天.2004-经典金曲珍藏版3CD【东尼机构】【WAV+CUE】
https://blog.sina.com.cn/s/blog_6943970c0102zlmw.html	群星.2010-REMIX.101最爱混音8CD【环球】【WAV+CUE】
https://blog.sina.com.cn/s/blog_6943970c0102zlmv.html	窦唯.2004-镜花缘记【上海音像】【WAV+CUE】
https://blog.sina.com.cn/s/blog_6943970c0102zlmu.html	周海媚.1995-日出爱情【华星】【WAV+CUE】
https://blog.sina.com.cn/s/blog_6943970c0102zlmt.html	许钧.2023-期待集【基本节奏】【FLAC分轨】
https://blog.sina.com.cn/s/blog_6943970c0102zlmr.html	黄凯芹.2000-环球2000超巨星系列【环球】【WAV+CUE】
https://blog.sina.com.cn/s/blog_6943970c0102zlmq.html	群星.2004-动感豪情电视原声带【华纳】【WAV+CUE】
https://blog.sina.com.cn/s/blog_6943970c0102zlmp.html	李克勤.2012-在森林和原野【环球】【WAV+CUE】
https://blog.sina.com.cn/s/blog_6943970c0102zlmo.html	群星.2002-情浓意更浓2辑（引进版）【环球】【WAV+CUE】
https://blog.sina.com.cn/s/blog_6943970c0102zlmm.html	许冠杰.1994-许冠杰24K金藏集4CD【宝丽金】【WAV+CUE】
https://blog.sina.com.cn/s/blog_6943970c0102zlml.html	张蓉蓉.2006-伤心恋情【豪记】【WAV+CUE】
https://blog.sina.com.cn/s/blog_6943970c0102zlmk.html	群星.2001-原浪潮HET.EYLAND.FORMOA【魔岩】【WAV+CUE】
https://blog.sina.com.cn/s/blog_6943970c0102zlmj.html	ME2.1999-好想跟你说说话【现代派】【WAV+CUE】
https://blog.sina.com.cn/s/blog_6943970c0102zlmi.html	蔡健雅.2018-我要给世界最悠长的湿吻【环球】【WAV+CUE】
https://blog.sina.com.cn/s/blog_6943970c0102zlmh.html	邓丽君.1999-环球2000超巨星系列【环球】【WAV+CUE】
https://blog.sina.com.cn/s/blog_6943970c0102zlmg.html	群星.2016-西游记之三打白骨精电影原声大碟【LLSLEY】【WAV+CUE】
https://blog.sina.com.cn/s/blog_6943970c0102zlmf.html	群星.1999-我最喜爱的男歌手2CD【宝丽金】【WAV+CUE】
https://blog.sina.com.cn/s/blog_6943970c0102zlme.html	金池.2013-金池特辑2CD【金品鉴听】【WAV+CUE】
https://blog.sina.com.cn/s/blog_6943970c0102zlmd.html	曹俊鸿.1994-曹俊鸿是爱的魔法师【点将】【WAV+CUE】
https://blog.sina.com.cn/s/blog_6943970c0102zlmc.html	张信哲.2008-逃生【潮水音乐】【WAV+CUE】
https://blog.sina.com.cn/s/blog_6943970c0102zlmb.html	张琍敏.1987-名曲精选21首【瑞成】【WAV+CUE】
https://blog.sina.com.cn/s/blog_6943970c0102zlma.html	永邦.2001-永邦【BMG】【WAV+CUE】
https://blog.sina.com.cn/s/blog_6943970c0102zlm9.html	杨静.1997-梦中人【金圆唱片】【WAV+CUE】
https://blog.sina.com.cn/s/blog_6943970c0102zlm7.html	谭咏麟.1999-环球2000超巨星系列【环球】【WAV+CUE】
https://blog.sina.com.cn/s/blog_6943970c0102zlm6.html	群星.1992-1994-飞图超白金精选8CD【飞图】【WAV+CUE】
https://blog.sina.com.cn/s/blog_6943970c0102zlm5.html	群星.2004-风中绯樱电视原声带【风潮】【WAV+CUE】
https://blog.sina.com.cn/s/blog_6943970c0102zlm3.html	美好药店.2005-请给我放大一张表妹的照片【麻音乐】【WAV+CUE】
https://blog.sina.com.cn/s/blog_6943970c0102zlm2.html	江志丰.2013-天意【豪记】【WAV+CUE】
https://blog.sina.com.cn/s/blog_6943970c0102zlm1.html	龚琳娜.2008-走西口中国民歌【中唱】【FLAC+CUE】
https://blog.sina.com.cn/s/blog_6943970c0102zlm0.html	曾轶可.2022-2022（曾轶可自选翻唱辑）【作乐文化】【FLAC分轨】
https://blog.sina.com.cn/s/blog_6943970c0102zllz.html	韩红.2003.2010-红+红歌2【京文】【WAV+CUE】
https://blog.sina.com.cn/s/blog_6943970c0102zllw.html	彭家丽.2014-ITS.ALL.ABOUT.2CD【SONY】【WAV+CUE】
https://blog.sina.com.cn/s/blog_6943970c0102zllv.html	林宥嘉.2013-JAZZ.CHANNEL邂逅爵士慈善音乐会LIVE精华2CD【华研国…
https://blog.sina.com.cn/s/blog_6943970c0102zllu.html	李荣浩.2018-耳朵【华纳】【WAV+CUE】
https://blog.sina.com.cn/s/blog_6943970c0102zllt.html	群星.1994-蓝风筝电影原声带【BGM】【WAV+CUE】
https://blog.sina.com.cn/s/blog_6943970c0102zllr.html	宋祖英.2005-百年留声·再现中国百年电影歌曲经典【风林】【WAV+CUE…
https://blog.sina.com.cn/s/blog_6943970c0102zlln.html	信乐团.2003-天高地厚【艾回】【WAV+CUE】
https://blog.sina.com.cn/s/blog_6943970c0102zllm.html	林慧萍.2000-往昔金曲精选（歌林招牌歌系列）2CD【歌林】【WAV+CUE…
https://blog.sina.com.cn/s/blog_6943970c0102zlll.html	群星.1989-40歌星爱的奉献（TP版）【深圳音像】【WAV+CUE】
https://blog.sina.com.cn/s/blog_6943970c0102zllk.html	叶佳修银霞.2003-乡愁拾韵--叶佳修银霞精选集【文采】【WAV+CUE】
https://blog.sina.com.cn/s/blog_6943970c0102zllj.html	陈淑桦.2003-乡愁拾韵-陈淑桦精选集【文采】【WAV+CUE】
https://blog.sina.com.cn/s/blog_6943970c0102zlli.html	群星.2003-乡愁拾韵·台湾民谣精选集2辑【文采】【WAV+CUE】
https://blog.sina.com.cn/s/blog_6943970c0102zllg.html	蔡幸娟.1993-半点东方心（翻唱辑）【飞碟】【WAV+CUE】
https://blog.sina.com.cn/s/blog_6943970c0102zllf.html	刺猬乐队.2018-生之响往【太合麦田】【WAV+CUE】
https://blog.sina.com.cn/s/blog_6943970c0102zlle.html	谢采妘.2006-柔情甜蜜蜜2CD（南方金点系列）【南方】【WAV+CUE】
https://blog.sina.com.cn/s/blog_6943970c0102zllc.html	五月天.2001-你要去哪里台湾巡回演唱会LIVE全记录3CD【滚石】【WAV…
https://blog.sina.com.cn/s/blog_6943970c0102zllb.html	杨丞琳.2005-暧昧【新力博德曼】【WAV+CUE】
https://blog.sina.com.cn/s/blog_6943970c0102zlla.html	杨千嬅.2017-三二一GO!演唱会2CD【寰亚】【WAV+CUE】
https://blog.sina.com.cn/s/blog_6943970c0102zll9.html	群星.2003-梁山伯与祝英台电影原声带【EMI百代】【WAV+CUE】
https://blog.sina.com.cn/s/blog_6943970c0102zll8.html	罗文关菊英.1977-梁山伯与祝英台（1992年复刻版）【娱乐唱片】【WA…
https://blog.sina.com.cn/s/blog_6943970c0102zll6.html	刀郎.2020-弹词话本【啊呀啦嗦】【WAV+CUE】
https://blog.sina.com.cn/s/blog_6943970c0102zll5.html	陈冠蒲.2002-就让你走【有容文化】【WAV+CUE】
https://blog.sina.com.cn/s/blog_6943970c0102zll4.html	高凌风.2001-走出童话的青蛙王子【环球】【WAV+CUE】
https://blog.sina.com.cn/s/blog_6943970c0102zll3.html	薛之谦.2017-渡【海蝶】【WAV+CUE】
https://blog.sina.com.cn/s/blog_6943970c0102zll2.html	陈怡婷.2013-爱情的网【时代创意】【WAV+CUE】
https://blog.sina.com.cn/s/blog_6943970c0102zll1.html	黎明.2007-4.IN.LOVE（四大天王金曲翻唱辑）【东亚唱片】【WAV+CUE…
https://blog.sina.com.cn/s/blog_6943970c0102zll0.html	群星.2004-英雄电影原声大碟【SONY】【WAV+CUE】
https://blog.sina.com.cn/s/blog_6943970c0102zlkz.html	谭晶.2016-春江秋水【柏菲】【WAV+CUE】
https://blog.sina.com.cn/s/blog_6943970c0102zlky.html	群星.2006-中国名星联唱青春传说4CD【太平洋影音】【WAV+CUE】
https://blog.sina.com.cn/s/blog_6943970c0102zlkx.html	费玉清.2004-绝代风华金曲2CD【南方】【WAV+CUE】
https://blog.sina.com.cn/s/blog_6943970c0102zlkw.html	陈雷.1992-丑丑啊思相枝【金圆唱片】【WAV+CUE】
https://blog.sina.com.cn/s/blog_6943970c0102zlkv.html	达明一派.2017-明达卅一派对演唱会3CD【环球】【WAV+CUE】
https://blog.sina.com.cn/s/blog_6943970c0102zlku.html	钟汉良.2016-乐作人生【花花草草工作室】【WAV+CUE】
https://blog.sina.com.cn/s/blog_6943970c0102zlkt.html	徐若瑄.2020-ImV新歌加精选2CD【SONY】【WAV+CUE】
https://blog.sina.com.cn/s/blog_6943970c0102zlks.html	梁静茹.2010-情歌没有告诉你【环球】【WAV+CUE】
https://blog.sina.com.cn/s/blog_6943970c0102zlkr.html	群星.1992-华纳金曲精选系列10CD【华纳】【WAV+CUE】
https://blog.sina.com.cn/s/blog_6943970c0102zlkp.html	梁咏琪.2004-我钟意新曲+精选2CD【华纳】【WAV+CUE】
https://blog.sina.com.cn/s/blog_6943970c0102zlko.html	群星.2013-大秦帝国电视主题音乐录音【天弦】【WAV+CUE】
https://blog.sina.com.cn/s/blog_6943970c0102zlkn.html	群星.2003-爱慕2CD【环球】【WAV+CUE】
https://blog.sina.com.cn/s/blog_6943970c0102zlkl.html	群星.2002-浓情蜜语情歌语录系列5CD【音乐谷】【WAV+CUE】
https://blog.sina.com.cn/s/blog_6943970c0102zlkk.html	阮丹青.1998-跟踪【上华】【WAV+CUE】
https://blog.sina.com.cn/s/blog_6943970c0102zlkj.html	叶蔻.1988-怀念老歌专辑·感性篇【丽歌】【WAV+CUE】
https://blog.sina.com.cn/s/blog_6943970c0102zlki.html	苏来.1986-墙角的蟑螂（LP版）【新格牌】【WAV+CUE】
https://blog.sina.com.cn/s/blog_6943970c0102zlkh.html	曹格.2006-格格BLUE【滚石】【WAV+CUE】
https://blog.sina.com.cn/s/blog_6943970c0102zlkg.html	龙飘飘.1998-旧情绵绵2辑4CD【乡城】【WAV+CUE】
https://blog.sina.com.cn/s/blog_6943970c0102zlkf.html	群星.1998-水浒传电视原声音乐【上海声像】【WAV+CUE】
https://blog.sina.com.cn/s/blog_6943970c0102zlke.html	陈红.1996-岁月飞花【上海声像】【WAV+CUE】
https://blog.sina.com.cn/s/blog_6943970c0102zlkd.html	蔡卓妍.2013-BLOOMING【英皇娱乐】【WAV+CUE】
https://blog.sina.com.cn/s/blog_6943970c0102zlkc.html	新裤子.2002-我们是自动的【摩登天空】【WAV+CUE】
https://blog.sina.com.cn/s/blog_6943970c0102zlkb.html	群星.2000-时尚精选15首精选滚石年度强打金曲【滚石】【WAV+CUE】
https://blog.sina.com.cn/s/blog_6943970c0102zlka.html	徐玮.1986-好久以前（喜玛拉雅复刻版）【同心圆】【WAV+CUE】
https://blog.sina.com.cn/s/blog_6943970c0102zlk9.html	黄清元.2000-心事谁人知【荣机构】【WAV+CUE】
https://blog.sina.com.cn/s/blog_6943970c0102zlk8.html	梅艳芳.1985-蔓珠莎华（2013梦田复刻版）【枫潮】【WAV+CUE】
https://blog.sina.com.cn/s/blog_6943970c0102zlk7.html	成凤.1991-受伤的爱情【丽歌】【WAV+CUE】
https://blog.sina.com.cn/s/blog_6943970c0102zlk6.html	张信哲.2016-2018-歌时代2辑【潮水音乐】【WAV+CUE】
https://blog.sina.com.cn/s/blog_6943970c0102zlk5.html	群星.2012-麻油叶？不叫事【麻油叶】【WAV+CUE】
https://blog.sina.com.cn/s/blog_6943970c0102zlk4.html	群星.1989-衣锦还乡八两金电影原声带【滚石】【WAV+CUE】
https://blog.sina.com.cn/s/blog_6943970c0102zlk1.html	陈绮贞.2007-花的姿态演唱会2CD【添翼創越工作室】【WAV+CUE】
https://blog.sina.com.cn/s/blog_6943970c0102zlk0.html	马人乐团.2011-鞭风再起【喜玛拉雅】【WAV+CUE】
https://blog.sina.com.cn/s/blog_6943970c0102zljz.html	蔡枫华.1990-蔡枫华白金珍藏版【SONY】【WAV+CUE】
https://blog.sina.com.cn/s/blog_6943970c0102zljy.html	本兮.2012-Run.Away【极韵文化】【FLAC分轨】
https://blog.sina.com.cn/s/blog_6943970c0102zljx.html	JS.2009-THE.IS.MOMENTS.2CD【亚神音乐】【WAV+CUE】
https://blog.sina.com.cn/s/blog_6943970c0102zljw.html	汪苏泷.2018-克制凶猛【大象无形】【FLAC】
https://blog.sina.com.cn/s/blog_6943970c0102zljv.html	黄凯芹.2017-诗人说梦【星娱乐】【WAV+CUE】
https://blog.sina.com.cn/s/blog_6943970c0102zlju.html	群星.1995-非常粤语精丫宝丽金】【WAV+CUE】
https://blog.sina.com.cn/s/blog_6943970c0102zljt.html	群星.1998-风云雄霸天下电影原声大碟【BMG】【WAV+CUE】
https://blog.sina.com.cn/s/blog_6943970c0102zljs.html	朱洁仪.1997-对手戏【华星】【WAV+CUE】
https://blog.sina.com.cn/s/blog_6943970c0102zljr.html	二手玫瑰.2013-一枝独秀【摩登天空】【WAV+CUE】
https://blog.sina.com.cn/s/blog_6943970c0102zljq.html	群星.2005-刘锦祥创作集·我以为你以为【弹词人】【WAV+CUE】
https://blog.sina.com.cn/s/blog_6943970c0102zljp.html	王晰.2022-X自选集【青花音乐】【FLAC分轨】
https://blog.sina.com.cn/s/blog_6943970c0102zljo.html	张行.1985-再爱我一次（TP版）【鹭声音像】【WAV+CUE】
https://blog.sina.com.cn/s/blog_6943970c0102zljn.html	陈慧琳.1999-恋爱情色新曲+精选2CD（特别版）【正东】【WAV+CUE】
https://blog.sina.com.cn/s/blog_6943970c0102zljm.html	江蕙.1984-台湾民谣4CD【田园唱片】【WAV+CUE】
https://blog.sina.com.cn/s/blog_6943970c0102zljl.html	群星.1993-喜福会电影原声大碟【HOLLYWOOD】【WAV+CUE】
https://blog.sina.com.cn/s/blog_6943970c0102zljk.html	群星.1997-你爱不爱我【中唱】【WAV+CUE】
https://blog.sina.com.cn/s/blog_6943970c0102zljj.html	腰乐队.2014-相见恨晚【局部娱乐】【WAV+CUE】
https://blog.sina.com.cn/s/blog_6943970c0102zlji.html	许绍洋.2002-A1【滚石】【FLAC分轨】
https://blog.sina.com.cn/s/blog_6943970c0102zljh.html	邓丽君.2003-酒红色的记忆·十年日曲精选2CD【TNT】【WAV+CUE】
https://blog.sina.com.cn/s/blog_6943970c0102zljf.html	刚泽斌.1993-爱·易放难收【立得】【WAV+CUE】
https://blog.sina.com.cn/s/blog_6943970c0102zljd.html	陈松龄.1994-松松牵挂【星光】【WAV+CUE】
https://blog.sina.com.cn/s/blog_6943970c0102zljb.html	群星.2001-北京乐与路电影原声大碟【寰亚】【WAV+CUE】
https://blog.sina.com.cn/s/blog_6943970c0102zlj9.html	许冠杰.1987-相识廿载演唱会872CD【宝丽金】【WAV+CUE】
https://blog.sina.com.cn/s/blog_6943970c0102zlj8.html	薛岳.1993-热力选集【曲盟唱片】【WAV+CUE】
https://blog.sina.com.cn/s/blog_6943970c0102zlj7.html	群星.2001-重回摇滚舞台·纪念薛岳逝世十周年演唱会2CD【喜玛拉雅】…
https://blog.sina.com.cn/s/blog_6943970c0102zlj6.html	胡瓜.1991-没大没芯宝丽金】【FLAC分轨】
https://blog.sina.com.cn/s/blog_6943970c0102zlj5.html	范琳琳.2011-心愿3CD【星外星】【WAV+CUE】
https://blog.sina.com.cn/s/blog_6943970c0102zlj4.html	温兆伦.1994-我得到什么【娱乐唱片】【WAV+CUE】
https://blog.sina.com.cn/s/blog_6943970c0102zlj3.html	穆红.2023-红谷回声2·梦幻美声专辑24K金碟【太平洋影音】【WAV+CUE…
https://blog.sina.com.cn/s/blog_6943970c0102zlj2.html	德德玛.2009-望草原【柏菲】【WAV+CUE】
https://blog.sina.com.cn/s/blog_6943970c0102zlj1.html	李茂山.1994-今夜又搁为你醉【上华】【WAV+CUE】
https://blog.sina.com.cn/s/blog_6943970c0102zlj0.html	群星.1991-阮玲玉电影原声带葬心【滚石】【WAV+CUE】
https://blog.sina.com.cn/s/blog_6943970c0102zliz.html	莫文蔚.2011-超级金曲精选2CD【SONY】【WAV+CUE】
https://blog.sina.com.cn/s/blog_6943970c0102zliw.html	谢雷.2014-谢雷丽风金典系列2CD【丽风】【WAV+CUE】
https://blog.sina.com.cn/s/blog_6943970c0102zliv.html	凤凰传奇.2021-听见中国听见你【孔雀廊】【WAV+CUE】
https://blog.sina.com.cn/s/blog_6943970c0102zliu.html	吴克群.2023-今天很OK【何乐音乐】【FLAC分轨】
https://blog.sina.com.cn/s/blog_6943970c0102zlit.html	黄晓君.2003-万分君采10CD【音乐谷】【WAV+CUE】
https://blog.sina.com.cn/s/blog_6943970c0102zlis.html	群星.1997-板凳电影音乐会·琼瑶式爱情梦幻2CD【歌林】【WAV+CUE】
https://blog.sina.com.cn/s/blog_6943970c0102zlir.html	群星.1989-悲情城市电影原声带【飞碟】【WAV+CUE】
https://blog.sina.com.cn/s/blog_6943970c0102zliq.html	祖海.2009-梦·蝶变【京文】【WAV+CUE】
https://blog.sina.com.cn/s/blog_6943970c0102zlip.html	群星.2010-滚石30周年精选7CD【滚石】【WAV+CUE】
https://blog.sina.com.cn/s/blog_6943970c0102zlin.html	S.B.D.W(咻比嘟哗).1998-世界末日【阿尔发】【WAV+CUE】
https://blog.sina.com.cn/s/blog_6943970c0102zlim.html	倪子钧.2019-倪子钧【马米娱乐】【WAV+CUE】
https://blog.sina.com.cn/s/blog_6943970c0102zlil.html	叶瑷菱.1991-留给明天一个梦【瑞星唱片】【WAV+CUE】
https://blog.sina.com.cn/s/blog_6943970c0102zlik.html	叶胜钦.2012-牵手【华特】【WAV+CUE】
https://blog.sina.com.cn/s/blog_6943970c0102zlij.html	徐若瑄.1998-大麻烦【BMG】【WAV+CUE】
https://blog.sina.com.cn/s/blog_6943970c0102zlii.html	群星.1997-板凳电影音乐会·刘家昌式电影情歌2CD【歌林】【WAV+CUE…
https://blog.sina.com.cn/s/blog_6943970c0102zlih.html	徐炳超.2021-构成X先生的23卷档案【海蝶】【FLAC+CUE】
https://blog.sina.com.cn/s/blog_6943970c0102zlig.html	群星.1987-红楼梦电视剧主题歌曲（2007经典珍藏版）【天凡之音】【…
https://blog.sina.com.cn/s/blog_6943970c0102zlif.html	黄耀明.2006-金经典2CD【正东】【WAV+CUE】
https://blog.sina.com.cn/s/blog_6943970c0102zlie.html	群星.1997-板凳电影音乐会·三厅文艺电影歌曲2辑【歌林】【WAV+CUE…
https://blog.sina.com.cn/s/blog_6943970c0102zlid.html	官灵芝.2005-官不住的声音【天碟唱片】【WAV+CUE】
https://blog.sina.com.cn/s/blog_6943970c0102zlic.html	李翊君.2015-苓听【金牌大风】【FLAC分轨】
https://blog.sina.com.cn/s/blog_6943970c0102zlib.html	夜叉乐队.2019-我即是【摩登天空】【FLAC+CUE】
https://blog.sina.com.cn/s/blog_6943970c0102zlia.html	何超仪.1994-造反【滚石】【FLAC分轨】
https://blog.sina.com.cn/s/blog_6943970c0102zli9.html	软硬天师.2005-软硬联盟3CD【环球】【FLAC分轨】
https://blog.sina.com.cn/s/blog_6943970c0102zli8.html	方瑞娥.2000-特选36首2CD【丽歌】【WAV+CUE】
https://blog.sina.com.cn/s/blog_6943970c0102zli6.html	群星.2007-满城尽带黄金甲电影原声大碟【LAKESHORE】【WAV+CUE】
https://blog.sina.com.cn/s/blog_6943970c0102zli5.html	付笛生任静.1997-知心爱人【WAV+CUE】
https://blog.sina.com.cn/s/blog_6943970c0102zli4.html	群星.1994-东方红音乐舞蹈史诗2CD【百利】【WAV+CUE】
https://blog.sina.com.cn/s/blog_6943970c0102zli3.html	范晓萱.2001-星星精选2CD【福茂】【WAV+CUE】
https://blog.sina.com.cn/s/blog_6943970c0102zli1.html	蔡秋凤.1990-烂田准路【爱莉亚】【WAV+CUE】
https://blog.sina.com.cn/s/blog_6943970c0102zlhz.html	樱桃帮.2006-亲爱的王子【环球】【WAV+CUE】
https://blog.sina.com.cn/s/blog_6943970c0102zlhy.html	何芸妮.2020-The.Pop.Pop.Years.2008-2015.2CD【POPPOPMUSIC】【WA…
https://blog.sina.com.cn/s/blog_6943970c0102zlhx.html	群星.1997-一个好人电影原声大碟【滚石】【WAV+CUE】
https://blog.sina.com.cn/s/blog_6943970c0102zlhw.html	韩小薰.2010-离开伤心的地方【东嘉娱乐】【FLAC+CUE】
https://blog.sina.com.cn/s/blog_6943970c0102zlhv.html	群星.1995-盗版【乡音】【WAV+CUE】
https://blog.sina.com.cn/s/blog_6943970c0102zlhu.html	叶欢.1994-你让我悲伤又欢喜【飞碟】【WAV+CUE】
https://blog.sina.com.cn/s/blog_6943970c0102zlht.html	群星.1989-华星鸳鸯谱【华星】【WAV+CUE】
https://blog.sina.com.cn/s/blog_6943970c0102zlhs.html	彭佳慧.2017-我想念我自己【SONY】【WAV+CUE】
https://blog.sina.com.cn/s/blog_6943970c0102zlhr.html	谢宜君.2013-我会等待你【豪记】【WAV+CUE】
https://blog.sina.com.cn/s/blog_6943970c0102zlhq.html	多亮.2015-没有更悲的伤【当然娱乐】【WAV+CUE】
https://blog.sina.com.cn/s/blog_6943970c0102zlho.html	韩宝仪.2010-抒情精粹4辑【风格】【WAV+CUE】
https://blog.sina.com.cn/s/blog_6943970c0102zlhn.html	刘文正.2001-天碟大赏【天碟唱片】【WAV+CUE】
https://blog.sina.com.cn/s/blog_6943970c0102zlhm.html	群星.1996-黄飞鸿电视·电影原声音乐大碟【幻影全音】【WAV+CUE】
https://blog.sina.com.cn/s/blog_6943970c0102zlhl.html	群星.1998-上华回味精彩十六首【上华】【WAV+CUE】
https://blog.sina.com.cn/s/blog_6943970c0102zlhk.html	潘玮柏.2008-未来式新曲+精选3CD【环球】【WAV+CUE】
https://blog.sina.com.cn/s/blog_6943970c0102zlhi.html	白冰冰.1990-台语专辑【冠丽唱片】【WAV+CUE】
https://blog.sina.com.cn/s/blog_6943970c0102zlhh.html	P.K.14.2004-2004-谁谁谁和谁谁谁【音乐家】【WAV+CUE】
https://blog.sina.com.cn/s/blog_6943970c0102zlhg.html	李龙基.1982-精选（2015蜚声百代限量版）【环球】【WAV+CUE】
https://blog.sina.com.cn/s/blog_6943970c0102zlhf.html	詹芸.1992-你让我看见执着【超音波】【WAV+CUE】
https://blog.sina.com.cn/s/blog_6943970c0102zlhe.html	郑秀文.1997-X空间演唱会2CD【华纳】【WAV+CUE】
https://blog.sina.com.cn/s/blog_6943970c0102zlhd.html	群星.2004-求婚事务所电视原声带（引进版）【滚石】【WAV+CUE】
https://blog.sina.com.cn/s/blog_6943970c0102zlhc.html	茄子蛋.2019-我们以后要结婚【FLAC分轨】
https://blog.sina.com.cn/s/blog_6943970c0102zlhb.html	群星.1997-EMI金光灿烂耀舞台演唱会精选2CD【EMI百代】【WAV+CUE】
https://blog.sina.com.cn/s/blog_6943970c0102zlha.html	C.S.B.Q乐队.2021-未来的宝藏【自由之鹭】【FLAC分轨】
https://blog.sina.com.cn/s/blog_6943970c0102zlh8.html	田蕊妮.2019-Saturnian【星娱乐】【FLAC分轨】
https://blog.sina.com.cn/s/blog_6943970c0102zlh7.html	叶启田.1992-野鸟【吉马】【WAV+CUE】
https://blog.sina.com.cn/s/blog_6943970c0102zlh6.html	徐雯倩.1986-怨女我的爱（喜玛拉雅复刻版）【海丽】【WAV+CUE】
https://blog.sina.com.cn/s/blog_6943970c0102zlh5.html	叶玉卿.1992-挡不住的风情【飞图】【WAV+CUE】
https://blog.sina.com.cn/s/blog_6943970c0102zlh4.html	康乔江梦蕾.1997-男欢女爱情歌展2CD（南方金点系列）【南方】【WAV…
https://blog.sina.com.cn/s/blog_6943970c0102zlh3.html	尤雅.2008-歌坛长青树·优雅歌后绝版2CD【EQ】【WAV+CUE】
https://blog.sina.com.cn/s/blog_6943970c0102zlh2.html	天堂乐队.2014-20【世纪实音】【WAV+CUE】
https://blog.sina.com.cn/s/blog_6943970c0102zlh1.html	群星.2005-头文字D电影原声大碟（引进版）【东亚】【WAV+CUE】
https://blog.sina.com.cn/s/blog_6943970c0102zlh0.html	崔苔菁.1985-蝴蝶（滚石25周年经典复刻系列）【滚石】【WAV+CUE】
https://blog.sina.com.cn/s/blog_6943970c0102zlgy.html	谢春花.2023-是谁？【讯飞】【FLAC分轨】
https://blog.sina.com.cn/s/blog_6943970c0102zlgx.html	李正帆.2008-二月三十一我将离开你【滚石】【WAV+CUE】
https://blog.sina.com.cn/s/blog_6943970c0102zlgw.html	周柏豪.2018-ALL.ABOUT.LOVE【华纳】【WAV+CUE】
https://blog.sina.com.cn/s/blog_6943970c0102zlgv.html	孟庭苇.2001-环球4IN1珍藏集4CD【环球】【WAV+CUE】
https://blog.sina.com.cn/s/blog_6943970c0102zlgu.html	陈淑桦.2004-THE.BEST.COLLECTION.OF.SARAH淑华的歌8CD【海山】【W…
https://blog.sina.com.cn/s/blog_6943970c0102zlgt.html	关牧村.2009-美丽的太阳花【新田园】【WAV+CUE】
https://blog.sina.com.cn/s/blog_6943970c0102zlgs.html	郑诗慧2019-孤独之心俱乐部【地球娱乐】【FLAC分轨】
https://blog.sina.com.cn/s/blog_6943970c0102zlgr.html	群星.1987-末代皇帝电影原声大碟【维京】【WAV+CUE】
https://blog.sina.com.cn/s/blog_6943970c0102zlgq.html	农夫.2012-双囍临门【星焕国际】【WAV+CUE】
https://blog.sina.com.cn/s/blog_6943970c0102zlgp.html	群星.1994-祝你平安·刘青作品集【正大国际】【WAV+CUE】
https://blog.sina.com.cn/s/blog_6943970c0102zlgn.html	木眼镜.2019-木眼镜【StreetVoice】【FLAC分轨】
https://blog.sina.com.cn/s/blog_6943970c0102zlgm.html	谭咏麟.1997-宝丽金88极品音色·谭咏麟84演唱会2CD【宝丽金】【WAV+…
https://blog.sina.com.cn/s/blog_6943970c0102zlgl.html	甲子慧.2021-情守寡【乾坤唱片】【WAV+CUE】
https://blog.sina.com.cn/s/blog_6943970c0102zlgk.html	陈亮吟.1990-民歌3辑【腾祥唱片】【WAV+CUE】.
https://blog.sina.com.cn/s/blog_6943970c0102zlgj.html	江玲.1988-谁能给我奇迹【海丽】【WAV+CUE】
https://blog.sina.com.cn/s/blog_6943970c0102zlgi.html	刘昊.2021-自定义【种子音乐】【FLAC分轨】
https://blog.sina.com.cn/s/blog_6943970c0102zlgh.html	袁洁莹.1994-一知半解【中华娱乐】【WAV+CUE】
https://blog.sina.com.cn/s/blog_6943970c0102zlgg.html	陈洁仪.2007-LPCD45【海蝶】【WAV+CUR】
https://blog.sina.com.cn/s/blog_6943970c0102zlgf.html	群星.1996-火辣新音符【华纳】【WAV+CUE】
https://blog.sina.com.cn/s/blog_6943970c0102zlge.html	杭天.2017-十二年后【摩登天空】【FLAC分轨】
https://blog.sina.com.cn/s/blog_6943970c0102zlgd.html	方大同.2009-TIMELESS.HQCD【华纳】【WAV+CUE】
https://blog.sina.com.cn/s/blog_6943970c0102zlgc.html	庄振凯.2013-将你留【美华影音】【WAV+CUE】
https://blog.sina.com.cn/s/blog_6943970c0102zlgb.html	娃娃.1987-爱的感觉（2018华纳再版）【飞碟】【WAV+CUE】
https://blog.sina.com.cn/s/blog_6943970c0102zlga.html	甄妮.1988-依然是你的双手（LP版）【华星】【WAV+CUE】
https://blog.sina.com.cn/s/blog_6943970c0102zlg8.html	群星.2005-无极电影原声大碟（美版）【EPIC】【WAV+CUE】
https://blog.sina.com.cn/s/blog_6943970c0102zlg7.html	南征北战NZBZ.2020-二十多岁，无人欣赏（EP）【咭噜文化】【FLAC分…
https://blog.sina.com.cn/s/blog_6943970c0102zlg6.html	群星.2003-滚石金曲大赢家2CD（引进版）【滚石】【WAV+CUE】
https://blog.sina.com.cn/s/blog_6943970c0102zlg4.html	ME2.1998-我要你好看【现代派】【WAV+CUE】
https://blog.sina.com.cn/s/blog_6943970c0102zlg3.html	麦子杰.2006-截然不同【中唱】【FLAC分轨】
https://blog.sina.com.cn/s/blog_6943970c0102zlg2.html	李健达.1989-不再流浪【新艺宝】【WAV+CUE】
https://blog.sina.com.cn/s/blog_6943970c0102zlg1.html	关正杰.2001-至尊经典金曲精选2CD（引进版）【环球】【WAV+CUE】
https://blog.sina.com.cn/s/blog_6943970c0102zlg0.html	凤凰传奇.2014-最好的时代【孔雀廊】【WAV+CUE】
https://blog.sina.com.cn/s/blog_6943970c0102zlfz.html	马条.2021-塞外【SONY】【FLAC分轨】
https://blog.sina.com.cn/s/blog_6943970c0102zlfy.html	群星.2006-BAND.SOUND·香港BAND坛盛世回忆录3CD【正东】【WAV+CUE…
https://blog.sina.com.cn/s/blog_6943970c0102zlfx.html	群星.2012-鸿门宴传奇ADMS【JAVA】【WAV+CUE】
https://blog.sina.com.cn/s/blog_6943970c0102zlfw.html	雷安娜.1984-精选（2014环球30周年金碟限量版）【环球】【WAV+CUE…
https://blog.sina.com.cn/s/blog_6943970c0102zlfv.html	寻人启事.2021-1%概论（EP）【FLAC分轨】
https://blog.sina.com.cn/s/blog_6943970c0102zlfu.html	何笃霖.1990－把梦亲手交给你【天际唱片】【FLAC分轨】
https://blog.sina.com.cn/s/blog_6943970c0102zlfs.html	江珊.1994-只爱我一个【星碟】【WAV+CUE】
https://blog.sina.com.cn/s/blog_6943970c0102zlfr.html	蔡秋凤.2004-笑红尘【华特】【WAV+CUE】
https://blog.sina.com.cn/s/blog_6943970c0102zlfp.html	群星.2010-锦衣卫电影原声大碟【JAVA】【WAV+CUE】
https://blog.sina.com.cn/s/blog_6943970c0102zlfo.html	金贵晟.2014-IBelieve【SONY】【FLAC分轨】
https://blog.sina.com.cn/s/blog_6943970c0102zlfn.html	群星.2007-极品之选LPCD45【SONY】【WAV+CUE】
https://blog.sina.com.cn/s/blog_6943970c0102zlfm.html	邓瑞霞.2002-怀旧名曲【好时代】【WAV+CUE】
https://blog.sina.com.cn/s/blog_6943970c0102zlfk.html	李琛.2012-我爱的人没有嫁给我【中唱】【WAV+CUE】
https://blog.sina.com.cn/s/blog_6943970c0102zlfj.html	群星.2010-MELODY101黄金的旋律6CD【环球】【WAV+CUE】
https://blog.sina.com.cn/s/blog_6943970c0102zlfi.html	沈孟生.1991-男人心事【瑞星】【WAV+CUE】
https://blog.sina.com.cn/s/blog_6943970c0102zlfh.html	王若琳.2013-银河的危机：最奇异的午夜转播【SONY】【WAV+CUE】
https://blog.sina.com.cn/s/blog_6943970c0102zlfg.html	邓丽君.2014-旧曲情怀·不能遗忘的好声音2CD【海山】【WAV+CUE】
https://blog.sina.com.cn/s/blog_6943970c0102zlff.html	群星.2000-卧虎藏龙电影原声带【SONY】【WAV+CUE】
https://blog.sina.com.cn/s/blog_6943970c0102zlfe.html	罗大佑.2022-安可曲【种子音乐】【FLAC分轨】
https://blog.sina.com.cn/s/blog_6943970c0102zlfd.html	黎瑞恩.2002-梦成真演唱会2CD【EMI百代】【WAV+CUE】
https://blog.sina.com.cn/s/blog_6943970c0102zlfc.html	群星.1990-红色摇滚（2000复刻版）【滚石】【WAV+CUE】
https://blog.sina.com.cn/s/blog_6943970c0102zlfb.html	费翔.2013-绝代绝版2CD【华纳】【WAV+CUE】
https://blog.sina.com.cn/s/blog_6943970c0102zlf8.html	林翠萍.1988-绵绵细雨的夜晚【艺歌】【WAV+CUE】
https://blog.sina.com.cn/s/blog_6943970c0102zlf7.html	石村.1994-摇滚街头一条汉子【FILM】【WAV+CUE】
https://blog.sina.com.cn/s/blog_6943970c0102zlf6.html	罗文.2001-皇者之声2CD【英皇娱乐】【WAV+CUE】
https://blog.sina.com.cn/s/blog_6943970c0102zlf4.html	黄乙玲.2001-海波浪（引进版）【吉马】【WAV+CUE】
https://blog.sina.com.cn/s/blog_6943970c0102zlf3.html	群星.2011-大明宫词影视音乐原声大碟【科学文化】【WAV+CUE】
https://blog.sina.com.cn/s/blog_6943970c0102zlf1.html	翁倩玉.1986-倩玉情怀【歌林】【WAV+CUE】
https://blog.sina.com.cn/s/blog_6943970c0102zlex.html	杨千嬅.2006-金经典2CD【正东】【WAV+CUE】
https://blog.sina.com.cn/s/blog_6943970c0102zlew.html	凤飞飞.2001-天碟大赏3辑【天碟唱片】【WAV+CUE】
https://blog.sina.com.cn/s/blog_6943970c0102zlev.html	群星.2014-豪记之星10CD【豪记】【WAV+CUE】
https://blog.sina.com.cn/s/blog_6943970c0102zleu.html	庄学忠.2005-旧曲情怀2CD【皇星唱片】【WAV+CUE】
https://blog.sina.com.cn/s/blog_6943970c0102zles.html	张学友.2001-903.ID.CLUB拉阔音乐会【上华】【WAV+CUE】
https://blog.sina.com.cn/s/blog_6943970c0102zleq.html	蔡闺.1995-LETS.GO.GO.GO逗阵走【豪记】【WAV+CUE】
https://blog.sina.com.cn/s/blog_6943970c0102zleo.html	吴宗宪.2007-绝对收藏2CD【SONY】【WAV+CUE】
https://blog.sina.com.cn/s/blog_6943970c0102zlen.html	胡琳.2014-THE.FIFTH.SEASON【LMC】【WAV+CUE】
https://blog.sina.com.cn/s/blog_6943970c0102zlem.html	紫薇.1987-经典金曲20【月升唱片】【WAV+CUE】
https://blog.sina.com.cn/s/blog_6943970c0102zlel.html	叶瑷菱.2009-经典好歌2CD【华纳】【WAV+CUE】
https://blog.sina.com.cn/s/blog_6943970c0102zlej.html	石欣卉.2014-真欣石意新歌+精选3CD【华纳】【WAV+CUE】
https://blog.sina.com.cn/s/blog_6943970c0102zlei.html	群星.2003-天地英雄电影原声大碟【SONY】【WAV+CUE】
https://blog.sina.com.cn/s/blog_6943970c0102zleg.html	罗中旭.2003-刺【中天文化】【WAV+CUE】
https://blog.sina.com.cn/s/blog_6943970c0102zlef.html	群星.1997-宝丽金非常大牌精丫宝丽金】【WAV+CUE】
https://blog.sina.com.cn/s/blog_6943970c0102zled.html	庄振凯.2010-挺你挺我【美华影音】【WAV+CUE】
https://blog.sina.com.cn/s/blog_6943970c0102zlec.html	欧阳菲菲.1977-噢!李先生（2016复黑版）【海山】【WAV+CUE】
https://blog.sina.com.cn/s/blog_6943970c0102zleb.html	千百惠.1990-醉心集2CD【风格】【WAV+CUE】
https://blog.sina.com.cn/s/blog_6943970c0102zlea.html	苏小明.2003-中国巨星纪念名盘集·苏小明【中唱】【WAV+CUE】
https://blog.sina.com.cn/s/blog_6943970c0102zle9.html	高凌风.2003-长青歌集【歌林】【WAV+CUE】
https://blog.sina.com.cn/s/blog_6943970c0102zle8.html	群星.2006-夜宴电影原创音乐大碟【华谊兄弟】【WAV+CUE】
https://blog.sina.com.cn/s/blog_6943970c0102zle7.html	王菲.1994-FAYE.BEST（2015环球K2HD限量版）【环球】【WAV+CUE】
https://blog.sina.com.cn/s/blog_6943970c0102zle6.html	群星.1991-热门新歌龙虎榜VOL.1【风格】【WAV+CUE】
https://blog.sina.com.cn/s/blog_6943970c0102zle4.html	徐梦圆.2018-徐梦圆【麦爱文化】【FLAC分轨】
https://blog.sina.com.cn/s/blog_6943970c0102zle3.html	办桌二人组.2006-天下第一味【喜玛拉雅】【WAV+CUE】
https://blog.sina.com.cn/s/blog_6943970c0102zle1.html	黄凤凤.2010-丽风金典系列2辑4CD【丽风】【WAV+CUE】
https://blog.sina.com.cn/s/blog_6943970c0102zle0.html	丁当.2021-90s华语金曲翻玩计划-当我们再一起【相信音乐】【WAV分…
https://blog.sina.com.cn/s/blog_6943970c0102zldy.html	群星.1994-秋月电影原声带【声音工厂】【WAV+CUE】
https://blog.sina.com.cn/s/blog_6943970c0102zldx.html	林淑娟.2005-经典金曲2辑【风格】【WAV+CUE】
https://blog.sina.com.cn/s/blog_6943970c0102zldw.html	赵学而.2009-听听HQCD【SKINNYPORPORSJUKEBOX】【WAV+CUE】
https://blog.sina.com.cn/s/blog_6943970c0102zldv.html	赵学而.2008-听TING【SKINNYPORPORSJUKEBOX】【WAV+CUE】
https://blog.sina.com.cn/s/blog_6943970c0102zldu.html	李嘉.1990-迺夜市【天王唱片】【WAV+CUE】
https://blog.sina.com.cn/s/blog_6943970c0102zldt.html	王宏伟.1994-天地太极（新世纪K2H限量版）【JVC】【WAV+CUE】
https://blog.sina.com.cn/s/blog_6943970c0102zlds.html	上官萍.2001-天碟大赏20世纪音乐伟人名曲姚敏【天碟唱片】【WAV+CU…
https://blog.sina.com.cn/s/blog_6943970c0102zldq.html	邝美云.1997-宝丽金88极品音色系列【宝丽金】【WAV+CUE】
https://blog.sina.com.cn/s/blog_6943970c0102zldp.html	吴建豪.2017-Vanness.Best【SONY】【FLAC分轨】
https://blog.sina.com.cn/s/blog_6943970c0102zldo.html	凤飞飞.2013-金唱片怀念歌曲【新世纪】【WAV+CUE】
https://blog.sina.com.cn/s/blog_6943970c0102zldn.html	群星.2007-十年刘以达【隽星文化】【WAV+CUE】
https://blog.sina.com.cn/s/blog_6943970c0102zldm.html	孔艺弦.2019-MEL【赋音乐】【FLAC分轨】
https://blog.sina.com.cn/s/blog_6943970c0102zldl.html	群星.2018-人际关系事务所电视原声带【麻吉娱乐】【WAV+CUE】
https://blog.sina.com.cn/s/blog_6943970c0102zldi.html	苏打绿.2008-陪我歌唱小巨蛋演唱会LIVE2CD（引进版）【亚神音乐】…
https://blog.sina.com.cn/s/blog_6943970c0102zldh.html	王心凌.2023-BITE.BACK【SONY】【FLAC分轨】
https://blog.sina.com.cn/s/blog_6943970c0102zldg.html	群星.2003-十八岁的天空电视原声带（引进版）【有容文化】【WAV+CU…
https://blog.sina.com.cn/s/blog_6943970c0102zldf.html	莫艳琳.2006-顽固独身主义【太合麦田】【WAV+CUE】
https://blog.sina.com.cn/s/blog_6943970c0102zlde.html	群星.1998-乐玩乐快乐MEGAMIX【魔岩】【WAV+CUE】
https://blog.sina.com.cn/s/blog_6943970c0102zldd.html	罗宾.2002-难忘福建译曲2辑【南方】【WAV+CUE】
https://blog.sina.com.cn/s/blog_6943970c0102zldc.html	甲子慧.2018-灯仔火【金元宝】【WAV+CUE】
https://blog.sina.com.cn/s/blog_6943970c0102zldb.html	谢震廷.2015-查理【十全媒体】【FLAC分轨】
https://blog.sina.com.cn/s/blog_6943970c0102zlda.html	容祖儿.2013-ALL.DELICIOUS.COLLECTION.2CD【英皇娱乐】【WAV+CUE…
https://blog.sina.com.cn/s/blog_6943970c0102zld9.html	容祖儿.2013-HOPELESSLY.ROMANTIC.COLLECTION.2CD【英皇娱乐】【WA…
https://blog.sina.com.cn/s/blog_6943970c0102zld7.html	林灵.1987-生命的唱盘【海丽】【WAV+CUE】
https://blog.sina.com.cn/s/blog_6943970c0102zld6.html	群星.2005-孤恋花电影原声带【华纳】【WAV+CUE】
https://blog.sina.com.cn/s/blog_6943970c0102zld4.html	黄莺莺.1987-雪在烧（2015华纳XRCD+SHM-CD限量版）【华纳】【WAV+C…
https://blog.sina.com.cn/s/blog_6943970c0102zld3.html	群星.2010-邵氏大电影原装电影歌曲LPCD.3CD【EMI百代】【WAV+CUE】
https://blog.sina.com.cn/s/blog_6943970c0102zld2.html	周华健.1995-BE.MY.VALENTINE情浓七日（EP）【滚石】【WAV+CUE】
https://blog.sina.com.cn/s/blog_6943970c0102zld0.html	陈少华.1994-九九女儿红【中唱】【WAV+CUE】
https://blog.sina.com.cn/s/blog_6943970c0102zlcz.html	莫文蔚.2015-莫后年代·20周年巡回演唱会CD1【环球】【WAV+CUE】
https://blog.sina.com.cn/s/blog_6943970c0102zlcy.html	达明一派.2004-达明.Reunion.3CD【环球】【WAV+CUE】
https://blog.sina.com.cn/s/blog_6943970c0102zlcx.html	潘秀琼.1995-旷世低音歌后经典金曲6CD【迪安】【WAV+CUE】
https://blog.sina.com.cn/s/blog_6943970c0102zlcv.html	群星.2005-情癫大圣电影原声大碟【英皇娱乐】【WAV+CUE】
https://blog.sina.com.cn/s/blog_6943970c0102zlcu.html	群星.1998-强手货2CD【SONY】【WAV+CUE】
https://blog.sina.com.cn/s/blog_6943970c0102zlct.html	陈粒.2018-玩【有此山文化】【WAV+CUE】
https://blog.sina.com.cn/s/blog_6943970c0102zlcs.html	罗文.2000-纪念特辑2辑【千里马】【WAV+CUE】
https://blog.sina.com.cn/s/blog_6943970c0102zlcr.html	王子鸣.1995-伤心雨【天地人】【WAV+CUE】
https://blog.sina.com.cn/s/blog_6943970c0102zlcq.html	崔岩光.2008-美声精丫KING】【WAV+CUE】
https://blog.sina.com.cn/s/blog_6943970c0102zlcp.html	张镐哲.2002-精选金曲（引进版）【环球】【WAV+CUE】
https://blog.sina.com.cn/s/blog_6943970c0102zlco.html	小凤凤.2006-福建老歌名典2CD（南方金点系列）【南方】【WAV+CUE】
https://blog.sina.com.cn/s/blog_6943970c0102zlcn.html	汪峰.2022-也许我可以无视死亡【星文】【WAV+CUE】
https://blog.sina.com.cn/s/blog_6943970c0102zlcm.html	甄秀珍.1987-回首问情（喜玛拉雅飞跃复刻版）【海丽】【WAV+CUE】
https://blog.sina.com.cn/s/blog_6943970c0102zlck.html	汪佩蓉.2019-我们都是好人（EP）【梦想当然】【FLAC分轨】
https://blog.sina.com.cn/s/blog_6943970c0102zlch.html	蔡秋凤.2016-十全十美【华特】【FLAC+CUE】
https://blog.sina.com.cn/s/blog_6943970c0102zlcf.html	群星.1997-三个受伤的警察电影原声大碟【REDCAT】【WAV+CUE】
https://blog.sina.com.cn/s/blog_6943970c0102zlce.html	卓依婷.2011-卓依婷【优格音乐】【WAV+CUE】
https://blog.sina.com.cn/s/blog_6943970c0102zlcd.html	黄耀明.2005-我爱明哥黄耀明作品精选集3CD【正东】【WAV+CUE】
https://blog.sina.com.cn/s/blog_6943970c0102zlcc.html	群星.1999-喜剧之王电影原声大碟2CD【滚石】【WAV+CUE】
https://blog.sina.com.cn/s/blog_6943970c0102zlca.html	群星.1998-SBC电视剧名曲精粹16首【风潮】【WAV+CUE】
https://blog.sina.com.cn/s/blog_6943970c0102zlc8.html	郑兴琦.2017-极光【海蝶】【WAV+CUE】
https://blog.sina.com.cn/s/blog_6943970c0102zlc7.html	欧阳靖.2007-ABC【新艺宝】【WAV+CUE】
https://blog.sina.com.cn/s/blog_6943970c0102zlc4.html	林子祥.2001-影视经典名曲2CD（引进版）【华纳】【WAV+CUE】
https://blog.sina.com.cn/s/blog_6943970c0102zlc3.html	林竹君.2005-怀旧金典5CD【豪丽唱片】【WAV+CUE】
https://blog.sina.com.cn/s/blog_6943970c0102zlc2.html	林珊珊.2006-华纳NO.1系列【华纳】【WAV+CUE】
https://blog.sina.com.cn/s/blog_6943970c0102zlc1.html	群星.2004-天下无贼电影原声大碟【EMI百代】【WAV+CUE】
https://blog.sina.com.cn/s/blog_6943970c0102zlc0.html	群星.1994-两个永恒电视主题曲全集【飞碟】【WAV+CUE】
https://blog.sina.com.cn/s/blog_6943970c0102zlbz.html	吴佩慈.2008-夜光航线（EP）【星城娱乐】【FLAC分轨】
https://blog.sina.com.cn/s/blog_6943970c0102zlby.html	朱明瑛.1984-明亮的眼睛（LP版）【中唱】【WAV+CUE】
https://blog.sina.com.cn/s/blog_6943970c0102zlbx.html	纪敏佳.2005-全新.纪敏佳【文采】【WAV+CUE】
https://blog.sina.com.cn/s/blog_6943970c0102zlbw.html	龙千玉.1993-伤痕【豪记】【WAV+CUE】
https://blog.sina.com.cn/s/blog_6943970c0102zlbu.html	陈之财.1993-生命的晴天【音乐集团】【WAV+CUE】
https://blog.sina.com.cn/s/blog_6943970c0102zlbt.html	徐小凤.1982－1985-全新歌集3辑【康艺成音】【WAV+CUE】
https://blog.sina.com.cn/s/blog_6943970c0102zlbr.html	群星.1997-月光·里情【上华】【WAV+CUE】
https://blog.sina.com.cn/s/blog_6943970c0102zlbq.html	群星.2000-我的父亲母亲·一个都不能少电影原声合辑（日版）【竹书…
https://blog.sina.com.cn/s/blog_6943970c0102zlbp.html	群星.2003-距离让我们心更靠近【WAV+CUE】
https://blog.sina.com.cn/s/blog_6943970c0102zlbn.html	张云儿.1993-爱要怎么说（引进版）【WAV+CUE】
https://blog.sina.com.cn/s/blog_6943970c0102zlbm.html	许志安.2007-空前绝后【东亚】【WAV+CUE】
https://blog.sina.com.cn/s/blog_6943970c0102zlbl.html	红蚂蚁.1993-红蚂蚁2【友善的狗】【WAV+CUE】
https://blog.sina.com.cn/s/blog_6943970c0102zlbk.html	红蚂蚁.1989-红蚂蚁合唱团I（百佳唱片NO.18）【滚石】【WAV+CUE】
https://blog.sina.com.cn/s/blog_6943970c0102zlbj.html	郑吟秋.1984-潮来潮往（LP版）【东尼机构】【WAV+CUE】
https://blog.sina.com.cn/s/blog_6943970c0102zlbi.html	苏芮.2018-感动我MY.FAVORITE.YOUR.MEMORY.NEW.XRCD.2CD【华纳】【…
https://blog.sina.com.cn/s/blog_6943970c0102zlbh.html	洪百慧.2013-将爱阮一半【美华影音】【WAV+CUE】
https://blog.sina.com.cn/s/blog_6943970c0102zlbg.html	刺客.1994-I.DONT.CARE【精实】【WAV+CUE】
https://blog.sina.com.cn/s/blog_6943970c0102zlbf.html	群星.2002-天下无双电影原声大碟（引进版）【EMI百代】【WAV+CUE】
https://blog.sina.com.cn/s/blog_6943970c0102zlbe.html	陈山河.1987-将个心俾你（EP）【华纳】【FLAC分轨】
https://blog.sina.com.cn/s/blog_6943970c0102zlbd.html	群星.2001-飞扬的青春·闪亮80【华纳】【WAV+CUE】
https://blog.sina.com.cn/s/blog_6943970c0102zlbc.html	林美英1995-我在你左右·林美英珍藏版【艺歌唱片】【WAV+CUE】
https://blog.sina.com.cn/s/blog_6943970c0102zlbb.html	孟楠.2008-我只有我【东乐】【WAV+CUE】
https://blog.sina.com.cn/s/blog_6943970c0102zlba.html	王力宏.2015-你的爱【HomeBoy】【WAV+CUE】
https://blog.sina.com.cn/s/blog_6943970c0102zlb9.html	张敬轩.2016-DEAREST.FELIX【英皇娱乐】【WAV+CUE】
https://blog.sina.com.cn/s/blog_6943970c0102zlb8.html	谢采妘.2009-柔情绝代名典2辑4CD【南方】【WAV+CUE】
https://blog.sina.com.cn/s/blog_6943970c0102zlb6.html	吴淑敏.1993-新鸳鸯蝴蝶梦【吉马】【WAV+CUE】
https://blog.sina.com.cn/s/blog_6943970c0102zlb5.html	群星.1997-摇滚滚石（引进版）【滚石】【WAV+CUE】
https://blog.sina.com.cn/s/blog_6943970c0102zlb4.html	群星.2019-阳光普照电影配乐【StreetVoice】【WAV+CUE】
https://blog.sina.com.cn/s/blog_6943970c0102zlb3.html	群星.2004-完美声音XRCD2辑【环球】【WAV+CUE】
https://blog.sina.com.cn/s/blog_6943970c0102zlb1.html	蔡琴.2016-经典老歌2（2023新世纪MQA限量版）【瑞星】【WAV+CUE】
https://blog.sina.com.cn/s/blog_6943970c0102zlb0.html	蔡琴.2012-经典老歌（2023新世纪MQA限量版）【瑞星】【WAV+CUE】
https://blog.sina.com.cn/s/blog_6943970c0102zlaz.html	新裤子.2006-龙虎人丹【摩登天空】【WAV+CUE】
https://blog.sina.com.cn/s/blog_6943970c0102zlay.html	陈汝佳.2000-随风而逝的你【广东音像】【WAV+CUE】
https://blog.sina.com.cn/s/blog_6943970c0102zlax.html	岳雷.2004-岳雷绝佳珍藏全纪录4CD【东尼机构】【WAV+CUE】
https://blog.sina.com.cn/s/blog_6943970c0102zlaw.html	韩宝仪.1987-1990-精选集12CD【风格】【WAV+CUE】
https://blog.sina.com.cn/s/blog_6943970c0102zlav.html	詹雅雯.1991-心の台日语演歌集6CD【雅鹂】【WAV+CUE】
https://blog.sina.com.cn/s/blog_6943970c0102zlau.html	群星.2000-西游记电视原声带2CD【泰达】【WAV+CUE】
https://blog.sina.com.cn/s/blog_6943970c0102zlat.html	茶凉粉.2016-感谢好时光【摩登天空】【WAV+CUE】
https://blog.sina.com.cn/s/blog_6943970c0102zlas.html	茶凉粉.2018-某个角落【摩登天空】【WAV+CUE】
https://blog.sina.com.cn/s/blog_6943970c0102zlar.html	江希文.1993-旧情绵绵【嘉音】【WAV+CUE】
https://blog.sina.com.cn/s/blog_6943970c0102zlaq.html	张蓉蓉.2013-爱的记号【豪记】【WAV+CUE】
https://blog.sina.com.cn/s/blog_6943970c0102zlap.html	群星.1997-琼瑶电视剧主题曲续集【上华】【WAV+CUE】
https://blog.sina.com.cn/s/blog_6943970c0102zlao.html	麦浚龙.2010-NOTHING.LASTS.FOREVER新曲+精丫SILLYTHING】【WAV+CU…
https://blog.sina.com.cn/s/blog_6943970c0102zlan.html	动力火车.1998-LIVE暴风现场2CD【上华】【WAV+CUE】
https://blog.sina.com.cn/s/blog_6943970c0102zlam.html	谢采妘.1999-潇洒柔情2IN1（南方金点系列）2CD【南方】【WAV+CUE】
https://blog.sina.com.cn/s/blog_6943970c0102zlak.html	布衣乐队.2018-小怪兽【FLAC+CUE】
https://blog.sina.com.cn/s/blog_6943970c0102zlaj.html	BEYOND.1989-真的见证（2015环球K2HD限量版）【环球】【WAV+CUE】
https://blog.sina.com.cn/s/blog_6943970c0102zlai.html	李雨.2021-造化【太合】【WAV+CUE】
https://blog.sina.com.cn/s/blog_6943970c0102zlaf.html	群星.2004-十面埋伏电影原声大碟【SONY】【WAV+CUE】
https://blog.sina.com.cn/s/blog_6943970c0102zlad.html	SHINE.2012-ESSENTIALS新曲+精选2CD【寰亚】【WAV+CUE】
https://blog.sina.com.cn/s/blog_6943970c0102zlac.html	李佳薇.2011-感谢爱人【华纳】【WAV+CUE】
https://blog.sina.com.cn/s/blog_6943970c0102zlab.html	钟镇涛.1991-活出自己（国）【飞碟】【WAV+CUE】
https://blog.sina.com.cn/s/blog_6943970c0102zla9.html	吕珊.2003-精丫BMG】【WAV+CUE】
https://blog.sina.com.cn/s/blog_6943970c0102zla7.html	群星.2012-爱情公寓3原声大碟【SONY】【WAV+CUE】
https://blog.sina.com.cn/s/blog_6943970c0102zla6.html	群星.1988-华星金曲精装集88（华星40金碟系列）【华星】【WAV+CUE…
https://blog.sina.com.cn/s/blog_6943970c0102zla5.html	江一燕.2013-七月与安生话剧原声音乐碟【18文化】【FLAC分轨】
https://blog.sina.com.cn/s/blog_6943970c0102zla4.html	张国荣.1983-曼谷演唱会现场实录【PRO.MEDIAMART】【WAV+CUE】
https://blog.sina.com.cn/s/blog_6943970c0102zla3.html	声音碎片.2002-世界是噪音的花园【摩登天空】【WAV+CUE】
https://blog.sina.com.cn/s/blog_6943970c0102zla2.html	金铭.1990-小雨点2辑【华星】【WAV+CUE】
https://blog.sina.com.cn/s/blog_6943970c0102zla1.html	张琼瑶.1992-你还爱我吗？【奇花音乐】【WAV+CUE】
https://blog.sina.com.cn/s/blog_6943970c0102zl9y.html	韦礼安.2021-IM.MORE.SOBER.WHEN.IM.DRUNK（英文创作专辑）【SONY…
https://blog.sina.com.cn/s/blog_6943970c0102zl9w.html	吴庆康.1991-我的爱被太平洋和大西洋淹沒【TOUCHMUSIC】【FLAC分轨…
https://blog.sina.com.cn/s/blog_6943970c0102zl9u.html	崔萍.1962-爱的心声（2014新世纪复刻版）【SEPIA】【WAV+CUE】
https://blog.sina.com.cn/s/blog_6943970c0102zl9s.html	蔡秋凤.1990-悲情的运命·蔡秋凤专辑精华版2辑【爱莉亚】【WAV+CUUE…
https://blog.sina.com.cn/s/blog_6943970c0102zl9r.html	万晓利.2002-走过来走过去【摩登天空】【WAV+CUE】
https://blog.sina.com.cn/s/blog_6943970c0102zl9p.html	黄磊.1997-边走边唱【丰华】【WAV+CUE】
https://blog.sina.com.cn/s/blog_6943970c0102zl9o.html	侯旭.2018-逃【力行网际】【WAV+CUE】
https://blog.sina.com.cn/s/blog_6943970c0102zl9n.html	群星.2008-篮球火电影原声大碟【SONY】【WAV+CUE】
https://blog.sina.com.cn/s/blog_6943970c0102zl9m.html	陈小云.1986-台语畅销集·免失志【吉马】【WAV+CUE】
https://blog.sina.com.cn/s/blog_6943970c0102zl9j.html	风筝乐队.2017-追逐（EP）【星外星】【WAV+CUE】
https://blog.sina.com.cn/s/blog_6943970c0102zl9i.html	群星.1983-新歌ENCORE（LP版）【EMI百代】【WAV+CUE】
https://blog.sina.com.cn/s/blog_6943970c0102zl9h.html	JS.2006-Nero.Scream（EP）【喜玛拉雅】【WAV+CUE】
https://blog.sina.com.cn/s/blog_6943970c0102zl9f.html	郑敬基.1989-为谁痴心（2006新世纪复刻版）【TheForwardThinker】…
https://blog.sina.com.cn/s/blog_6943970c0102zl9e.html	群星.2004-功夫电影原声大碟【SONY】【WAV+CUE】
https://blog.sina.com.cn/s/blog_6943970c0102zl9d.html	莫文蔚.2012-回蔚巡回演唱会BONUSCD【环球】【WAV+CUE】
https://blog.sina.com.cn/s/blog_6943970c0102zl9b.html	郭小霖.2006-完全精选3CD【SONY】【WAV+CUE】
https://blog.sina.com.cn/s/blog_6943970c0102zl99.html	雷光夏.2015-不想忘记的声音【SONY】【WAV+CUE】
https://blog.sina.com.cn/s/blog_6943970c0102zl97.html	ME2.1997-我就是我【现代派】【WAV+CUE】
https://blog.sina.com.cn/s/blog_6943970c0102zl93.html	陈洁丽.2010-SINGS.TERESA.LIVE.IN.HONG.KONG【星外星】【WAV+CUE…
https://blog.sina.com.cn/s/blog_6943970c0102zl92.html	文章.1985-古月照今尘【四海唱片】【WAV+CUE】
https://blog.sina.com.cn/s/blog_6943970c0102zl90.html	群星.1988-城市生活节奏（2014环球复黑王·百代篇）【EMI百代】【WA…
https://blog.sina.com.cn/s/blog_6943970c0102zl8z.html	群星.1996-南国再见，南国电影原声带【魔岩】【WAV+CUE】
https://blog.sina.com.cn/s/blog_6943970c0102zl8y.html	南方二重唱.1991-1998-城市新民歌系列7CD【瑞星】【WAV+CUE】
https://blog.sina.com.cn/s/blog_6943970c0102zl8x.html	陈晓东.2002-I.WANT.TO.BE.唱作+自选情歌集2CD【环球】【WAV+CUE】
https://blog.sina.com.cn/s/blog_6943970c0102zl8w.html	陈粒.2015-如也【WAV+CUE】
https://blog.sina.com.cn/s/blog_6943970c0102zl8u.html	群星.2009-光阴的故事6CD【滚石】【WAV+CUE】
https://blog.sina.com.cn/s/blog_6943970c0102zl8t.html	阿牛.1998-个人第一张创作专辑2CD【滚石】【WAV+CUE】
https://blog.sina.com.cn/s/blog_6943970c0102zl8s.html	旅行团.2020-似你似我【StreetVoice】【WAV+CUE】
https://blog.sina.com.cn/s/blog_6943970c0102zl8p.html	群星.1996-天若有情3烽火佳人电影原声【EMI百代】【WAV+CUE】
https://blog.sina.com.cn/s/blog_6943970c0102zl8o.html	BOBO.2007-光荣（EP）【华谊兄弟】【FLAC】
https://blog.sina.com.cn/s/blog_6943970c0102zl8m.html	何方.1994-情不自禁【瑞星】【WAV+CUE】
https://blog.sina.com.cn/s/blog_6943970c0102zl8l.html	瘦人乐队.2000-瘦人【骏麟实业】【WAV+CUE】
https://blog.sina.com.cn/s/blog_6943970c0102zl8k.html	黄雅莉.2006-崽【天娱传媒】【WAV+CUE】
https://blog.sina.com.cn/s/blog_6943970c0102zl8j.html	胡德夫.2017-时光【无非文化】【WAV+CUE】
https://blog.sina.com.cn/s/blog_6943970c0102zl8i.html	苏儿真.1995-101次表白【金点】【WAV+CUE】
https://blog.sina.com.cn/s/blog_6943970c0102zl8h.html	赵学而.1997-寻人【飞图】【WAV+CUE】
https://blog.sina.com.cn/s/blog_6943970c0102zl8g.html	群星.1990-最受欢迎点唱歌曲3CD【瑞华】【WAV+CUE】
https://blog.sina.com.cn/s/blog_6943970c0102zl8f.html	群星.2001-花样年华电影原声大碟2CD（法国版）【维京】【WAV+CUE】
https://blog.sina.com.cn/s/blog_6943970c0102zl8e.html	孙淑媚.2009-女人的心事【华特】【WAV+CUE】
https://blog.sina.com.cn/s/blog_6943970c0102zl8d.html	侯俊辉.2010-明天·流行魅力恋歌【南方】【WAV+CUE】
https://blog.sina.com.cn/s/blog_6943970c0102zl8c.html	林忆莲.1997-最爱THE.BEST.OF.SANDY.LIVE.2CD【滚石】【WAV+CUE】
https://blog.sina.com.cn/s/blog_6943970c0102zl8b.html	群星.2004-101次求婚电视原声带【种子音乐】【WAV+CUE】
https://blog.sina.com.cn/s/blog_6943970c0102zl8a.html	霍正奇.1999-蓝色的界限·B面的歌【金锐唱片】【WAV+CUE】
https://blog.sina.com.cn/s/blog_6943970c0102zl89.html	罗文.1984-塞外风云（复刻版）【金王星】【WAV+CUE】
https://blog.sina.com.cn/s/blog_6943970c0102zl88.html	巴奈.2000-泥娃娃【角头音乐】【WAV+CUE】.
https://blog.sina.com.cn/s/blog_6943970c0102zl87.html	姚苏蓉.1988-名曲精选18首【现代唱片】【WAV+CUE】
https://blog.sina.com.cn/s/blog_6943970c0102zl86.html	樱花姐妹.1996-国语老歌6CD【雅鹂】【WAV+CUE】
https://blog.sina.com.cn/s/blog_6943970c0102zl85.html	叶倩文.1980－1983-早期国语专辑2015复刻版5CD【皇星全音】【WAV+C…
https://blog.sina.com.cn/s/blog_6943970c0102zl84.html	群星.1984-凉茶马尾飞机头电影原声带（2004环球复黑版）【宝丽金】…
https://blog.sina.com.cn/s/blog_6943970c0102zl83.html	李丽芬.1993-发现【滚石】【WAV+CUE】
https://blog.sina.com.cn/s/blog_6943970c0102zl81.html	刘瑞琪.1991-你是我无心的错【乡城】【WAV+CUE】
https://blog.sina.com.cn/s/blog_6943970c0102zl80.html	陈忆文.1993-月光下的恋情·爱之锁【皇星全音】【WAV+CUE】
https://blog.sina.com.cn/s/blog_6943970c0102zl7z.html	徐良.2011-不良少年【美妙音乐】【WAV+CUE】
https://blog.sina.com.cn/s/blog_6943970c0102zl7y.html	陈思安.1990-酒廊情调5CD【歌丽美】【WAV+CUE】
https://blog.sina.com.cn/s/blog_6943970c0102zl7x.html	新裤子.2000-DISCOGIRL【摩登天空】【WAV+CUE】
https://blog.sina.com.cn/s/blog_6943970c0102zl7w.html	白冰冰.1993-舞池【上峰音乐】【WAV+CUE】
https://blog.sina.com.cn/s/blog_6943970c0102zl7v.html	叶倩文.1980－1983-早期国语专辑2015复刻版5CD【皇星全音】【WAV+C…
https://blog.sina.com.cn/s/blog_6943970c0102zl7u.html	陈百强.2003-我的心底话2CD【华纳】【WAV+CUE】
https://blog.sina.com.cn/s/blog_6943970c0102zl7t.html	群星.1999-将爱情进行到底电视剧原声音乐【中唱】【WAV+CUE】
https://blog.sina.com.cn/s/blog_6943970c0102zl7s.html	群星.1996-华纳精装专辑绝对动听（引进版）【华纳】【WAV+CUE】
https://blog.sina.com.cn/s/blog_6943970c0102zl7r.html	黑豹乐队.2017-本色【风华秋实】【WAV+CUE】
https://blog.sina.com.cn/s/blog_6943970c0102zl7q.html	凤飞飞.1976-枫叶情·凤飞飞金唱片5（2009回音复刻版）【海山】【WA…
https://blog.sina.com.cn/s/blog_6943970c0102zl7o.html	陈秀雯.2003-全新震荡演唱会2CD【环星】【WAV+CUE】
https://blog.sina.com.cn/s/blog_6943970c0102zl7n.html	韩红.2001-醒了【麒麟童】【WAV+CUE】
https://blog.sina.com.cn/s/blog_6943970c0102zl7l.html	谷村新司.2017-STANDARD～呼吸～3CD【环球】【FLAC分轨】
https://blog.sina.com.cn/s/blog_6943970c0102zl7k.html	谷村新司.2007-世纪精选2CD【丰华】【WAV+CUE】
https://blog.sina.com.cn/s/blog_6943970c0102zl7g.html	群星.1999-将爱情进行到底电视剧原声音乐【中唱】【WAV+CUE】
https://blog.sina.com.cn/s/blog_6943970c0102zl7f.html	林淑敏.2010-窈窕淑女2辑【音乐谷】【WAV+CUE】
https://blog.sina.com.cn/s/blog_6943970c0102zl7e.html	群星.2006-银河映像1996-2005.2CD【华纳】【WAV+CUE】
https://blog.sina.com.cn/s/blog_6943970c0102zl7c.html	16层乐队.2019-鹿亦微灯【摩登天空】【FLAC分轨】
https://blog.sina.com.cn/s/blog_6943970c0102zl7b.html	Abo.2015-IF.LOVE【MusicNext】【FLAC分轨】
https://blog.sina.com.cn/s/blog_6943970c0102zl7a.html	F4.2007-在这里等你（日版）【SONY】【WAV+CUE】
https://blog.sina.com.cn/s/blog_6943970c0102zl79.html	张国荣.2000-大热+UNTITLED（2012环球K2HD限量版）【环球】【WAV+C…
https://blog.sina.com.cn/s/blog_6943970c0102zl78.html	林宇中.2005-1ST（引进版）【海蝶】【WAV+CUE】
https://blog.sina.com.cn/s/blog_6943970c0102zl77.html	陈忆文.2006-陈忆文特辑【皇星全音】【WAV+CUE】
https://blog.sina.com.cn/s/blog_6943970c0102zl76.html	南拳妈妈.2008-优の良曲南搞小孩（新歌+精选）2CD【阿尔发】【WAV+…
https://blog.sina.com.cn/s/blog_6943970c0102zl75.html	吕方小虎队.1984-可会遗忘·忍着泪说GOODBYE（华星40金碟版）【华星…
https://blog.sina.com.cn/s/blog_6943970c0102zl74.html	蔡卓妍.2009-二缺一【英皇娱乐】【WAV+CUE】
https://blog.sina.com.cn/s/blog_6943970c0102zl73.html	Mr.2010－Everyone.Concert.01.2CD【新艺宝】【WAV+CUE】
https://blog.sina.com.cn/s/blog_6943970c0102zl71.html	群星.1991-滚石10年朋友10CD【滚石】【WAV+CUE】
https://blog.sina.com.cn/s/blog_6943970c0102zl70.html	群星.2017-大佛普拉斯电影原声带【好有感觉音乐】【WAV+CUE】
https://blog.sina.com.cn/s/blog_6943970c0102zl6z.html	李丹阳.1999-红月亮【上海音像】【WAV+CUE】
https://blog.sina.com.cn/s/blog_6943970c0102zl6y.html	庞龙.2006-爱情果【鸟人文化】【WAV+CUE】
https://blog.sina.com.cn/s/blog_6943970c0102zl6v.html	罗敏庄.2012-真SING情演唱会3CD【新世纪】【WAV+CUE】
https://blog.sina.com.cn/s/blog_6943970c0102zl6u.html	王佩.1998-与爱共舞（TP版）【宝丽金】【WAV+CUE】
https://blog.sina.com.cn/s/blog_6943970c0102zl6t.html	陈琳.1996-害怕爱上你【竹书文化】【WAV+CUE】
https://blog.sina.com.cn/s/blog_6943970c0102zl6q.html	群星.1999-还珠格格音乐全记录（引进版）【可人】【WAV+CUE】
https://blog.sina.com.cn/s/blog_6943970c0102zl6p.html	王笠人.2018-王笠人首张同名全创作专辑【福茂】【WAV+CUE】
https://blog.sina.com.cn/s/blog_6943970c0102zl6o.html	陈升.2021-丽春【滚石】【WAV+CUE】
https://blog.sina.com.cn/s/blog_6943970c0102zl6n.html	陈凯咏.2022-UNBORDERED.Live【环球】【FLAC分轨】
https://blog.sina.com.cn/s/blog_6943970c0102zl6l.html	天堂乐队.1995-炼狱里的天堂乐队【中唱】【WAV+CUE】
https://blog.sina.com.cn/s/blog_6943970c0102zl6h.html	方炯镔.2008-好人？！Abin【喜欢音乐】【WAV+CUE】
https://blog.sina.com.cn/s/blog_6943970c0102zl6g.html	刘若英.2021-各自安好【相信音乐】【WAV+CUE】
https://blog.sina.com.cn/s/blog_6943970c0102zl6f.html	群星.2003-多彩的歌声·外国歌曲集锦5CD【太平洋影音】【WAV+CUE】
https://blog.sina.com.cn/s/blog_6943970c0102zl6e.html	刘德华.2009-EMI至爱经典系列2CD【EMI百代】【WAV+CUE】
https://blog.sina.com.cn/s/blog_6943970c0102zl6d.html	何维健.2015-柠檬甜甜的【FLAC分轨】
https://blog.sina.com.cn/s/blog_6943970c0102zl6c.html	群星.2003-孽子电视原声大碟【风潮】【WAV+CUE】
https://blog.sina.com.cn/s/blog_6943970c0102zl6b.html	吴岱融.1992-缘回【EGO异果】【WAV+CUE】
https://blog.sina.com.cn/s/blog_6943970c0102zl6a.html	江淑娜.1988-烟雨濛濛【风格】【WAV+CUE】
https://blog.sina.com.cn/s/blog_6943970c0102zl69.html	新裤子.1998-新裤子【摩登天空】【WAV+CUE】
https://blog.sina.com.cn/s/blog_6943970c0102zl67.html	刘美君.2008-大开色戒新曲+精选CD1【新艺宝】【WAV+CUE】
https://blog.sina.com.cn/s/blog_6943970c0102zl66.html	郭品超.2007-同行【华纳】【WAV+CUE】
https://blog.sina.com.cn/s/blog_6943970c0102zl64.html	群星.1999-华纳千禧世纪好精选3CD【华纳】【WAV+CUE】
https://blog.sina.com.cn/s/blog_6943970c0102zl62.html	群星.2020-幸福还会来敲门电视剧原声带【华纳】【WAV+CUE】
https://blog.sina.com.cn/s/blog_6943970c0102zl61.html	陈慧琳.2005-纸醉金迷演唱会2CD【正东】【WAV+CUE】
https://blog.sina.com.cn/s/blog_6943970c0102zl60.html	阿达.2017-最中二代目【环球】【WAV分轨】
https://blog.sina.com.cn/s/blog_6943970c0102zl5z.html	GALA.2004-Young.For.You.【弄潮音乐】【WAV+CUE】
https://blog.sina.com.cn/s/blog_6943970c0102zl5y.html	GALA.2011-追梦痴子心【东乐影音】【WAV+CUE】
https://blog.sina.com.cn/s/blog_6943970c0102zl5x.html	张伟文.2014-精选SACD【永恒】【WAV+CUE】
https://blog.sina.com.cn/s/blog_6943970c0102zl5v.html	刘惜君.2010-爱情花园【傲旗音乐】【WAV+CUE】
https://blog.sina.com.cn/s/blog_6943970c0102zl5u.html	天堂乐队.2017-有人说摇滚已经死了【迷笛音乐】【WAV+CUE】
https://blog.sina.com.cn/s/blog_6943970c0102zl5t.html	群星.2014-永恒精选2CD【永恒】【WAV+CUE】
https://blog.sina.com.cn/s/blog_6943970c0102zl5r.html	郑绪岚.2001-情系红楼梦（珍藏版）【上海音像】【WAV+CUE】
https://blog.sina.com.cn/s/blog_6943970c0102zl5q.html	夏玲玲.2002-电视、电影主题曲【保声】【WAV+CUE】
https://blog.sina.com.cn/s/blog_6943970c0102zl5p.html	蒋大为.1987-电视主题歌劲歌金曲集（爱销版）【太平洋影音】【WAV+…
https://blog.sina.com.cn/s/blog_6943970c0102zl5m.html	林淑容.2017-那些年那些歌【瑞华】【WAV+CUE】
https://blog.sina.com.cn/s/blog_6943970c0102zl5l.html	群星.1998-上华国语总冠军第二辑（引进版）【上华】【WAV+CUE】
https://blog.sina.com.cn/s/blog_6943970c0102zl5k.html	群星.1998-上华国语总冠军（引进版）【上华】【WAV+CUE】
https://blog.sina.com.cn/s/blog_6943970c0102zl5j.html	李为.1992-你可以不必急着放弃【派森】【WAV+CUE】
https://blog.sina.com.cn/s/blog_6943970c0102zl5i.html	钟立风.2011-像艳遇一样忧伤【十三月】【WAV+CUE】
https://blog.sina.com.cn/s/blog_6943970c0102zl5h.html	郑秀文.2019-我们都是这样长大的【寰亚】【WAV+CUE】
https://blog.sina.com.cn/s/blog_6943970c0102zl5g.html	林竹君.1991-刻骨铭君6CD【音乐谷】【WAV+CUE】
https://blog.sina.com.cn/s/blog_6943970c0102zl5d.html	林碧贞.1994-雅典风情【雅歌】【WAV+CUE】
https://blog.sina.com.cn/s/blog_6943970c0102zl5c.html	群星.2020-你的情歌电视原声带【华研】【FLAC分轨】
https://blog.sina.com.cn/s/blog_6943970c0102zl5b.html	粉红派对.1990-亲密·疏远【歌林】【WAV+CUE】
https://blog.sina.com.cn/s/blog_6943970c0102zl58.html	叶振棠.1983-这片叶给你（2014环球复黑王）【EMI百代】【WAV+CUE】
https://blog.sina.com.cn/s/blog_6943970c0102zl57.html	交工乐队.2002-菊花夜行军【大大树音乐】【WAV+CUE】
https://blog.sina.com.cn/s/blog_6943970c0102zl56.html	交工乐队.1999-我等就來唱山歌【大大树音乐】【WAV+CUE】
https://blog.sina.com.cn/s/blog_6943970c0102zl55.html	群星.2008-海角七号电影原声带【丰华】【WAV+CUE】
https://blog.sina.com.cn/s/blog_6943970c0102zl52.html	群星.2009-东邪西毒终极版电影原声带【SONY】【WAV+CUE】
https://blog.sina.com.cn/s/blog_6943970c0102zl51.html	秦咏.2004-超值经典【BMG】【WAV+CUE】
https://blog.sina.com.cn/s/blog_6943970c0102zl4z.html	何嘉文.1998-哇哈哈【歌莱美】【WAV+CUE】
https://blog.sina.com.cn/s/blog_6943970c0102zl4x.html	沙子乐队.2000-星星落在我头上【摩登天空】【WAV+CUE】
https://blog.sina.com.cn/s/blog_6943970c0102zl4w.html	美黛.2002-台湾歌后美黛2CD【乡城】【WAV+CUE】
https://blog.sina.com.cn/s/blog_6943970c0102zl4u.html	张秀卿.1994-历年精丫宝丽金】【WAV+CUE】
https://blog.sina.com.cn/s/blog_6943970c0102zl4t.html	群星.2002-英雄电影原声大碟【SONY】【WAV+CUE】
https://blog.sina.com.cn/s/blog_6943970c0102zl4s.html	神木与瞳.2008-为你而活【环球】【FLAC分轨】
https://blog.sina.com.cn/s/blog_6943970c0102zl4r.html	黄美珍.2021-我不怕（EP）【上行娱乐】【FLAC分轨】
https://blog.sina.com.cn/s/blog_6943970c0102zl4q.html	叶丽仪.1980-上海滩续集·万般情（2014环球复黑王·百代篇）【EMI百…
https://blog.sina.com.cn/s/blog_6943970c0102zl4p.html	铁风筝.2001-这是我们的秘密【摩登天空】【WAV+CUE】
https://blog.sina.com.cn/s/blog_6943970c0102zl4n.html	李娜.2001-李娜1993北京交响演唱会2CD【新时代】【WAV+CUE】
https://blog.sina.com.cn/s/blog_6943970c0102zl4m.html	晨悠CHENYO.2023-去你的平行宇宙【SONY】【FLAC分轨】
https://blog.sina.com.cn/s/blog_6943970c0102zl4l.html	庞龙.2005-你是我的玫瑰花【鸟人文化】【WAV+CUE】
https://blog.sina.com.cn/s/blog_6943970c0102zl4k.html	冯宝宝.2014-荒老的庭园（新世纪复刻版）【丽风】【WAV+CUE】
https://blog.sina.com.cn/s/blog_6943970c0102zl4i.html	软硬天师.2000-白金珍藏版【SONY】【WAV+CUE】
https://blog.sina.com.cn/s/blog_6943970c0102zl4h.html	群星.1996-恋恋情深·缘来情牵女人心3【滚石】【WAV+CUE】
https://blog.sina.com.cn/s/blog_6943970c0102zl4g.html	群星.1995-当爱情遇上秋天·再续情牵女人心2【滚石】【WAV+CUE】
https://blog.sina.com.cn/s/blog_6943970c0102zl4f.html	群星.1995-音乐女情·情牵女人心【滚石】【WAV+CUE】
https://blog.sina.com.cn/s/blog_6943970c0102zl4e.html	群星.2005-七剑电影原声大碟【FILM.WORKSHOP】【WAV+CUE】
https://blog.sina.com.cn/s/blog_6943970c0102zl4d.html	甄妮.1975-爱情长跑（2006复黑版）【海山】【WAV+CUE】
https://blog.sina.com.cn/s/blog_6943970c0102zl4c.html	白举纲.2022-阿尔茨海默的爱（EP）【天娱传媒】【FLAC分轨】
https://blog.sina.com.cn/s/blog_6943970c0102zl4b.html	江宏恩.2011-心愿【乾坤唱片】【WAV+CUE】
https://blog.sina.com.cn/s/blog_6943970c0102zl4a.html	林忆莲.1996-记得忆莲盛放演唱会2CD【滚石】【WAV+CUE】
https://blog.sina.com.cn/s/blog_6943970c0102zl49.html	曲婉婷.2017-LOVE.LOSS.LATITUDE（亚洲版）【环球】【WAV+CUE】
https://blog.sina.com.cn/s/blog_6943970c0102zl48.html	刘文正.2006-刘金岁月5CD【东尼机构】【WAV+CUE】
https://blog.sina.com.cn/s/blog_6943970c0102zl47.html	樊凡.2011-我想大声告诉你【东嘉文化】【WAV+CUE】
https://blog.sina.com.cn/s/blog_6943970c0102zl45.html	群星.1997-滚石院线2辑【滚石】【WAV+CUE】
https://blog.sina.com.cn/s/blog_6943970c0102zl43.html	张磊.2018-时光碎片【灿星】【FLAC分轨】
https://blog.sina.com.cn/s/blog_6943970c0102zl41.html	罗宾.2007-皇牌回顾金曲2CD【南方】【WAV+CUE】
https://blog.sina.com.cn/s/blog_6943970c0102zl3z.html	邱心仪.1993-放学【天王唱片】【WAV+CUE】
https://blog.sina.com.cn/s/blog_6943970c0102zl3y.html	陈盈洁.1993-海海人生【吉马】【WAV+CUE】
https://blog.sina.com.cn/s/blog_6943970c0102zl3v.html	康乔＆谢采妘.1986-恰恰情3辑【快乐唱片】【WAV+CUE】
https://blog.sina.com.cn/s/blog_6943970c0102zl3t.html	群星.1995-三国演义电视连续剧主题·插曲【北电音像】【WAV+CUE】
https://blog.sina.com.cn/s/blog_6943970c0102zl3s.html	姐妹仨.2022-The。Shan.Sisters【FLAC分轨】
https://blog.sina.com.cn/s/blog_6943970c0102zl3r.html	杭天.2002-冷水浇头【京文】【WAV+CUE】
https://blog.sina.com.cn/s/blog_6943970c0102zl3q.html	郑梓浩.1993-This.Time【新艺宝】【WAV+CUE】
https://blog.sina.com.cn/s/blog_6943970c0102zl3p.html	李宗盛.2016-既然青春留不住,还是做个大叔好演唱会巡回影音纪录2CD…
https://blog.sina.com.cn/s/blog_6943970c0102zl3n.html	邓瑞霞.1998-笑看风云【南方】【WAV+CUE】
https://blog.sina.com.cn/s/blog_6943970c0102zl3m.html	张杰.2020-听！我们的歌（重译+自选大碟）【行星文化】【WAV+CUE】
https://blog.sina.com.cn/s/blog_6943970c0102zl3l.html	红孩儿.1992-故事【飞碟】【WAV+CUE】
https://blog.sina.com.cn/s/blog_6943970c0102zl3k.html	群星.1995-滚石金韵民歌百大精选8CD【WAV+CUE】
https://blog.sina.com.cn/s/blog_6943970c0102zl3i.html	麦玮婷.1985-勾勾小指（喜玛拉雅复刻版）【光美】【WAV+CUE】
https://blog.sina.com.cn/s/blog_6943970c0102zl3g.html	裘德.2021-最后的水族馆【FLAC分轨】
https://blog.sina.com.cn/s/blog_6943970c0102zl3e.html	张柏芝.2002-真我【环球】【WAV+CUE】
https://blog.sina.com.cn/s/blog_6943970c0102zl3d.html	康净淳.2000-晒太阳（引进版）【宇宙国际】【WAV+CUE】
https://blog.sina.com.cn/s/blog_6943970c0102zl3b.html	周思洁.2010-玉洁冰心3辑【音乐谷】【WAV+CUE】
https://blog.sina.com.cn/s/blog_6943970c0102zl3a.html	腾格尔.1997-东方旅情2CD（南方金点系列）【南方】【WAV+CUE】
https://blog.sina.com.cn/s/blog_6943970c0102zl37.html	高人杰.1993-我的翅膀【滚石】【WAV+CUE】
https://blog.sina.com.cn/s/blog_6943970c0102zl36.html	高胜美.1995-无情世界多情人·台湾情歌头一辑【上华】【WAV+CUE】
https://blog.sina.com.cn/s/blog_6943970c0102zl35.html	丽莎.2010-粤语小调·经典金曲2CD【皇星全音】【WAV+CUE】
https://blog.sina.com.cn/s/blog_6943970c0102zl34.html	群星.1995-霹雳火电影原声大碟【BMG】【WAV+CUE】
https://blog.sina.com.cn/s/blog_6943970c0102zl33.html	罗宾.2001-罗宾经典回顾6CD【吉马】【WAV+CUE】
https://blog.sina.com.cn/s/blog_6943970c0102zl31.html	群星.2016－词坛圣手卢国沾顶尖歌词集4CD【环星】【WAV+CUE】
https://blog.sina.com.cn/s/blog_6943970c0102zl2z.html	陶喆.2003-Soul.Power香港演唱会CD1【侠客唱片】【WAV+CUE】
https://blog.sina.com.cn/s/blog_6943970c0102zl2y.html	铁玉兰.1998-铁玉兰·回家的路【京文】【WAV+CUE】
https://blog.sina.com.cn/s/blog_6943970c0102zl2x.html	张菲.2004-When.I.Fall.In.Love（EP）【华纳】【WAV+CUE】
https://blog.sina.com.cn/s/blog_6943970c0102zl2v.html	群星.1991-我们的歌在哪里？（梁文福发表词曲作品1984－1986）【海…
https://blog.sina.com.cn/s/blog_6943970c0102zl2u.html	孙淑媚.1997-多情【大旗】【WAV+CUE】
https://blog.sina.com.cn/s/blog_6943970c0102zl2t.html	群星.2005-神话电影原声带2CD【滚石】【WAV+CUE】
https://blog.sina.com.cn/s/blog_6943970c0102zl2s.html	金贵晟.2014-I.Believe【SONY】【FLAC分轨】
https://blog.sina.com.cn/s/blog_6943970c0102zl2r.html	梦剧院.2016-梦中见UHQCD【乐意唱片】【WAV+CUE】
https://blog.sina.com.cn/s/blog_6943970c0102zl2q.html	以莉·高露.2021-寻找你【风潮】【WAV+CUE】
https://blog.sina.com.cn/s/blog_6943970c0102zl2p.html	陈志朋.1994-记住你的香【飞碟】【WAV+CUE】
https://blog.sina.com.cn/s/blog_6943970c0102zl2o.html	苏有朋.2002-最爱1992-2002【擎天娱乐】【WAV+CUE】
https://blog.sina.com.cn/s/blog_6943970c0102zl2m.html	陈小春陈慧琳.2006-拉阔演奏厅【正东】【WAV+CUE】
https://blog.sina.com.cn/s/blog_6943970c0102zl2l.html	苏醒.2014-三十未满【SONY】【WAV+CUE】
https://blog.sina.com.cn/s/blog_6943970c0102zl2k.html	黄雅莉.2010-前任女友【福茂】【WAV+CUE】
https://blog.sina.com.cn/s/blog_6943970c0102zl2j.html	群星.1985-CBS新力超级群星镭射精选2辑【SONY】【WAV+CUE】
https://blog.sina.com.cn/s/blog_6943970c0102zl2i.html	群星.1993-新不了情电影原声带（2014滚石K2HD限量版）【滚石】【WA…
https://blog.sina.com.cn/s/blog_6943970c0102zl2g.html	杨庆煌.1990-别说爱情（TP版）【天下唱片】【WAV+CUE】
https://blog.sina.com.cn/s/blog_6943970c0102zl2e.html	太极蓝战士.1999-超级乐队经典精丫华纳】【WAV+CUE】
https://blog.sina.com.cn/s/blog_6943970c0102zl2d.html	沈雁.1998-精选黄金CD（流行歌林招牌歌系列）【歌林】【WAV+CUE】
https://blog.sina.com.cn/s/blog_6943970c0102zl2c.html	野孩子乐队.2006-黄河谣【河音乐】【WAV+CUE】
https://blog.sina.com.cn/s/blog_6943970c0102zl2a.html	赵传.2010-最初(EP)【爱贝克斯】【WAV+CUE】
https://blog.sina.com.cn/s/blog_6943970c0102zl29.html	龙飘飘.2015-龙飘飘之歌精选辑6CD【丰荣】【WAV+CUE】
https://blog.sina.com.cn/s/blog_6943970c0102zl27.html	群星.2007-祖国慈祥的母亲（陆在易声乐作品精选）【上海音像】【WA…
https://blog.sina.com.cn/s/blog_6943970c0102zl26.html	许冠杰.1985-斤两十足3寸CD（2016环球复刻版）【新艺宝】【WAV+CUE…
https://blog.sina.com.cn/s/blog_6943970c0102zl25.html	郭兰英.1992-我的祖国·南泥湾【百利】【WAV+CUE】
https://blog.sina.com.cn/s/blog_6943970c0102zl24.html	群星.2009-建国大业电影原声大碟【星文】【WAV+CUE】
https://blog.sina.com.cn/s/blog_6943970c0102zl22.html	罗时丰.1991-让我走吧！爱人【瑞华】【WAV+CUE】
https://blog.sina.com.cn/s/blog_6943970c0102zl21.html	刘凤屏.1981-田园丰收好风光（LP版）【大华】【WAV+CUE】
https://blog.sina.com.cn/s/blog_6943970c0102zl1z.html	群星.2011-红歌定典20CD【中唱】【WAV+CUE】
https://blog.sina.com.cn/s/blog_6943970c0102zl1y.html	殷秀梅.2014-祖国不会忘记【太平洋影音】【WAV+CUE】
https://blog.sina.com.cn/s/blog_6943970c0102zl1v.html	群星.1993-太极张三丰电影原声带【滚石】【WAV+CUE】
https://blog.sina.com.cn/s/blog_6943970c0102zl1r.html	群星.1993-福建畅销金曲3CD【大联机构】【WAV+CUE】
https://blog.sina.com.cn/s/blog_6943970c0102zl1p.html	王力宏.2006-盖世英雄LIVE.CONCERT演唱会2CD【SONY】【WAV+CUE】
https://blog.sina.com.cn/s/blog_6943970c0102zl1o.html	逃跑计划.2021-回到海洋【东亚星光】【FLAC分轨】
https://blog.sina.com.cn/s/blog_6943970c0102zl1n.html	群星.2004-音乐无极限·华纳十周年演唱会盛典特丫华纳】【WAV+CUE】…
https://blog.sina.com.cn/s/blog_6943970c0102zl1m.html	佛跳境.2019-BJ4【地球国际】【FLAC分轨】
https://blog.sina.com.cn/s/blog_6943970c0102zl1l.html	群星.2010-艋舺电影原声大碟2CD【美妙音乐】【WAV+CUE】
https://blog.sina.com.cn/s/blog_6943970c0102zl1k.html	潘秀琼.1967-爱情像气球（2014新世纪复黑版）【SEPIA】【WAV+CUE】
https://blog.sina.com.cn/s/blog_6943970c0102zl1j.html	丁世光.2019-实况电影【太合麦田】【FLAC分轨】
https://blog.sina.com.cn/s/blog_6943970c0102zl1i.html	少女队.1992-偏爱你的心【飞碟】【WAV+CUE】
https://blog.sina.com.cn/s/blog_6943970c0102zl1g.html	林子祥.1997-00-EMI极品音色系列-LAM2辑【EMI百代】【WAV+CUE】
https://blog.sina.com.cn/s/blog_6943970c0102zl1f.html	陈思安.2002-餐厅小唱8CD【欣代唱片】【WAV+CUE】
https://blog.sina.com.cn/s/blog_6943970c0102zl1e.html	庄学忠.1994-月到中秋分外明【辉人音乐】【WAV+CUE】
https://blog.sina.com.cn/s/blog_6943970c0102zl1d.html	陈奕迅.2013-国语精选HQ【英皇娱乐】【WAV+CUE】
https://blog.sina.com.cn/s/blog_6943970c0102zl1c.html	陈奕迅.2013-广东精选HQ【英皇娱乐】【WAV+CUE】
https://blog.sina.com.cn/s/blog_6943970c0102zl1b.html	伍嘉成.2020-无名岛（EP）【哇唧唧哇】【FLAC分轨】
https://blog.sina.com.cn/s/blog_6943970c0102zl1a.html	群星.1998-西游记2主题曲原声大碟【宝丽金】【WAV+CUE】
https://blog.sina.com.cn/s/blog_6943970c0102zl17.html	张凤凤.2003-风华再现【华纳】【WAV+CUE】
https://blog.sina.com.cn/s/blog_6943970c0102zl15.html	张学友.1995-真爱新曲+真正精选（宝丽金88极品音色系列）【宝丽金…
https://blog.sina.com.cn/s/blog_6943970c0102zl14.html	江海迦.2020-SO.CALLED.LOVE.SONGS.2ND.EDITION.2CD【环球】【FLAC…
https://blog.sina.com.cn/s/blog_6943970c0102zl13.html	伍佰.1997-夏夜晚风演唱会精选实录【魔岩】【WAV+CUE】
https://blog.sina.com.cn/s/blog_6943970c0102zl12.html	群星.1992-蓝与白关怀系列【蓝与白】【WAV+CUE】
https://blog.sina.com.cn/s/blog_6943970c0102zl11.html	陈慧琳.2000-COLLECTION.1995-2000.2CD【正东】【WAV+CUE】
https://blog.sina.com.cn/s/blog_6943970c0102zl0y.html	蔡小虎.1991-往事甭提起【龙吟唱片】【WAV+CUE】
https://blog.sina.com.cn/s/blog_6943970c0102zl0x.html	群星.2007-好歌献给你·郑国江作品集3CD【环球】【WAV+CUE】
https://blog.sina.com.cn/s/blog_6943970c0102zl0w.html	关诗敏.2020-MASTERPIECE【亚神音乐】【FLAC+CUE】
https://blog.sina.com.cn/s/blog_6943970c0102zl0v.html	柯以敏.2013-校车电影歌曲【韵艺辉煌】【WAV+CUE】
https://blog.sina.com.cn/s/blog_6943970c0102zl0u.html	蔡国权.2017-Super.Voice.Super.Hits.UPM.24K金碟【环球】【WAV+CU…
https://blog.sina.com.cn/s/blog_6943970c0102zl0t.html	钟立风.2021-女演员【飒音乐】【WAV+CUE】
https://blog.sina.com.cn/s/blog_6943970c0102zl0s.html	余天.1997-久违的哥们【翔顺唱片】【WAV+CUE】
https://blog.sina.com.cn/s/blog_6943970c0102zl0r.html	邓丽君.2023-THE.POETESS.邓丽君70周年特集.4CD【环球】【WAV+CUE…
https://blog.sina.com.cn/s/blog_6943970c0102zl0q.html	群星.2002-国语巨星专辑VOL.8【乡城】【WAV+CUE】
https://blog.sina.com.cn/s/blog_6943970c0102zl0p.html	群星.1998-最佳广播剧主题曲【宝丽金】【WAV+CUE】
https://blog.sina.com.cn/s/blog_6943970c0102zl0n.html	杨培安.2014-沉睡的野兽【华纳】【FLAC分轨】
https://blog.sina.com.cn/s/blog_6943970c0102zl0m.html	郁钧剑.1991-等你千百个秋【文志】【WAV+CUE】
https://blog.sina.com.cn/s/blog_6943970c0102zl0l.html	群星.2002-涩女郎电视剧原声带【滚石】【WAV+CUE】
https://blog.sina.com.cn/s/blog_6943970c0102zl0j.html	李卓庭.2010-Beautiful.Loser（EP）【STAR.WORKS】【WAV+CUE】
https://blog.sina.com.cn/s/blog_6943970c0102zl0i.html	王芷蕾.1983-周末的晚上（LP版）【飞羚唱片】【WAV+CUE】
https://blog.sina.com.cn/s/blog_6943970c0102zl0g.html	费玉清.2000-费玉清国语精选辑3CD1【龙吟唱片】【WAV+CUE】
https://blog.sina.com.cn/s/blog_6943970c0102zl0e.html	周启生.2006-华纳NO.1系列2CD【华纳】【WAV+CUE】
https://blog.sina.com.cn/s/blog_6943970c0102zl0d.html	黄妃.2013-女人【华特】【WAV+CUE】
https://blog.sina.com.cn/s/blog_6943970c0102zl09.html	李玉玺.2022-厌倦【福茂】【FLAC分轨】
https://blog.sina.com.cn/s/blog_6943970c0102zl08.html	胡琳.2020-SHINING.MOMENT.LIVE【LMC】【WAV+CUE】
https://blog.sina.com.cn/s/blog_6943970c0102zl07.html	黄金佑.2015-我不该爱你（复刻版）【丰荣】【WAV+CUE】
https://blog.sina.com.cn/s/blog_6943970c0102zl05.html	关淑怡.1995-难得有一个关淑怡演唱会2CD【宝丽金】【WAV+CUE】
https://blog.sina.com.cn/s/blog_6943970c0102zl04.html	Ice.Paper.2021-金陵九歌【纳吉音】【WAV+CUE】
https://blog.sina.com.cn/s/blog_6943970c0102zl03.html	TWINS.2005-SAMBA【英皇娱乐】【WAV+CUE】
https://blog.sina.com.cn/s/blog_6943970c0102zl02.html	群星.2000-环球+正选2CD【环球】【WAV+CUE】
https://blog.sina.com.cn/s/blog_6943970c0102zl01.html	群星.2001-望乡连续剧主题曲【大信】【WAV+CUE】
https://blog.sina.com.cn/s/blog_6943970c0102zl00.html	庄振凯.2017-床头梦【豪记】【WAV+CUE】
https://blog.sina.com.cn/s/blog_6943970c0102zkzz.html	萧秉治.2022-狂人【相信音乐】【FLAC分轨】
https://blog.sina.com.cn/s/blog_6943970c0102zkzy.html	棉花糖.2009-棉花糖【亚神音乐】【FLAC分轨】
https://blog.sina.com.cn/s/blog_6943970c0102zkzx.html	心跳男孩.2000-一起来【喜洋洋】【WAV+CUE】
https://blog.sina.com.cn/s/blog_6943970c0102zkzw.html	尹相杰于文华.1995-偷一颗月亮照亮天【佰乐唱片】【WAV+CUE】
https://blog.sina.com.cn/s/blog_6943970c0102zkzv.html	张国荣.2003－绝色哥歌2CD【滚石】【WAV+CUE】.
https://blog.sina.com.cn/s/blog_6943970c0102zkzu.html	群星.1990-第十一屆亚运歌曲【天下】【WAV+CUE】
https://blog.sina.com.cn/s/blog_6943970c0102zkzs.html	群星.1998-海上花电影原声带【滚石】【WAV+CUE】
https://blog.sina.com.cn/s/blog_6943970c0102zkzr.html	北戈.2021-野鸽【星外星】【WAV+CUE】.
https://blog.sina.com.cn/s/blog_6943970c0102zkzq.html	梁文音.2011-情人X知己【环球】【WAV+CUE】
https://blog.sina.com.cn/s/blog_6943970c0102zkzp.html	马天宇.2016-手花（EP）【太合音乐】【FLAC分轨】
https://blog.sina.com.cn/s/blog_6943970c0102zkzo.html	张靓颖.2018-领衔主演2【少城时代】【WAV+CUE】
https://blog.sina.com.cn/s/blog_6943970c0102zkzn.html	张靓颖.2016-领衔主演【少城时代】【WAV+CUE】
https://blog.sina.com.cn/s/blog_6943970c0102zkzl.html	李浩玮.2023-Fly.Machine【滚石】【FLAC分轨】
https://blog.sina.com.cn/s/blog_6943970c0102zkzk.html	张咪.1990-公关小姐电视剧原声带（TP版）【新时代】【WAV+CUE】
https://blog.sina.com.cn/s/blog_6943970c0102zkzj.html	群星.2008-佛曲传心灯系列人间音缘【南方】【WAV+CUE】
https://blog.sina.com.cn/s/blog_6943970c0102zkzi.html	蓝奕邦.2008-快乐王子创作精选2CD【SONY】【FLAC分轨】
https://blog.sina.com.cn/s/blog_6943970c0102zkzh.html	群星.2000-初恋嗱喳面原声大碟【正东】【WAV+CUE】
https://blog.sina.com.cn/s/blog_6943970c0102zkzg.html	麦浚龙.2008-WHY【SILLYTHING】【WAV+CUE】
https://blog.sina.com.cn/s/blog_6943970c0102zkze.html	玖壹壹.2020-LOCAL【混血儿娱乐】【FLAC分轨】
https://blog.sina.com.cn/s/blog_6943970c0102zkzb.html	娃娃.1986-成名曲【新格】【WAV+CUE】
https://blog.sina.com.cn/s/blog_6943970c0102zkza.html	谭咏麟.2005-歌者恋歌·浓情30年演唱会3CD【环球】【WAV+CUE】
https://blog.sina.com.cn/s/blog_6943970c0102zkz8.html	群星.1999-流星语电影原声带【环球】【WAV+CUE】
https://blog.sina.com.cn/s/blog_6943970c0102zkz7.html	戴荃.2020-散（EP）【海蝶】【FLAC分轨】
https://blog.sina.com.cn/s/blog_6943970c0102zkz6.html	陈奕迅.2003-THIRD.ENCOUNTER.LIVE.3CD【英皇娱乐】【WAV+CUE】
https://blog.sina.com.cn/s/blog_6943970c0102zkz5.html	陈诗慧.2015-Ill.Be.There【星娱乐】【WAV+CUE】
https://blog.sina.com.cn/s/blog_6943970c0102zkz4.html	不可撤销乐队.2014-她·千鸟【口袋唱片】【WAV+CUE】
https://blog.sina.com.cn/s/blog_6943970c0102zkz3.html	黄家强.2007-她他（国）【环球】【WAV+CUE】
https://blog.sina.com.cn/s/blog_6943970c0102zkz2.html	群星.1989-跟着感觉走港台歌星成名金曲（TP版）【白天鹅】【WAV+CU…
https://blog.sina.com.cn/s/blog_6943970c0102zkz1.html	窦靖童.2016-My.Days（EP）【环球】【WAV+CUE】
https://blog.sina.com.cn/s/blog_6943970c0102zkz0.html	王菲.2005-情菲得意3CD【新艺宝】【WAV+CUE】
https://blog.sina.com.cn/s/blog_6943970c0102zkyw.html	张蔷.2017-北京女孩【麦爱文化】【WAV+CUE】
https://blog.sina.com.cn/s/blog_6943970c0102zkyv.html	陈慧琳.2003-飞天舞会演唱会2CD【正东】【WAV+CUE】
https://blog.sina.com.cn/s/blog_6943970c0102zkyu.html	关淑怡.2021-星尘物语（日本唱片志限量套装4CD）【环球】【WAV+CUE…
https://blog.sina.com.cn/s/blog_6943970c0102zkyt.html	阿牛.2006-桃花朵朵开【滚石】【WAV+CUE】
https://blog.sina.com.cn/s/blog_6943970c0102zkys.html	布衣乐队.2007-那么久（首专）【口袋音乐】【WAV+CUE】
https://blog.sina.com.cn/s/blog_6943970c0102zkyr.html	梁珈瑜.2018-旧梦-如歌2【新世纪】【WAV+CUE】
https://blog.sina.com.cn/s/blog_6943970c0102zkyp.html	八三夭.2021-颠倒的世界【不摇就滚】【WAV+CUE】
https://blog.sina.com.cn/s/blog_6943970c0102zkyo.html	群星.2002-国语巨星专辑VOL.7【乡城】【WAV+CUE】
https://blog.sina.com.cn/s/blog_6943970c0102zkyn.html	蔡小虎.1993-春夏秋冬【歌林】【WAV+CUE】
https://blog.sina.com.cn/s/blog_6943970c0102zkym.html	周慧敏.2006-BACK.FOR.YOU.3CD【环球】【WAV+CUE】
https://blog.sina.com.cn/s/blog_6943970c0102zkyk.html	甄妮.1981-你心我心·迷路的女孩（LP版）【金音符】【WAV+CUE】
https://blog.sina.com.cn/s/blog_6943970c0102zkyj.html	莫华伦.2017-莫先生MRMOK【正大国际】【WAV+CUE】
https://blog.sina.com.cn/s/blog_6943970c0102zkyi.html	莫华伦.1996-爱人正熟睡（英）【巨石】【WAV+CUE】
https://blog.sina.com.cn/s/blog_6943970c0102zkyh.html	群星.2005-遇见100%幸福·偶像剧情歌最精选3辑【滚石】【WAV+CUE】
https://blog.sina.com.cn/s/blog_6943970c0102zkyg.html	王识贤.1995-啊!伤心的话【滚石】【WAV+CUE】
https://blog.sina.com.cn/s/blog_6943970c0102zkyf.html	曾柏钧.2020-1st创作专辑（EP）【寰亚】【FLAC分轨】
https://blog.sina.com.cn/s/blog_6943970c0102zkye.html	郭嘉欣.1995-我的世界还在变【飞碟】【FLAC分轨】
https://blog.sina.com.cn/s/blog_6943970c0102zkyd.html	中国娃娃.2001-我愛太空人（引进版）【艾回】【WAV+CUE】
https://blog.sina.com.cn/s/blog_6943970c0102zkyc.html	方大同.2020-宅这HOMESWEET（EP）【赋音乐】【FLAC分轨】
https://blog.sina.com.cn/s/blog_6943970c0102zkyb.html	孙燕姿.2002-START.YANZI世界巡回演唱会2CD【华纳】【WAV+CUE】
https://blog.sina.com.cn/s/blog_6943970c0102zky7.html	群星.2010-初恋红豆冰电影原声带【滚石】【WAV+CUE】
https://blog.sina.com.cn/s/blog_6943970c0102zky6.html	李宣榕.2017-李宣榕（EP）【种子音乐】【FLAC分轨】
https://blog.sina.com.cn/s/blog_6943970c0102zky4.html	蔡佩轩.2020-ARIEL【SONY】【FLAC分轨】
https://blog.sina.com.cn/s/blog_6943970c0102zky2.html	阿吉仔.2011-同心行同路【喜玛位雅】【WAV+CUE】
https://blog.sina.com.cn/s/blog_6943970c0102zky1.html	邓丽君.2010-但愿人长久·15周年纪念集3CD【环球】【CUE+WAV】
https://blog.sina.com.cn/s/blog_6943970c0102zky0.html	陈洁丽.2008－香港演唱会2007（2016新世纪MQA限量版）【新世纪】【…
https://blog.sina.com.cn/s/blog_6943970c0102zkxz.html	王焱.1993-红腰带【中唱】【FLAC分轨】
https://blog.sina.com.cn/s/blog_6943970c0102zkxy.html	群星.2020-唱与被唱：张国荣在环球的歌【环球】【FLAC分轨】
https://blog.sina.com.cn/s/blog_6943970c0102zkxw.html	糖兄妹.2020-Sugar.Box（EP）【维高文化】【FLAC分轨】
https://blog.sina.com.cn/s/blog_6943970c0102zkxv.html	群星.1999-去年烟花特别多电影原声大碟【艺能动音】【WAV+CUE】
https://blog.sina.com.cn/s/blog_6943970c0102zkxu.html	黃凱芹.2023-细听黄凱芹35周年演唱会2022【EverLasting】【WAV+CUE…
https://blog.sina.com.cn/s/blog_6943970c0102zkxt.html	马条.2012-高手马条1999年的声音【星外星】【FLAC分轨】
https://blog.sina.com.cn/s/blog_6943970c0102zkxs.html	ABo.2014-Flashback【MusicNext】【FLAC分轨】
https://blog.sina.com.cn/s/blog_6943970c0102zkxr.html	BEYOND.1987-FOREVER.2EP【KINNS】【WAV+CUE】
https://blog.sina.com.cn/s/blog_6943970c0102zkxq.html	雷安娜.1992-追忆旧梦【宝丽金】【WAV+CUE】
https://blog.sina.com.cn/s/blog_6943970c0102zkxo.html	群星.2002-恋爱行星电影原声大碟【英皇娱乐】【WAV+CUE】
https://blog.sina.com.cn/s/blog_6943970c0102zkxm.html	李靜美.1997-情锁【上扬】【WAV+CUE】
https://blog.sina.com.cn/s/blog_6943970c0102zkxl.html	火星电台.2020-火星电台II【鹿音苑】【WAV+CUE】
https://blog.sina.com.cn/s/blog_6943970c0102zkxk.html	火星电台.2016-火星电台【好有感觉音乐】【FLAC分轨】
https://blog.sina.com.cn/s/blog_6943970c0102zkxj.html	张敬轩.2015-FELIX（EP）【英皇娱乐】【WAV+CUE】
https://blog.sina.com.cn/s/blog_6943970c0102zkxi.html	陈慧琳.2000-花花宇宙演唱会2CD【正东】【WAV+CUE】
https://blog.sina.com.cn/s/blog_6943970c0102zkxh.html	邱锋泽.2014-Ten.Storeys【华纳】【FLAC分轨】
https://blog.sina.com.cn/s/blog_6943970c0102zkxg.html	周慧敏.1992-真情精选（2016新世纪78K冷冻限量版）【艺视】【WAV+C…
https://blog.sina.com.cn/s/blog_6943970c0102zkxf.html	谭咏麟.2019-音乐夏令营【环球】【WAV+CUE】
https://blog.sina.com.cn/s/blog_6943970c0102zkxd.html	翁立友.2005-妈妈的背影【豪记】【WAV+CUE】
https://blog.sina.com.cn/s/blog_6943970c0102zkxc.html	吴克群.2022-银河里拥抱【何乐音乐】【FLAC分轨】
https://blog.sina.com.cn/s/blog_6943970c0102zkxb.html	张立昂.2019-Oxymoron矛盾体（EP）【SONY】【FLAC分轨】
https://blog.sina.com.cn/s/blog_6943970c0102zkxa.html	黄敏华.1988-挑战【EMI百代】【WAV+CUE】
https://blog.sina.com.cn/s/blog_6943970c0102zkx9.html	丢火车乐队.2014-游歌（EP）【丘比音乐】【WAV+CUE】
https://blog.sina.com.cn/s/blog_6943970c0102zkx8.html	李雨壕.2019-壕大大电台（EP）【FLAC分轨】
https://blog.sina.com.cn/s/blog_6943970c0102zkx5.html	陈德彰.2023-倾心延续经典现代篇【新世纪】【FLAC分轨】
https://blog.sina.com.cn/s/blog_6943970c0102zkx4.html	卓依婷.1996-蜕变5CD【金碟豹】【WAV+CUE】
https://blog.sina.com.cn/s/blog_6943970c0102zkx3.html	叶启田.1992-唱的好歌全员集合XRCD2【吉马】【WAV+CUE】
https://blog.sina.com.cn/s/blog_6943970c0102zkx2.html	满江.2020-三个空杯子（EP）【易柏文化】【FLAC分轨】
https://blog.sina.com.cn/s/blog_6943970c0102zkx0.html	林子祥.1989-88~89演唱会精选2CD【华纳】【WAV+CUE】
https://blog.sina.com.cn/s/blog_6943970c0102zkwz.html	阿细.2021-16小时录影带（EP）【一蜂音乐】【FLAC分轨】
https://blog.sina.com.cn/s/blog_6943970c0102zkwy.html	钟镇涛.1987-听涛【宝丽金】【WAV+CUE】
https://blog.sina.com.cn/s/blog_6943970c0102zkwx.html	李翊君.1998-还珠格格（EP）【上华】【WAV+CUE】
https://blog.sina.com.cn/s/blog_6943970c0102zkww.html	黄妃.2012-飞啊飞【华特】【WAV+CUE】
https://blog.sina.com.cn/s/blog_6943970c0102zkwt.html	杨千嬅.1999-冬天的故事【华星】【WAV+CUE】
https://blog.sina.com.cn/s/blog_6943970c0102zkws.html	侧田.2023-第一秒音乐会2022【环球】【FLAC分轨】
https://blog.sina.com.cn/s/blog_6943970c0102zkwr.html	群星.1999-去年烟花特别多电影原声大碟【艺能动音】【WAV+CUE】
https://blog.sina.com.cn/s/blog_6943970c0102zkwq.html	赖美云.2021-出发，地平线＞齐鼓文化】【FLAC分轨】
https://blog.sina.com.cn/s/blog_6943970c0102zkwp.html	群星.1998-台语畅销精选2辑【名悦唱片】【WAV+CUE】
https://blog.sina.com.cn/s/blog_6943970c0102zkwo.html	巫启贤.1994-太傻精丫EMI百代】【WAV+CUE】
https://blog.sina.com.cn/s/blog_6943970c0102zkwn.html	蔡卓妍.2012-MONTAGE【英皇娱乐】【WAV+CUE】
https://blog.sina.com.cn/s/blog_6943970c0102zkwm.html	群星.2002-国语巨星专辑VOL.6【乡城】【WAV+CUE】
https://blog.sina.com.cn/s/blog_6943970c0102zkwl.html	八仙饭店.2021-极乐大厦揭幕【FLAC分轨】
https://blog.sina.com.cn/s/blog_6943970c0102zkwk.html	江蕙.2011-10年典藏精绚2000-2010.BEST.COLLECTION【好乐迪】【WAV…
https://blog.sina.com.cn/s/blog_6943970c0102zkwj.html	陈晓东.1998-拉阔音乐会MUSIC.IS.LIVE【宝丽金】【WAV+CUE】
https://blog.sina.com.cn/s/blog_6943970c0102zkwh.html	E-Kids.2002-Diary（EP）【EMI】【FLAC分轨】
https://blog.sina.com.cn/s/blog_6943970c0102zkwg.html	群星.2007-不能说的秘密电影原声【杰威尔】【WAV+CUE】
https://blog.sina.com.cn/s/blog_6943970c0102zkwe.html	李斯丹妮.2021-ALICE（EP）【天娱传媒】【FLAC分轨】
https://blog.sina.com.cn/s/blog_6943970c0102zkwd.html	钟欣潼.2018-听说的幸福（EP）【英皇娱乐】【WAV+CUE】
https://blog.sina.com.cn/s/blog_6943970c0102zkwa.html	吴国敬.1999-吴国敬.AND.FRIENDS演唱会2CD【正东】【WAV+CUE】
https://blog.sina.com.cn/s/blog_6943970c0102zkw9.html	张佑方.2017-佑是我【看见音乐】【WAV分轨】
https://blog.sina.com.cn/s/blog_6943970c0102zkw8.html	江映蓉.2015-我，不是我（EP）【天娱传媒】【FLAC分轨】
https://blog.sina.com.cn/s/blog_6943970c0102zkw7.html	群星.1999-玻璃樽电影原声大碟【新艺宝】【WAV+CUE】
https://blog.sina.com.cn/s/blog_6943970c0102zkw5.html	王识贤.1991-全部的爱【腾祥唱片】【WAV+CUE】
https://blog.sina.com.cn/s/blog_6943970c0102zkw3.html	腰乐队.2005-我们究竟应该面对谁去歌唱【摩登天空】【WAV+CUE】
https://blog.sina.com.cn/s/blog_6943970c0102zkw2.html	雷安娜.1989-情永远（LP版）【永高】【WAV+CUE】
https://blog.sina.com.cn/s/blog_6943970c0102zkw1.html	群星.1987-综一唱片金曲珍藏版5CD【综一】【WAV+CUE】
https://blog.sina.com.cn/s/blog_6943970c0102zkw0.html	曹轩宾.2012-你的三次方（EP）【海蝶音乐】【WAV分轨】
https://blog.sina.com.cn/s/blog_6943970c0102zkvz.html	李度.1995-好想好好爱一个人恨一个人【滚石】【WAV+CUE】
https://blog.sina.com.cn/s/blog_6943970c0102zkvy.html	群星.2022-阿妈有咗第二个电影原声大碟【英皇娱乐】【WAV分轨】
https://blog.sina.com.cn/s/blog_6943970c0102zkvw.html	杨洋.2012-宇宙只有我和你（EP）【天娱传媒】【WAV+CUE】
https://blog.sina.com.cn/s/blog_6943970c0102zkvu.html	蓝又时.2016-听说蓝又时【泡耳音乐】【FLAC分轨】
https://blog.sina.com.cn/s/blog_6943970c0102zkvt.html	梅艳芳.2016-白い花嫁（日版3寸CD）【EMI百代】【WAV+CUE】
https://blog.sina.com.cn/s/blog_6943970c0102zkvs.html	康士坦的变化球.2020-更迭【声音的卡夫卡】【FLAC分轨】
https://blog.sina.com.cn/s/blog_6943970c0102zkvp.html	乌仁娜.1995-听风的歌【上扬】【WAV+CUE】
https://blog.sina.com.cn/s/blog_6943970c0102zkvo.html	田蕊妮.2014-YOU.ARE.MY.MAN【FLAC分轨】
https://blog.sina.com.cn/s/blog_6943970c0102zkvn.html	陈零九.2023-SING.TO.L9VE【滚石】【FLAC分轨】
https://blog.sina.com.cn/s/blog_6943970c0102zkvm.html	草蜢.2009-最热传奇25周年新歌+精选2CD【环球】【WAV+CUE】
https://blog.sina.com.cn/s/blog_6943970c0102zkvi.html	韩宝仪林淑娟.2002-情歌对唱精品集【风格】【WAV+CUE】
https://blog.sina.com.cn/s/blog_6943970c0102zkvh.html	陈百强.2003-完全陈百强5CD【华纳】【WAV+CUE】
https://blog.sina.com.cn/s/blog_6943970c0102zkvf.html	甘苹.1994-甘苹【太平洋影音】【WAV+CUE】
https://blog.sina.com.cn/s/blog_6943970c0102zkve.html	九连真人.2020-阿民【渡乐文化】【FLAC+CUE】
https://blog.sina.com.cn/s/blog_6943970c0102zkvd.html	许冠杰.1984-最喜欢你（2023新世纪MQA限量版）【康艺成音】【WAV+C…
https://blog.sina.com.cn/s/blog_6943970c0102zkvc.html	群星.1997-春光乍泄电影原声大碟（纪念版）【BLOCK2MUSIC】【WAV+C…
https://blog.sina.com.cn/s/blog_6943970c0102zkvb.html	杨永聪.2018-LostFound【亚神音乐】【FLAC分轨】
https://blog.sina.com.cn/s/blog_6943970c0102zkva.html	紫薇.1998-百分百经典·极品音色精丫月升唱片】【WAV+CUE】
https://blog.sina.com.cn/s/blog_6943970c0102zkv9.html	腰乐队.2008-他们说忘了摇滚有问题【元音唱片】【WAV+CUE】
https://blog.sina.com.cn/s/blog_6943970c0102zkv8.html	歌莉雅.2023-My.Precious.Journey.Live【环星】【WAV+CUE】
https://blog.sina.com.cn/s/blog_6943970c0102zkv7.html	黄莺莺.1998-红粉知己·精致之选2CD【华纳】【WAV+CUE】
https://blog.sina.com.cn/s/blog_6943970c0102zkv6.html	郑进一.1985-世间【金瓜石】【WAV+CUE】
https://blog.sina.com.cn/s/blog_6943970c0102zkv5.html	钟镇涛.1993-金曲精选2CD【宝丽金】【WAV+CUE】
https://blog.sina.com.cn/s/blog_6943970c0102zkv4.html	群星.2013-环球百代·巨声传奇101(6CD)【环球】【WAV+CUE】
https://blog.sina.com.cn/s/blog_6943970c0102zkv3.html	群星.1998-不夜城电影原声大碟【ROOMS】【WAV+CUE】
https://blog.sina.com.cn/s/blog_6943970c0102zkv2.html	蔡琴.2009-海山经典名盘LPCD45【海山】【WAV+CUE】
https://blog.sina.com.cn/s/blog_6943970c0102zkv0.html	邓瑞霞.1997-金唱片2辑【好时代】【WAV+CUE】
https://blog.sina.com.cn/s/blog_6943970c0102zkuz.html	麦子杰.1994-相爱【广东音像】【FLAC分轨】
https://blog.sina.com.cn/s/blog_6943970c0102zkuy.html	八三夭.2019-一事无成的伟大2CD【滚石】【FLAC分轨】
https://blog.sina.com.cn/s/blog_6943970c0102zkux.html	张小英.1976-三个梦（2009复刻版）【南方】【WAV+CUE】
https://blog.sina.com.cn/s/blog_6943970c0102zkuw.html	BEYOND.1996-新艺宝优质音响系列·无悔这一生【新艺宝】【WAV+CUE】…
https://blog.sina.com.cn/s/blog_6943970c0102zkuv.html	张国荣.2023-Remembrance.Leslie【环球】【WAV+CUE】
https://blog.sina.com.cn/s/blog_6943970c0102zkut.html	麦浚龙.2008-WHY【SILLYTHING】【WAV+CUE】
https://blog.sina.com.cn/s/blog_6943970c0102zkus.html	群星.2002-国语巨星专辑VOL.5（6CD）【乡城】【WAV+CUE】
https://blog.sina.com.cn/s/blog_6943970c0102zkup.html	陆毅.2003-非同寻常（陆毅的音乐告白）【新索】【WAV+CUE】
https://blog.sina.com.cn/s/blog_6943970c0102zkuo.html	林志颖.1997-我仍然是我【丰华】【WAV+CUE】
https://blog.sina.com.cn/s/blog_6943970c0102zkun.html	胡兵.2006-全新胡兵【环球】【FLAC分轨】
https://blog.sina.com.cn/s/blog_6943970c0102zkul.html	面孔乐队.2020-面孔【在水星】【WAV+CUE】
https://blog.sina.com.cn/s/blog_6943970c0102zkuk.html	夏韶声.2023－谙（新世纪MQA限量版）【新世纪】【WAV+CUE】
https://blog.sina.com.cn/s/blog_6943970c0102zkuj.html	关菊英.1989-宝丽金88极品音色【宝丽金】【WAV+CUE】
https://blog.sina.com.cn/s/blog_6943970c0102zkuh.html	蔡琴.2016-经典老歌2（2023新世纪MQA限量版）【瑞星】【WAV+CUE】
https://blog.sina.com.cn/s/blog_6943970c0102zkug.html	蔡琴.2012-经典老歌（2023新世纪MQA限量版）【瑞星】【WAV+CUE】
https://blog.sina.com.cn/s/blog_6943970c0102zkuf.html	陈乐基.2023-彼此（EP）【看见音乐】【FLAC分轨】
https://blog.sina.com.cn/s/blog_6943970c0102zkud.html	陈晓东.2014-CIRCLE【种子音乐】【WAV+CUE】
https://blog.sina.com.cn/s/blog_6943970c0102zkuc.html	群星.1974-热浪·梦醒情未了·爱的小屋·云飞何处电影原声带（2015梦…
https://blog.sina.com.cn/s/blog_6943970c0102zkua.html	林亭翰.2023-第二道光【福茂】【FLAC分轨】
https://blog.sina.com.cn/s/blog_6943970c0102zku9.html	林淑娟.1996-旧韵恋曲系列5辑【华丽】【WAV+CUE】
https://blog.sina.com.cn/s/blog_6943970c0102zku8.html	王磊.2007-活生声回忆录【口袋唱片】【FLAC分轨】
https://blog.sina.com.cn/s/blog_6943970c0102zku6.html	梅艳芳.2008-Faithfully.3CD【华星】【WAV+CUE】
https://blog.sina.com.cn/s/blog_6943970c0102zku4.html	李谷一.2023-乡恋（2023鎏金系列MQA金碟版）【太平洋影音】【WAV+C…
https://blog.sina.com.cn/s/blog_6943970c0102zku3.html	群星.2020-唱一首谭咏麟【新世纪】【WAV+CUE】
https://blog.sina.com.cn/s/blog_6943970c0102zku2.html	林一峰.2003-TRAVELOGUE1游乐【华纳】【WAV+CUE】
https://blog.sina.com.cn/s/blog_6943970c0102zku1.html	罗大佑.1995-追梦2·大時代的避风港【滚石】【WAV+CUE】
https://blog.sina.com.cn/s/blog_6943970c0102zktz.html	回春丹.2022-蜜虫（EP）【银河方舟】【FLAC分轨】
https://blog.sina.com.cn/s/blog_6943970c0102zkty.html	龙飘飘.2002-国语怀念金曲【乡城】【WAV+CUE】
https://blog.sina.com.cn/s/blog_6943970c0102zktx.html	郑进一.1997-咱的故乡【金瓜石】【WAV+CUE】
https://blog.sina.com.cn/s/blog_6943970c0102zktv.html	杨乃文.2023-Flow【亚神音乐】【FLAC分轨】
https://blog.sina.com.cn/s/blog_6943970c0102zktu.html	张学友.2021-学友经典世界巡回演唱会香港站再见篇3CD【环球】【WAV…
https://blog.sina.com.cn/s/blog_6943970c0102zktt.html	张学友.2021-学友经典世界巡回演唱会台北站3CD【环球】【WAV+CUE】
https://blog.sina.com.cn/s/blog_6943970c0102zkts.html	陈雷.1994-欢喜就好【金圆唱片】【WAV+CUE】
https://blog.sina.com.cn/s/blog_6943970c0102zktr.html	李丹阳.2003-美丽人间2CD【盛华】【WAV+CUE】
https://blog.sina.com.cn/s/blog_6943970c0102zktq.html	LMF.2004-LMFSHITS.2CD【华纳】【FLAC分轨】
https://blog.sina.com.cn/s/blog_6943970c0102zkto.html	周杰伦.2011-2010超时代演唱会2CD【杰威尔】【WAV+CUE】
https://blog.sina.com.cn/s/blog_6943970c0102zktm.html	查可欣.2010-The.Last.Radio.Show【摩登天空】【FLAC分轨】
https://blog.sina.com.cn/s/blog_6943970c0102zktk.html	麻园诗人.2016-母星【树音乐】【FLAC分轨】
https://blog.sina.com.cn/s/blog_6943970c0102zktj.html	草蜢.1995-THE.ORIGINAL.SOUND.2CD【宝丽金】【WAV+CUE】
https://blog.sina.com.cn/s/blog_6943970c0102zkth.html	群星.2018-刹那的乌托邦【音乐份子】【WAV+CUE】
https://blog.sina.com.cn/s/blog_6943970c0102zktg.html	王宏恩.2004-走风的人【破锣嗓子】【WAV+CUE】
https://blog.sina.com.cn/s/blog_6943970c0102zktf.html	梁文福.1997-摇一摇新谣（南方金点系列）【南方】【WAV+CUE】
https://blog.sina.com.cn/s/blog_6943970c0102zkte.html	丁丁.2016-曙光【梦想当然】【FLAC分轨】
https://blog.sina.com.cn/s/blog_6943970c0102zktd.html	群星.2010-岁月神偷电影原声带【JAVA】【WAV+CUE】
https://blog.sina.com.cn/s/blog_6943970c0102zkt9.html	欧阳娜娜.2023-The.Star初星【太合麦田】【FLAC分轨】
https://blog.sina.com.cn/s/blog_6943970c0102zkt7.html	群星.2014-夜半歌声文艺歌曲精丫新世纪】【WAV+CUE】
https://blog.sina.com.cn/s/blog_6943970c0102zkt6.html	群星.2002-我左眼见到鬼电影原声碟【华纳】【WAV+CUE】
https://blog.sina.com.cn/s/blog_6943970c0102zkt4.html	蔡淳云.2017-陪恁作陣行（EP）【音圆】【WAV+CUE】
https://blog.sina.com.cn/s/blog_6943970c0102zkt3.html	Super131.2012-Super131首张同名迷你专辑【美妙音乐】【FLAC分轨】
https://blog.sina.com.cn/s/blog_6943970c0102zkt2.html	F4.2008-FABULOUS.F4.BEST.SELECTIONS.2CD【SONY】【WAV+CUE】
https://blog.sina.com.cn/s/blog_6943970c0102zkt1.html	黄仲昆.1980-我想问你（LP版）【宝丽金】【WAV+CUE】
https://blog.sina.com.cn/s/blog_6943970c0102zkt0.html	洪嘉豪.2023-Cleanse（EP）【华纳】【FLAC分轨】
https://blog.sina.com.cn/s/blog_6943970c0102zksz.html	张天.2018-TEN【MOFOMUSIC】【FLAC分轨】
https://blog.sina.com.cn/s/blog_6943970c0102zksy.html	潘美辰.2015-是你（2023新世纪MQA限量版）【瑞华】【WAV+CUE】
https://blog.sina.com.cn/s/blog_6943970c0102zksx.html	林子祥.2016-靓声天碟BEST.SOUND.BEST.HITS.UPM.24K金碟【华纳】【…
https://blog.sina.com.cn/s/blog_6943970c0102zksw.html	新宝岛康乐队.2021-剪剪花【新乐团】【WAV+CUE】
https://blog.sina.com.cn/s/blog_6943970c0102zksv.html	群星.2020-我好喜欢你电视原声带【众匠音乐】【FLAC分轨】
https://blog.sina.com.cn/s/blog_6943970c0102zksu.html	王杰.2017-靓声天碟BEST.SOUND.BEST.HITS.UPM金碟【华纳】【WAV+CU…
https://blog.sina.com.cn/s/blog_6943970c0102zkst.html	杨裕.2010-热情杨裕2CD【音乐谷】【WAV+CUE】
https://blog.sina.com.cn/s/blog_6943970c0102zkss.html	Mr.Miss.2016-先生小姐【草台回声】【WAV+CUE】
https://blog.sina.com.cn/s/blog_6943970c0102zksr.html	Mr.Miss.2022-枕边迷航【草台回声】【FLAC分轨】
https://blog.sina.com.cn/s/blog_6943970c0102zksq.html	杨昊翰.2020-新生儿【智慧小狗】【WAV+CUE】
https://blog.sina.com.cn/s/blog_6943970c0102zksp.html	群星.2006-After10黄伟文十年选2CD【华纳】【WAV+CUE】
https://blog.sina.com.cn/s/blog_6943970c0102zkso.html	群星.2012-Y100+黄伟文大选3CD【环球】【WAV+CUE】
https://blog.sina.com.cn/s/blog_6943970c0102zksn.html	群星.2012-Y100黄伟文大选EVIL版3CD【环球】【WAV+CUE】
https://blog.sina.com.cn/s/blog_6943970c0102zksm.html	群星.2017-那年花开月正圆电视原声带2CD【仁溪音乐】【FLAC分轨】
https://blog.sina.com.cn/s/blog_6943970c0102zksl.html	张美玲.2002-福建舞曲专辑【南方唱片】【WAV+CUE】
https://blog.sina.com.cn/s/blog_6943970c0102zksj.html	谭咏麟.2017-Super.Voice.Super.Hits2辑（UPM24K金碟限量版）【环…
https://blog.sina.com.cn/s/blog_6943970c0102zksi.html	五月天.2019-人生无限公司LIFELIVE好友加班篇【相信音乐】【WAV+CU…
https://blog.sina.com.cn/s/blog_6943970c0102zksh.html	五月天2019-人生无限公司LIFELIVE完整收录篇2CD【相信音乐】【WAV+…
https://blog.sina.com.cn/s/blog_6943970c0102zksg.html	陈诗慧.2008-Merci多得你【正东】【FLAC分轨】
https://blog.sina.com.cn/s/blog_6943970c0102zksf.html	岳雷..2007-畅销名曲一支小雨删音乐谷】【WAV+CUE】
https://blog.sina.com.cn/s/blog_6943970c0102zkse.html	橘子海.2019-浪潮上岸【太合麦田】【FLAC分轨】
https://blog.sina.com.cn/s/blog_6943970c0102zksd.html	李蕙敏.1997-偏偏·精选18首2CD【乐意唱片】【WAV+CUE】
https://blog.sina.com.cn/s/blog_6943970c0102zksb.html	邓丽欣.2008-看透演唱会2CD【金牌大风】【WAV+CUE】
https://blog.sina.com.cn/s/blog_6943970c0102zksa.html	群星.2011-最爱广告101【EMI百代】【WAV+CUE】
https://blog.sina.com.cn/s/blog_6943970c0102zks9.html	BEYOND.1991-新艺宝优质音响系列·LIVE912CD【新艺宝】【WAV+CUE】
https://blog.sina.com.cn/s/blog_6943970c0102zks8.html	伦永亮.1997-LISTEN精选15首（嘉音真音乐20BIT高解像CD系列）【嘉…
https://blog.sina.com.cn/s/blog_6943970c0102zks6.html	郭英男马兰吟唱队.1998-生命之环（日版）【魔岩】【WAV+CUE】
https://blog.sina.com.cn/s/blog_6943970c0102zks5.html	费玉清.2010-清韵悠扬精选3CD【环球】【WAV+CUE】
https://blog.sina.com.cn/s/blog_6943970c0102zks4.html	曾琳.2008-月儿弯弯照九州【南方】【WAV+CUE】
https://blog.sina.com.cn/s/blog_6943970c0102zks1.html	齐秦.1995-去年冬天电影原声带【上华】【WAV+CUE】
https://blog.sina.com.cn/s/blog_6943970c0102zks0.html	胡彦斌.2023-是一场烟火【太簇文化】【FLAC分轨】
https://blog.sina.com.cn/s/blog_6943970c0102zkrz.html	群星.1997-宝丽金88极品音色系列·天碟驾到【宝丽金】【WAV+CUE】
https://blog.sina.com.cn/s/blog_6943970c0102zkry.html	卓依婷林正桦.1996-深情对唱【正红唱片】【WAV+CUE】
https://blog.sina.com.cn/s/blog_6943970c0102zkrx.html	张明敏.1983-我的中国心（2005复黑版）【永恒】【WAV+CUE】
https://blog.sina.com.cn/s/blog_6943970c0102zkrw.html	旅行团.2013-于是我不再唱歌【摩登天空】【WAV+CUE】
https://blog.sina.com.cn/s/blog_6943970c0102zkrv.html	群星.2013-雷颂德THANK.YOU演唱会3CD【环亚】【WAV+CUE】
https://blog.sina.com.cn/s/blog_6943970c0102zkrt.html	胡琳.2018-MOMENTS【LMC】【WAV+CUE】
https://blog.sina.com.cn/s/blog_6943970c0102zkrs.html	雷安娜.2007-本色（环球个人精选系列）【环球】【WAV+CUE】
https://blog.sina.com.cn/s/blog_6943970c0102zkrr.html	林姗.2013-宝贝子【豪记】【WAV+CUE】
https://blog.sina.com.cn/s/blog_6943970c0102zkrq.html	群星.2018-范保德电影原声音乐【积木影像】【WAV+CUE】
https://blog.sina.com.cn/s/blog_6943970c0102zkrp.html	黄淑蔓.2019-17PLUS【寰亚】【FLAC分轨】
https://blog.sina.com.cn/s/blog_6943970c0102zkro.html	梅艳芳.2019-烈焰红唇(ARMSHMCD金碟限量版)【华星】【WAV+CUE】
https://blog.sina.com.cn/s/blog_6943970c0102zkrn.html	钮大可陈本瑜.1989-山谷与风的对话【飞碟】【WAV+CUE】
https://blog.sina.com.cn/s/blog_6943970c0102zkrj.html	群星.2002-国语巨星专辑VOL.4（6CD）【乡城】【WAV+CUE】
https://blog.sina.com.cn/s/blog_6943970c0102zkri.html	陈慧娴.2007-本色（环球个人精选系列）【环球】【WAV+CUE】
https://blog.sina.com.cn/s/blog_6943970c0102zkrg.html	蔡幸娟.1984-中国娃娃·说出来（2013新世纪复黑版）【光美】【WAV+C…
https://blog.sina.com.cn/s/blog_6943970c0102zkrf.html	李明洋.2017-阿母的一生【美乐蒂】【WAV+CUE】
https://blog.sina.com.cn/s/blog_6943970c0102zkre.html	郭顶.2016-飞行器的执行周期【立音国际】【WAV+CUE】
https://blog.sina.com.cn/s/blog_6943970c0102zkrd.html	祖海.2004-天竺少女【上海音像】【WAV+CUE】
https://blog.sina.com.cn/s/blog_6943970c0102zkrc.html	群星.2012-神枪手电影原声带【KdigitalMedia】【WAV+CUE】
https://blog.sina.com.cn/s/blog_6943970c0102zkrb.html	许嵩.2018-寻宝游戏【海蝶】【WAV+CUE】
https://blog.sina.com.cn/s/blog_6943970c0102zkra.html	钟镇涛.2007-本色【环球】【WAV+CUE】
https://blog.sina.com.cn/s/blog_6943970c0102zkr8.html	李采霞.2007-精采绝伦10CD【音乐谷】【WAV+CUE】
https://blog.sina.com.cn/s/blog_6943970c0102zkr7.html	群星.1989-美梦成真-第二届热门音乐大赛纪念专辑【飞碟】【WAV+CUE…
https://blog.sina.com.cn/s/blog_6943970c0102zkr6.html	那英.1998-相约一九九八（EP）【EMI百代】【WAV+CUE】
https://blog.sina.com.cn/s/blog_6943970c0102zkr5.html	黄大炜.1994-攻陷爱情魔欲精选辑【达乐音乐】【WAV+CUE】
https://blog.sina.com.cn/s/blog_6943970c0102zkr4.html	脆乐团.2019-有多少光就有多少黑【容合音乐】【FLAC分轨】
https://blog.sina.com.cn/s/blog_6943970c0102zkr2.html	裘海正.1998-缺氧【艺能动音】【WAV+CUE】
https://blog.sina.com.cn/s/blog_6943970c0102zkr1.html	达明一派.2011-音乐大全101（5CD）【环球】【WAV+CUE】
https://blog.sina.com.cn/s/blog_6943970c0102zkr0.html	龙千玉.2014-今生未了情【豪记】【WAV+CUE】.
https://blog.sina.com.cn/s/blog_6943970c0102zkqz.html	童安格.1990-忘不了（2018环球NEWXRCD限量版）【环球】【WAV+CUE】
https://blog.sina.com.cn/s/blog_6943970c0102zkqy.html	黎瑞恩.2007-本色（环球个人精选系列）【环球】【WAV+CUE】
https://blog.sina.com.cn/s/blog_6943970c0102zkqx.html	群星.1992-摘下面具与我共舞【蓝与白】【WAV+CUE】
https://blog.sina.com.cn/s/blog_6943970c0102zkqw.html	黎明.1997-半生缘·电影主题歌曲集【宝丽金】【WAV+CUE】
https://blog.sina.com.cn/s/blog_6943970c0102zkqv.html	群星.1985-豆芽梦电影原声带（复黑版）【北联唱片】【WAV+CUE】
https://blog.sina.com.cn/s/blog_6943970c0102zkqu.html	孙燕姿.2001-风筝（NEWXRCD限量版）【华纳】【WAV+CUE】
https://blog.sina.com.cn/s/blog_6943970c0102zkqt.html	伍佰.2012-爱上伍佰2CD【滚石】【WAV+CUE】
https://blog.sina.com.cn/s/blog_6943970c0102zkqs.html	群星.2013-年度热爱2013.2CD【英皇娱乐】【WAV+CUE】
https://blog.sina.com.cn/s/blog_6943970c0102zkqr.html	周慧敏.2018-一万天荒爱未老30周年演唱会2CD【环球】【WAV+CUE】
https://blog.sina.com.cn/s/blog_6943970c0102zkqo.html	温拿乐队.2007-本色（环球个人精选系列）【环球】【WAV+CUE】
https://blog.sina.com.cn/s/blog_6943970c0102zkqn.html	关正杰1997-宝丽金88极品音色系列·关正杰‘82演唱会2CD【宝丽金】【…
https://blog.sina.com.cn/s/blog_6943970c0102zkqm.html	黄鸿升.2018-HUMAN【滚石】【WAV+CUE】
https://blog.sina.com.cn/s/blog_6943970c0102zkql.html	群星.2009-PIANO101至爱钢琴6CD【华纳】【WAV+CUE】
https://blog.sina.com.cn/s/blog_6943970c0102zkqk.html	罗力威.2014-TimeAlone（EP）【英皇娱乐】【FLAC分轨】
https://blog.sina.com.cn/s/blog_6943970c0102zkqj.html	范莉丝.1977-爱慕（LP版）【大联机构】【WAV+CUE】
https://blog.sina.com.cn/s/blog_6943970c0102zkqi.html	Robynn.AND.Kendy.2019-如果.我不完美【环球】【FLAC分轨】
https://blog.sina.com.cn/s/blog_6943970c0102zkqh.html	林子祥.1994-原创经典实力2CD【华纳】【WAV+CUE】
https://blog.sina.com.cn/s/blog_6943970c0102zkqg.html	群星.2019-那卡西酒場演歌6CD【英伦唱片】【WAV+CUE】
https://blog.sina.com.cn/s/blog_6943970c0102zkqf.html	张蔓姿.2023-WHATS.INSIDE.THE.ROOM（EP）【华纳】【FLAC分轨】
https://blog.sina.com.cn/s/blog_6943970c0102zkqe.html	许冠杰.2007-本色（环球个人精选系列）【环球】【WAV+CUE】
https://blog.sina.com.cn/s/blog_6943970c0102zkqc.html	青山.2006-国语原声典藏版2CD【乡城】【WAV+CUE】
https://blog.sina.com.cn/s/blog_6943970c0102zkqb.html	群星.2007-英雄本色电影原声带（日版）【WAV+CUE】
https://blog.sina.com.cn/s/blog_6943970c0102zkqa.html	蒋丽萍.1998-宝丽金88极品音色系列【宝丽金】【WAV+CUE】
https://blog.sina.com.cn/s/blog_6943970c0102zkq9.html	洪杰.2016-如果你也听说（EP）【英皇娱乐】【FLAC分轨】
https://blog.sina.com.cn/s/blog_6943970c0102zkq8.html	群星.2009-钢琴恋曲1016CD【环球】【WAV+CUE】
https://blog.sina.com.cn/s/blog_6943970c0102zkq7.html	陈凯咏.2021-Processing【环球】【FLAC分轨】
https://blog.sina.com.cn/s/blog_6943970c0102zkq6.html	郑伊健.1999-MAGIC【BMG】【WAV+CUE】
https://blog.sina.com.cn/s/blog_6943970c0102zkq4.html	陈秋霞.2007-本色（环球个人精选系列）【环球】【WAV+CUE】
https://blog.sina.com.cn/s/blog_6943970c0102zkq3.html	群星.1999-BMG全家福2CD【BMG】【WAV+CUE】
https://blog.sina.com.cn/s/blog_6943970c0102zkq2.html	许莉洁.2019-不就范【环球】【FLAC分轨】
https://blog.sina.com.cn/s/blog_6943970c0102zkq0.html	群星.1973-彩云飞电影原声带（2014新世纪复刻版）【丽风】【WAV+CU…
https://blog.sina.com.cn/s/blog_6943970c0102zkpz.html	李嘉.1989-拢是为着你啦【天王唱片】【WAV+CUE】
https://blog.sina.com.cn/s/blog_6943970c0102zkpx.html	群星.1986-明天会更好（单曲版）【蓝与白】【WAV+CUE】
https://blog.sina.com.cn/s/blog_6943970c0102zkpw.html	洪嘉豪.2022-Learning.Curve【华纳】【FLAC分轨】
https://blog.sina.com.cn/s/blog_6943970c0102zkpv.html	李丹阳.1994-中国民歌精英【珠江音像】【WAV+CUE】
https://blog.sina.com.cn/s/blog_6943970c0102zkpu.html	刘德华.2007-本色（环球个人精选系列）【环球】【WAV+CUE】
https://blog.sina.com.cn/s/blog_6943970c0102zkpt.html	群星.1997-宝丽金88极品音色系列·极品珍藏（国语版）【宝丽金】【W…
https://blog.sina.com.cn/s/blog_6943970c0102zkpr.html	胡吗个.1999-人人都有个小板凳，我的不带入二十一世纪【摩登天空】…
https://blog.sina.com.cn/s/blog_6943970c0102zkpq.html	秦咏.1995-恋歌集2辑【文志】【WAV+CUE】
https://blog.sina.com.cn/s/blog_6943970c0102zkpp.html	群星.2012-证人电影原声带【KdigitalMedia】【WAV+CUE】
https://blog.sina.com.cn/s/blog_6943970c0102zkpn.html	翁倩玉赵晓君张淘淘.1990-精选辑（流行歌林招牌歌系列）【歌林】【…
https://blog.sina.com.cn/s/blog_6943970c0102zkpm.html	何芸娜.2021-在哪位【禾广娱乐】【FLAC分轨】
https://blog.sina.com.cn/s/blog_6943970c0102zkpl.html	屠洪刚.2005-对酒当歌【红梅书局】【WAV+CUE】
https://blog.sina.com.cn/s/blog_6943970c0102zkpk.html	周慧敏.2007-本色（环球个人精选系列）【环球】【WAV+CUE】
https://blog.sina.com.cn/s/blog_6943970c0102zkpj.html	群星.1995-爱在草原的天空电影原声带【风潮】【WAV+CUE】
https://blog.sina.com.cn/s/blog_6943970c0102zkpi.html	郑容和.2021-和·唱（EP）【FLAC分轨】
https://blog.sina.com.cn/s/blog_6943970c0102zkph.html	群星.2002-国语巨星专辑VOL.3(6CD)【乡城】【WAV+CUE】
https://blog.sina.com.cn/s/blog_6943970c0102zkpf.html	邓建明.2002-Joey.Music.Factory【EMI百代】【FLAC分轨】
https://blog.sina.com.cn/s/blog_6943970c0102zkpe.html	王宏恩.2023-好好呼吸【风潮】【FLAC分轨】
https://blog.sina.com.cn/s/blog_6943970c0102zkpc.html	邓颖芝.2004-玻璃鞋【SONY】【WAV+CUE】
https://blog.sina.com.cn/s/blog_6943970c0102zkpb.html	卫兰.2020-A.Reason.To.Rejoice(Studio.Live)（EP）【华纳】【FLAC…
https://blog.sina.com.cn/s/blog_6943970c0102zkpa.html	邰正宵.1997-新艺宝优质音响系列·东方之珠新纪元【新艺宝】【WAV+C…
https://blog.sina.com.cn/s/blog_6943970c0102zkp9.html	群星.1995-爸爸妈妈陪我放暑假【宝丽金】【WAV+CUE】
https://blog.sina.com.cn/s/blog_6943970c0102zkp8.html	卓依婷.1997-校园青春乐【北影】【WAV+CUE】
https://blog.sina.com.cn/s/blog_6943970c0102zkp7.html	云浩影.2022-TheCloud（EP）【寰亚】【FLAC分轨】
https://blog.sina.com.cn/s/blog_6943970c0102zkp6.html	群星.1990-大学城·永远记得你的爱【飞碟】【WAV+CUE】
https://blog.sina.com.cn/s/blog_6943970c0102zkp5.html	RUBBERBAND.2011-DEDICATED.TO…【金牌大风】【WAV+CUE】
https://blog.sina.com.cn/s/blog_6943970c0102zkp4.html	草东沒有派对.2023-瓦合【黑皮国】【FLAC分轨】
https://blog.sina.com.cn/s/blog_6943970c0102zkp3.html	朱逢博.2023-蔷薇处处开（2023鎏金系列MQA金碟版）【太平洋影音】…
https://blog.sina.com.cn/s/blog_6943970c0102zkp2.html	李谷一.2013-花儿为什么这样红（2023鎏金系列MQA金碟版）【太平洋…
https://blog.sina.com.cn/s/blog_6943970c0102zkp0.html	古巨基.2023-I.REALLY.LOVE.TO.SING【英皇娱乐】【FLAC分轨】
https://blog.sina.com.cn/s/blog_6943970c0102zkoy.html	阿鲁阿卓.2019-传说【人民音乐】【WAV+CUE】
https://blog.sina.com.cn/s/blog_6943970c0102zkox.html	蔡秋凤.2012-离别海岸【上豪】【WAV+CUE】
https://blog.sina.com.cn/s/blog_6943970c0102zkov.html	JS.2007-我知道你爱我（EP）【喜玛拉雅】【WAV+CUE】
https://blog.sina.com.cn/s/blog_6943970c0102zkot.html	李碧华.1987-畅销精选辑3辑【乡城】【WAV+CUE】
https://blog.sina.com.cn/s/blog_6943970c0102zkor.html	凤小岳.2023-柒【环球】【FLAC分轨】
https://blog.sina.com.cn/s/blog_6943970c0102zkoq.html	叶德娴.2018-叶德娴精选15首(ARMSHMCD限量版)【永恒】【WAV+CUE】
https://blog.sina.com.cn/s/blog_6943970c0102zkop.html	赖雅妍.2015-FACE【魔耳国际】【FLAC分轨】
https://blog.sina.com.cn/s/blog_6943970c0102zkog.html	何芸妮.2016-Finally.Chapter.1（EP）【POP.POP.MUSIC】【FLAC分轨…
https://blog.sina.com.cn/s/blog_6943970c0102zkok.html	苏醒.2015-SOMEONE【SONY】【FLAC分轨】
https://blog.sina.com.cn/s/blog_6943970c0102zkom.html	罗时丰.1992-细妹按靓【吉马】【WAV+CUE】
https://blog.sina.com.cn/s/blog_6943970c0102zkod.html	黄绮珊.2018-时光【SONY】【WAV+CUE】
https://blog.sina.com.cn/s/blog_6943970c0102zkoc.html	康贤.1994-今夜远方【新艺宝】【WAV+CUE】
https://blog.sina.com.cn/s/blog_6943970c0102zkob.html	梦幻想.1999-快请我跳舞（引进版）【艾回】【WAV+CUE】
https://blog.sina.com.cn/s/blog_6943970c0102zkoa.html	群星.1998-滾石24K24Bit珍藏版金碟系列·一人一首成名曲【滚石】【W…
https://blog.sina.com.cn/s/blog_6943970c0102zko9.html	阎奕格.2023-Changing.Room【华研国际】【FLAC分轨】
https://blog.sina.com.cn/s/blog_6943970c0102zko8.html	吴涤清.2007-发烧无敌【新京文】【WAV+CUE】
https://blog.sina.com.cn/s/blog_6943970c0102zko6.html	王博文.2023-TEN【溶洞音乐】【FLAC分轨】
https://blog.sina.com.cn/s/blog_6943970c0102zko5.html	梅艳芳.2019-梦里共醉(ARM.SHMCD金碟限量版)【华星】【WAV+CUE】
https://blog.sina.com.cn/s/blog_6943970c0102zko2.html	群星.2022-匆匆的青春电视原声带【SONY】【FLAC分轨】
https://blog.sina.com.cn/s/blog_6943970c0102zkny.html	陈奕迅.2006-GET.A.LIFE.EASON.CHAN.LIV.3CD【新艺宝】【WAV+CUE】
https://blog.sina.com.cn/s/blog_6943970c0102zknx.html	胡畔.2005-麦子【天中文化】【FLAC分轨】
https://blog.sina.com.cn/s/blog_6943970c0102zknu.html	凤飞飞.1987-什么样的你【蓝与白】【WAV+CUE】
https://blog.sina.com.cn/s/blog_6943970c0102zkns.html	沈文程.1982-心事誰人知（TP版）（百佳唱片NO.81）【爱莉亚】【WAV…
https://blog.sina.com.cn/s/blog_6943970c0102zknr.html	薛凯琪.2007-“F”BEST新曲+精丫华纳】【WAV+CUE】
https://blog.sina.com.cn/s/blog_6943970c0102zknq.html	王栎鑫.2019-吾栖之肤（EP）【大雨文化】【FLAC分轨】
https://blog.sina.com.cn/s/blog_6943970c0102zknp.html	罗文.1998-情系佛罗内斯（天龙版）【飞图】【WAV+CUE】
https://blog.sina.com.cn/s/blog_6943970c0102zknn.html	郑宜农.2019-给天王星【火气音乐】【FLAC分轨】
https://blog.sina.com.cn/s/blog_6943970c0102zknm.html	黄清元.1993-金曲【文志唱片】【WAV+CUE】
https://blog.sina.com.cn/s/blog_6943970c0102zknl.html	庄淑君.1995-浪漫恋曲（LP版）【南方】【WAV+CUE】
https://blog.sina.com.cn/s/blog_6943970c0102zknk.html	谭咏麟.1999-极品音色系列2IN1【宝丽金】【WAV+CUE】
https://blog.sina.com.cn/s/blog_6943970c0102zknj.html	关正杰.1997-宝丽金88极品音色系列2in11盒2CD【宝丽金】【WAV+CUE…
https://blog.sina.com.cn/s/blog_6943970c0102zkni.html	庄心妍.2017-触碰爱【怡人】【WAV+CUE】
https://blog.sina.com.cn/s/blog_6943970c0102zknh.html	群星.1996-新上海滩电影原声大碟【NEWMELODY】【WAV+CUE】
https://blog.sina.com.cn/s/blog_6943970c0102zkng.html	群星.1997-碟碟不休·经典金曲珍藏版VOL.1【上华】【WAV+CUE】
https://blog.sina.com.cn/s/blog_6943970c0102zkne.html	陈零九.2019-过2CD【滚石】【WAV分轨】
https://blog.sina.com.cn/s/blog_6943970c0102zknd.html	草蜢.1989-GRASSHOPPER.REMIX（EP）【宝丽金】【WAV+CUE】
https://blog.sina.com.cn/s/blog_6943970c0102zknc.html	蔡琴.1983-香港大会堂演唱会精丫永声】【WAV+CUE】
https://blog.sina.com.cn/s/blog_6943970c0102zknb.html	李国祥.1992-余情未了【嘉音】【WAV+CUE】
https://blog.sina.com.cn/s/blog_6943970c0102zkna.html	李明洋.2013-欠天一滴泪【豪记】【WAV+CUE】
https://blog.sina.com.cn/s/blog_6943970c0102zkn9.html	沈雁.1981-一串心（LP版）【综一唱片】【WAV+CUE】
https://blog.sina.com.cn/s/blog_6943970c0102zkn8.html	群星.2002-国语巨星专辑VOL.2（6CD）【乡城】【WAV+CUE】
https://blog.sina.com.cn/s/blog_6943970c0102zkn7.html	林淑容朱仪玲.1998-黄梅调·小调精粹（瑞华24K金碟珍藏版）【瑞华】…
https://blog.sina.com.cn/s/blog_6943970c0102zkn6.html	群星.1997-爱情宣言·情歌大对唱【现代派】【WAV+CUE】
https://blog.sina.com.cn/s/blog_6943970c0102zkn5.html	RobynnKendy.2019-CURATIONS.2CD【环球】【FLAC分轨】
https://blog.sina.com.cn/s/blog_6943970c0102zkn3.html	许哲珮.2021-InMyPlace在我这儿【发现梦想】【FLAC+CUE】
https://blog.sina.com.cn/s/blog_6943970c0102zkn2.html	麦浚龙谢安琪.2020-The。ALBU.AND.THE.END.OF.IT【SILLYTHING】【W…
https://blog.sina.com.cn/s/blog_6943970c0102zkn1.html	麦浚龙谢安琪.2019-The.ALBUM.AND.THE.REST.OF.IT【SILLYTHING】【…
https://blog.sina.com.cn/s/blog_6943970c0102zkn0.html	麦浚龙谢安琪.2018-THE.ALBUM.PART.ONE【SILLY.THING】【WAV+CUE】
https://blog.sina.com.cn/s/blog_6943970c0102zkmx.html	群星.2001-流氓教授电视原声带【有容文化】【WAV+CUE】
https://blog.sina.com.cn/s/blog_6943970c0102zkmv.html	成龙.2018-我还是成龙【新律文化】【WAV+CUE】
https://blog.sina.com.cn/s/blog_6943970c0102zkmu.html	群星.2012-校园民歌ADAM限量珍藏版【新世纪】【WAV+CUE】
https://blog.sina.com.cn/s/blog_6943970c0102zkmt.html	周华健.1997-忠于朋友，终于华健（铁盒装EP）【滚石】【WAV+CUE】
https://blog.sina.com.cn/s/blog_6943970c0102zkms.html	熊猫堂.2023-W.O.R.L.D【DMDF娱乐】【FLAC分轨】
https://blog.sina.com.cn/s/blog_6943970c0102zkmp.html	零点乐队.2016-我还爱着你【星光文化】【WAV+CUE】
https://blog.sina.com.cn/s/blog_6943970c0102zkmo.html	群星.1997-宝丽金88极品音色第列·极品珍藏英语版【宝丽金】【WAV+C…
https://blog.sina.com.cn/s/blog_6943970c0102zkmn.html	梅艳芳.2019-赤色(ARMSHMCD限量版)【华纳】【WAV+CUE】
https://blog.sina.com.cn/s/blog_6943970c0102zkmm.html	林子祥.2016-最爱子祥40载20K金碟套装版10CD【华纳】【WAV+CUE】
https://blog.sina.com.cn/s/blog_6943970c0102zkmj.html	邓丽君.1998-漫步人生3步曲（88极品音色系列）【宝丽金】【WAV+CUE…
https://blog.sina.com.cn/s/blog_6943970c0102zkmi.html	群星.2002-国语巨星专辑VOL.1（6CD）【乡城】【WAV+CUE】
https://blog.sina.com.cn/s/blog_6943970c0102zkmh.html	群星.2008-李米的猜想电影原声大碟【华谊兄弟】【WAV+CUE】
https://blog.sina.com.cn/s/blog_6943970c0102zkmg.html	罗文裕.2015-惊喜时刻【美妙音乐】【FLAC分轨】
https://blog.sina.com.cn/s/blog_6943970c0102zkmf.html	红丽姐妹.1981-何时再相逢【歌林】【WAV+CUE】
https://blog.sina.com.cn/s/blog_6943970c0102zkme.html	林隆璇.2010-怎么开始忘了【金牌大风】【WAV+CUE】
https://blog.sina.com.cn/s/blog_6943970c0102zkmd.html	戴玉强.2001-你是这样的人【新时代】【WAV+CUE】
https://blog.sina.com.cn/s/blog_6943970c0102zkmc.html	群星.1993-十三吉祥精丫BMG】【WAV+CUE】
https://blog.sina.com.cn/s/blog_6943970c0102zkmb.html	冯晓泉.2000-秋水长天【京文】【WAV+CUE】
https://blog.sina.com.cn/s/blog_6943970c0102zkma.html	张学友.2005-学友年代6CD（天凯引进版）【环球】【WAV+CUE】
https://blog.sina.com.cn/s/blog_6943970c0102zkm9.html	董事长乐团.2008-花光他的钱2CD【艺见传播】【WAV+CUE】
https://blog.sina.com.cn/s/blog_6943970c0102zkm8.html	芝麻龙眼.2000-民歌往事怀旧篇CD1怀旧篇【乡城唱片】【WAV+CUE】
https://blog.sina.com.cn/s/blog_6943970c0102zkm6.html	群星.1993-霸王别姬电影原声大碟（日版）【Victor】【WAV+CUE】
https://blog.sina.com.cn/s/blog_6943970c0102zkm5.html	程琳.2011-隽永留声·歌坛辉煌系列【太平洋影音】【WAV+CUE】
https://blog.sina.com.cn/s/blog_6943970c0102zkm4.html	陈雅雯.1990-QUEENIE【世纪唱片】【WAV+CUE】
https://blog.sina.com.cn/s/blog_6943970c0102zkm2.html	萧福德.1994-无通伤阮的心【滚石】【WAV+CUE】
https://blog.sina.com.cn/s/blog_6943970c0102zkm1.html	黄妍.2021-九道痕迹【SONY】【FLAC分轨】
https://blog.sina.com.cn/s/blog_6943970c0102zklz.html	林子祥.2002-港乐·林子祥演唱会2CD【华纳】【WAV+CUE】
https://blog.sina.com.cn/s/blog_6943970c0102zkly.html	费玉清.2008-淡淡幽情·好歌精选辑绝版2CD【EQ】【WAV+CUE】
https://blog.sina.com.cn/s/blog_6943970c0102zklx.html	费翔.2000-爱过你【丰华】【WAV+CUE】
https://blog.sina.com.cn/s/blog_6943970c0102zklv.html	旋转保龄.2021-强尼的爱【摩登天空】【FLAC分轨】
https://blog.sina.com.cn/s/blog_6943970c0102zklu.html	群星.1976-群星大会串·征选歌曲专辑第三期（2016复刻盘）【海山】…
https://blog.sina.com.cn/s/blog_6943970c0102zklt.html	蔡秋凤.1988-船过水无痕·醉袂停【爱莉亚】【WAV+CUE】
https://blog.sina.com.cn/s/blog_6943970c0102zkls.html	周柯宇.2023-IFIMAY为你我可以【智慧大狗】【FLAC分轨】
https://blog.sina.com.cn/s/blog_6943970c0102zklr.html	黄翠珊.2006-A.Night.at.the.Movies电影之夜【WAV+CUE】
https://blog.sina.com.cn/s/blog_6943970c0102zklq.html	动力火车.2002-MAN镇守爱情【华研国际】【WAV+CUE】
https://blog.sina.com.cn/s/blog_6943970c0102zklp.html	郭小霖.2017-一些事一些情一些新一些旧新曲精选UPM24K金碟【SONY】…
https://blog.sina.com.cn/s/blog_6943970c0102zklo.html	李玉刚.2014-莲花HQCD【星文】【WAV+CUE】
https://blog.sina.com.cn/s/blog_6943970c0102zkln.html	群星.2000-顺流逆流电影原声带【魔岩】【WAV+CUE】
https://blog.sina.com.cn/s/blog_6943970c0102zklm.html	群星.2002-校园民谣1993-2002珍藏版3CD【大地唱片】【WAV+CUE】
https://blog.sina.com.cn/s/blog_6943970c0102zkll.html	群星.2002-大地校园民谣4·1994-2000【大地】【WAV+CUE】
https://blog.sina.com.cn/s/blog_6943970c0102zklk.html	陈文媛.2005-Fantasia【环球】【FLAC分轨】
https://blog.sina.com.cn/s/blog_6943970c0102zklj.html	陈芬兰.1992-杨三郎纪念专辑【百佳唱片NO.49】【吉马唱片】【WAV+C…
https://blog.sina.com.cn/s/blog_6943970c0102zkli.html	方大同.2005-SOULBOY【华纳】【WAV+CUE】
https://blog.sina.com.cn/s/blog_6943970c0102zklh.html	风采姐妹.1991-民歌说唱集【瑞华】【WAV+CUE】
https://blog.sina.com.cn/s/blog_6943970c0102zklg.html	坏特.2023-WayOut【华纳】【FLAC分轨】
https://blog.sina.com.cn/s/blog_6943970c0102zkle.html	区瑞强.1997-宝丽金88极品音色系列【宝丽金】【WAV+CUE】
https://blog.sina.com.cn/s/blog_6943970c0102zkld.html	银霞.1986-单身贵族（喜玛拉雅复黑版）【银河】【WAV+CUE】
https://blog.sina.com.cn/s/blog_6943970c0102zklc.html	群星.1987-CBS新力NO.1流行榜VOL.2【SONY】【WAV+CUE】
https://blog.sina.com.cn/s/blog_6943970c0102zklb.html	江若琳.2009-Show.You（EP）【寰宇】【FLAC分轨】
https://blog.sina.com.cn/s/blog_6943970c0102zkla.html	生祥与瓦窑坑3.2004-临暗【大大树音乐】【WAV+CUE】
https://blog.sina.com.cn/s/blog_6943970c0102zkl9.html	林忆莲.2012-MMXI演唱会2CD【环球】【WAV+CUE】
https://blog.sina.com.cn/s/blog_6943970c0102zkl7.html	李明洋.2012-坚强的男人【豪记】【WAV+CUE】
https://blog.sina.com.cn/s/blog_6943970c0102zkl6.html	蔡恩雨.2023-蔡恩雨【华纳】【FLAC分轨】
https://blog.sina.com.cn/s/blog_6943970c0102zkl5.html	王杰.2018-故事的角色ARMSHMCD24K金碟【华纳】【WAV+CUE】
https://blog.sina.com.cn/s/blog_6943970c0102zkl1.html	林佳仪.1997-林佳仪朋友(EP)【波丽佳音】【WAV+CUE】
https://blog.sina.com.cn/s/blog_6943970c0102zkl0.html	群星.2002-五星级的家电台广播剧原声【英皇娱乐】【WAV+CUE】.
https://blog.sina.com.cn/s/blog_6943970c0102zkky.html	黄妃.2000-非常女黄妃2CD【魔岩】【WAV+CUE】
https://blog.sina.com.cn/s/blog_6943970c0102zkkx.html	RobynnKendy.2013-Sail.Away【环球】【FLAC分轨】
https://blog.sina.com.cn/s/blog_6943970c0102zkkw.html	陈奕迅.2000-EASON.AND.FRIENDS.903.ID.CLUB拉阔音乐会【华星】【W…
https://blog.sina.com.cn/s/blog_6943970c0102zkkv.html	孙子涵.2023-人生依旧滚烫【简单快乐文化】【FLAC分轨】
https://blog.sina.com.cn/s/blog_6943970c0102zkku.html	马兆骏.1997-滾石24K24Bit珍藏版金碟系列【滚石】【WAV+CUE】
https://blog.sina.com.cn/s/blog_6943970c0102zkkt.html	杨峻荣.1991-MICHELLE（英专）【乡城】【WAV+CUE】
https://blog.sina.com.cn/s/blog_6943970c0102zkks.html	群星.2003-中国民歌宝典4辑8CD【新时代】【WAV+CUE】
https://blog.sina.com.cn/s/blog_6943970c0102zkko.html	李宗盛周华健.2005-男人三十2CD【滚石】【WAV+CUE】
https://blog.sina.com.cn/s/blog_6943970c0102zkkm.html	王磊.1996-夜【中唱】【FLAC分轨】
https://blog.sina.com.cn/s/blog_6943970c0102zkkl.html	苏运莹.2023-圆【梦想当然】【FLAC分轨】
https://blog.sina.com.cn/s/blog_6943970c0102zkkk.html	雷佳.2008-中华56民族之歌4CD【瑞鸣】【WAV+CUE】
https://blog.sina.com.cn/s/blog_6943970c0102zkkj.html	叶倩文.2019-祝福(ARMSHMCD限量版)【华纳】【WAV+CUE】
https://blog.sina.com.cn/s/blog_6943970c0102zkki.html	群星.2002－台湾红歌100年隽永年代20CD全【乡城】【WAV_CUE】
https://blog.sina.com.cn/s/blog_6943970c0102zkkh.html	群星.2014-超级剧无霸2CD【SONY】【WAV+CUE】
https://blog.sina.com.cn/s/blog_6943970c0102zkkg.html	群星.1998-玻璃之城电影原声大碟【SONY】【WAV+CUE】
https://blog.sina.com.cn/s/blog_6943970c0102zkkf.html	蔡琴.2006-华纳NO.1【华纳】【WAV+CUE】
https://blog.sina.com.cn/s/blog_6943970c0102zkke.html	卓依婷.1998-化蝶2辑【金碟豹】【WAV+CUE】
https://blog.sina.com.cn/s/blog_6943970c0102zkkd.html	金得哲.1996-半梦【HUGO】【FLAC+CUE】
https://blog.sina.com.cn/s/blog_6943970c0102zkkc.html	群星.2004-笑傲歌坛·黄霑传世经典3CD【环球】【WAV+CUE】
https://blog.sina.com.cn/s/blog_6943970c0102zkkb.html	谢采妘.2011-难忘的旋律(Non-StopChaCha)【EVBest】【WAV+CUE】
https://blog.sina.com.cn/s/blog_6943970c0102zkka.html	阿弟仔.2003-平衡【常喜音乐】【WAV+CUE】
https://blog.sina.com.cn/s/blog_6943970c0102zkk8.html	鹿先生乐队.2023-滔滔【StreetVoice】【FLAC分轨】
https://blog.sina.com.cn/s/blog_6943970c0102zkk7.html	李茂山.1991-乡情之旅2辑【新格】【WAV+CUE】
https://blog.sina.com.cn/s/blog_6943970c0102zkk6.html	游鸿明.2009-与爱情无关【当然娱乐】【WAV+CUE】
https://blog.sina.com.cn/s/blog_6943970c0102zkk5.html	齐豫.2011-OVER.THE.CLOUD（英专）【SONY】【WAV+CUE】
https://blog.sina.com.cn/s/blog_6943970c0102zkk4.html	群星.1981-时报创作民歌奖（2018复刻盘）【海山】【WAV+CUE】
https://blog.sina.com.cn/s/blog_6943970c0102zkk3.html	糯米团.1997-糯米团【宝丽金】【WAV+CUE】
https://blog.sina.com.cn/s/blog_6943970c0102zkk2.html	黎瑞恩.2016-宝丽金花-世纪精选K2HD+SHMCD【丽声】【WAV+CUE】
https://blog.sina.com.cn/s/blog_6943970c0102zkk1.html	张蓉蓉.2005-伤心恋情发烧那卡西（引进版）【全员集合】【WAV+CUE…
https://blog.sina.com.cn/s/blog_6943970c0102zkk0.html	蓝樱范莉丝.1981-蓝樱范莉丝与快节奏（TP版）【大联机构】【WAV整…
https://blog.sina.com.cn/s/blog_6943970c0102zkjz.html	群星.2023-爱的堪探法电视原声带【FLAC分轨】
https://blog.sina.com.cn/s/blog_6943970c0102zkjy.html	钟汉良.2023-O【FLAC分轨】
https://blog.sina.com.cn/s/blog_6943970c0102zkjx.html	李春波.1994-一封家书（2015流金岁月复刻版）【中唱】【WAV+CUE】
https://blog.sina.com.cn/s/blog_6943970c0102zkjv.html	群星.2001-钟无艳电影原声大碟【华纳】【WAV+CUE】
https://blog.sina.com.cn/s/blog_6943970c0102zkju.html	谢雨欣.2002-拯救爱情影视歌曲精丫英事达】【FLAC+CUE】
https://blog.sina.com.cn/s/blog_6943970c0102zkjt.html	群星.1999-宝丽金99超量级精丫宝丽金】【WAV+CUE】
https://blog.sina.com.cn/s/blog_6943970c0102zkjs.html	辛晓琪.2023-精选滚石SACD系列【滚石】【WAV+CUE】
https://blog.sina.com.cn/s/blog_6943970c0102zkjr.html	李琛.2000-我能为你做些什么【星宝】【WAV+CUE】
https://blog.sina.com.cn/s/blog_6943970c0102zkjq.html	梁汉文杨千嬅陈奕迅.2011-MUSIC.IS.LIVE.2011.903.ID.CLUB.2CD【新…
https://blog.sina.com.cn/s/blog_6943970c0102zkjp.html	廖俊涛.2021-时缝里的情书（EP）【哇唧唧哇娱乐】【FLAC分轨】
https://blog.sina.com.cn/s/blog_6943970c0102zkjo.html	柯以敏.1994-朝思暮想新歌与精丫SONY】【WAV+CUE】
https://blog.sina.com.cn/s/blog_6943970c0102zkjn.html	RobynnKendy.2013-Sail.Away【环球】【FLAC分轨】
https://blog.sina.com.cn/s/blog_6943970c0102zkjl.html	梅艳芳.2004-经典金曲演唱会2CD【MuiMusic】【WAV+CUE】
https://blog.sina.com.cn/s/blog_6943970c0102zkjk.html	万芳.2023-精选滚石SACD系列【滚石】【WAV+CUE】
https://blog.sina.com.cn/s/blog_6943970c0102zkji.html	Alycia.A.2018-我不完美（EP）【环球】【FLAC分轨】
https://blog.sina.com.cn/s/blog_6943970c0102zkjh.html	姚乙.2006-光辉25霸王魅力金曲【南方】【WAV+CUE】
https://blog.sina.com.cn/s/blog_6943970c0102zkjg.html	廖文强.2015-活着是对命运最好的反抗【何乐音乐】【FLAC分轨】
https://blog.sina.com.cn/s/blog_6943970c0102zkje.html	于希平.1989-单心【滚石】【WAV+CUE】
https://blog.sina.com.cn/s/blog_6943970c0102zkjc.html	江蕙.1997-艺界人生（2023华纳NEWXRCD）【点将】【WAV+CUE】
https://blog.sina.com.cn/s/blog_6943970c0102zkjb.html	群星.2002-嫁个有钱人电影原声大碟【华纳】【WAV+CUE】
https://blog.sina.com.cn/s/blog_6943970c0102zkja.html	旅行团.2011-WonderfulDay【摩登天空】【WAV+CUE】
https://blog.sina.com.cn/s/blog_6943970c0102zkj9.html	谢宇威.2003-一侪，花树下【威德文化】【WAV+CUE】
https://blog.sina.com.cn/s/blog_6943970c0102zkj7.html	林灵.1992-明星珍藏集锦5·林灵2CD【海丽】【WAV+CUE】
https://blog.sina.com.cn/s/blog_6943970c0102zkj6.html	陈乐基.2019-Rocky.Chan（EP）【玩意唱片】【FLAC分轨】
https://blog.sina.com.cn/s/blog_6943970c0102zkj5.html	金莎.2006-不可思议【海蝶】【WAV+CUE】
https://blog.sina.com.cn/s/blog_6943970c0102zkj4.html	许含光.2020-从夜晚开始从夜晚结束【容合音乐】【FLAC分轨】
https://blog.sina.com.cn/s/blog_6943970c0102zkj3.html	蔡琴.1986-伤心小站（2023华纳NEWXRCD）【华纳】【WAV+CUE】
https://blog.sina.com.cn/s/blog_6943970c0102zkj2.html	郑秀文.2023-Dream（EP）【寰亚】【FLAC分轨】
https://blog.sina.com.cn/s/blog_6943970c0102zkj1.html	群星.2001-亲亲这一代【环球】【WAV+CUE】
https://blog.sina.com.cn/s/blog_6943970c0102zkj0.html	江蕙.2005-10个爱人·跨世纪对唱【EMI百代】【WAV+CUE】
https://blog.sina.com.cn/s/blog_6943970c0102zkiz.html	李丽蕊.1987-压抑背后（2008复黑版）【永恒】【WAV+CUE】
https://blog.sina.com.cn/s/blog_6943970c0102zkiy.html	张敬轩.2021-THE.BRIGHTEST.DARKNESS.2CD【英皇娱乐】【WAV+CUE】
https://blog.sina.com.cn/s/blog_6943970c0102zkiw.html	群星.1996-恋恋风尘电影原声带【水晶唱片】【WAV+CUE】
https://blog.sina.com.cn/s/blog_6943970c0102zkiu.html	旋转保龄.2016-爱，不用明天【摩登天空】【FLAC分轨】
https://blog.sina.com.cn/s/blog_6943970c0102zkit.html	满文军.2006-了解【太合麦田】【WAV+CUE】
https://blog.sina.com.cn/s/blog_6943970c0102zkis.html	温拿乐队.2023-Farewell.with.Love（EP）【环球】【FLAC分轨】
https://blog.sina.com.cn/s/blog_6943970c0102zkir.html	刘文正.2003-岁月刘声机复黑系列4CD【歌林】【WAV+CUE】
https://blog.sina.com.cn/s/blog_6943970c0102zkiq.html	群星.2007-中国著名男女对唱歌曲蹉跎光阴,岁月金曲2CD【中唱】【WA…
https://blog.sina.com.cn/s/blog_6943970c0102zkio.html	廖百威.2023-我的黑胶·我的时代HQCD【无比传真】【WAV+CUE】
https://blog.sina.com.cn/s/blog_6943970c0102zkin.html	群星.1992-夜上海精选4CD【EMI百代】【WAV+CUE】
https://blog.sina.com.cn/s/blog_6943970c0102zkim.html	甄楚倩.1988-无伴的舞（加歌版）【SONY】【WAV+CUE】
https://blog.sina.com.cn/s/blog_6943970c0102zkil.html	群星.1991-飞鹰群星龙虎榜收集版2CD【飞鹰】【WAV+CUE】
https://blog.sina.com.cn/s/blog_6943970c0102zkik.html	洪荣宏江蕙.2003-台语老歌2CD（引进版）【乡城】【WAV+CUE】
https://blog.sina.com.cn/s/blog_6943970c0102zkih.html	周华健.1996-弦犹在耳·演唱会LIVE【滚石】【WAV+CUE】
https://blog.sina.com.cn/s/blog_6943970c0102zkig.html	卢冠廷.2013-Lowell.Lo.百代珍藏套裝.ADMS.11CD【EMI百代】【WAV+C…
https://blog.sina.com.cn/s/blog_6943970c0102zkif.html	金玟岐.2022-不够好的我（EP）【FLAC分轨】
https://blog.sina.com.cn/s/blog_6943970c0102zkie.html	李建复.2013-转眼一瞬间（星外星引进版）【金牌大风】【WAV+CUE】
https://blog.sina.com.cn/s/blog_6943970c0102zkid.html	林忆莲.1990-都市触觉系列LPCD1630限量版3CD【华纳】【WAV+CUE】
https://blog.sina.com.cn/s/blog_6943970c0102zkic.html	关正杰.2004-3IN1珍藏集3CD【环球】【WAV+CUE】
https://blog.sina.com.cn/s/blog_6943970c0102zkib.html	零点.2014-多么爱你，你知道吗【喜创艺海】【WAV+CUE】
https://blog.sina.com.cn/s/blog_6943970c0102zkia.html	群星.2004-情·深·缘VOL.2至爱动人回忆3CD【环星】【WAV+CUE】
https://blog.sina.com.cn/s/blog_6943970c0102zki9.html	太极乐队.2005-太极好有共鸣廿载情演唱会2CD【新艺宝】【WAV+CUE】
https://blog.sina.com.cn/s/blog_6943970c0102zki8.html	麦浚龙.2003-NEXT.STEP【环球】【WAV+CUE】
https://blog.sina.com.cn/s/blog_6943970c0102zki7.html	吕珊.2015-我最喜愛的XRCD+SHMCD【SONY】【WAV+CUE】
https://blog.sina.com.cn/s/blog_6943970c0102zki6.html	群星.2004-情·深·缘VOL.1至爱动人回忆3CD【环星】【WAV+CUE】
https://blog.sina.com.cn/s/blog_6943970c0102zki4.html	陈健安.2021-未知之知【寰亚】【FLAC分轨】
https://blog.sina.com.cn/s/blog_6943970c0102zki3.html	梅艳芳.2016-GREATEST.HITS.UPM【华星】【WAV+CUE】
https://blog.sina.com.cn/s/blog_6943970c0102zki2.html	茄子蛋.2017-卡通人物【FLAC分轨】
https://blog.sina.com.cn/s/blog_6943970c0102zki1.html	群星.1993-难忘的回忆-宝丽金精选8CD【WAV+CUE】
https://blog.sina.com.cn/s/blog_6943970c0102zki0.html	金门王李炳辉.1997-流浪到淡水（引进版）【滚石】【WAV+CUE】
https://blog.sina.com.cn/s/blog_6943970c0102zkhz.html	黄晓君.1993-精粹集5CD【丽风】【WAV+CUE】
https://blog.sina.com.cn/s/blog_6943970c0102zkhy.html	张浅潜.2023-心火【FLAC分轨】
https://blog.sina.com.cn/s/blog_6943970c0102zkhv.html	邓妙华.2006-出发【华特音乐】【WAV+CUE】
https://blog.sina.com.cn/s/blog_6943970c0102zkht.html	陈百潭.1994-梦再望【名冠】【WAV+CUE】
https://blog.sina.com.cn/s/blog_6943970c0102zkhs.html	蔡惠英.1985-我的眼睛好疲倦-烟雨濛濛（TP版）【大联机构】【WAV+C…
https://blog.sina.com.cn/s/blog_6943970c0102zkhr.html	阿兰.2008-懐かしい未来~longingfuture~【艾回】【WAV+CUE】
https://blog.sina.com.cn/s/blog_6943970c0102zkhq.html	BEYOND.2000-BEST.OF.MILLENNIUM.2CD【新艺宝】【WAV+CUE】
https://blog.sina.com.cn/s/blog_6943970c0102zkhp.html	1976.乐团2000-方向感【水晶唱片】【WAV+CUE】
https://blog.sina.com.cn/s/blog_6943970c0102zkho.html	李玖哲.2017-还会记得吗【麻吉娱乐】【WAV+CUE】
https://blog.sina.com.cn/s/blog_6943970c0102zkhn.html	黄妍.2023-4891【SONY】【FLAC分轨】
https://blog.sina.com.cn/s/blog_6943970c0102zkhm.html	林忆莲.2015-色彩回忆30莲3CD【SONY】【WAV+CUE】
https://blog.sina.com.cn/s/blog_6943970c0102zkhk.html	王菀之.2017-MUCH.FEELING.LITTLE.THINKING【寰亚】【WAV+CUE】
https://blog.sina.com.cn/s/blog_6943970c0102zkhj.html	群星.2004-情感万花筒·滚石香港十周年演唱会庆典3CD【滚石】【WAV+…
https://blog.sina.com.cn/s/blog_6943970c0102zkhi.html	黄丽卿.1992-一见卿心2CD【音乐谷】【WAV+CUE】
https://blog.sina.com.cn/s/blog_6943970c0102zkhh.html	黑名单工作室.1996-摇篮曲【魔岩】【WAV+CUE】
https://blog.sina.com.cn/s/blog_6943970c0102zkhg.html	花本兰.1985-花本兰同名专辑【IC】【WAV+CUE】
https://blog.sina.com.cn/s/blog_6943970c0102zkhf.html	张学友.2010-PRIVATE.CORNER迷你音乐会HQCD2CD【环球】【WAV+CUE】
https://blog.sina.com.cn/s/blog_6943970c0102zkhe.html	小河.2002-飞的高的鸟不落在跑不快的牛的背上【摩登天空】【WAV+CU…
https://blog.sina.com.cn/s/blog_6943970c0102zkhd.html	阿吉仔.2000-黄金岁月2CD【金圆】【WAV+CUE】
https://blog.sina.com.cn/s/blog_6943970c0102zkhc.html	张栋梁.2023-白夜克拉克（EP）【黑籁音乐】【FLAC分轨】
https://blog.sina.com.cn/s/blog_6943970c0102zkhb.html	群星.2003-金曲满天星演唱会3CD【环星】【WAV+CUE】
https://blog.sina.com.cn/s/blog_6943970c0102zkha.html	群星.1998-滚石金韵民歌·重新发行纪念首日封（黄金版）【滚石】【W…
https://blog.sina.com.cn/s/blog_6943970c0102zkh9.html	邓紫棋.2023-Revelacin（西班牙语专辑）【FLAC分轨】
https://blog.sina.com.cn/s/blog_6943970c0102zkh8.html	李克勤.2001-港乐·克勤LIVE2CD【环球】【WAV+CUE】
https://blog.sina.com.cn/s/blog_6943970c0102zkh7.html	李欣芸.2005-国际漫游【滚石】【WAV+CUE】
https://blog.sina.com.cn/s/blog_6943970c0102zkh6.html	黄思婷.2004-问情【豪记】【WAV+CUE】
https://blog.sina.com.cn/s/blog_6943970c0102zkh5.html	群星.1995-精选国语金曲2辑【环星】【WAV+CUE】
https://blog.sina.com.cn/s/blog_6943970c0102zkh4.html	孟佳.2023-JIALAND（EP）【有佳文化】【FLAC分轨】
https://blog.sina.com.cn/s/blog_6943970c0102zkh3.html	薛岳.1993-热力选集【曲盟唱片】【WAV+CUE】
https://blog.sina.com.cn/s/blog_6943970c0102zkh2.html	许志安.1990-许志安（华星40金碟复刻版）【华星】【WAV+CUE】
https://blog.sina.com.cn/s/blog_6943970c0102zkh1.html	群星.2021-陪你一起长大电视原声带【众匠文化】【FLAC分轨】
https://blog.sina.com.cn/s/blog_6943970c0102zkh0.html	黄翠珊.2003-I.Wish.You.Love【KING】【WAV+CUE】
https://blog.sina.com.cn/s/blog_6943970c0102zkgz.html	刘雅丽.2003-约会2辑【音乐堡】【WAV+CUE】
https://blog.sina.com.cn/s/blog_6943970c0102zkgy.html	谭咏麟李克勤.2014-左麟右李十周年演唱会3CD【环球】【WAV+CUE】
https://blog.sina.com.cn/s/blog_6943970c0102zkgx.html	蔡琴.2004-抒琴时间2CD【EMI百代】【WAV+CUE】
https://blog.sina.com.cn/s/blog_6943970c0102zkgw.html	李琛.2004-孤独的小船【雅恒文化】【WAV+CUE】
https://blog.sina.com.cn/s/blog_6943970c0102zkgu.html	何欣穗.1999-完美小姐【喜乐音音乐】【WAV+CUE】
https://blog.sina.com.cn/s/blog_6943970c0102zkgs.html	腾格尔.2000-腾格尔【泰达】【WAV+CUE】
https://blog.sina.com.cn/s/blog_6943970c0102zkgr.html	蔡健雅.2018-割爱（EP）【环球】【WAV分轨】
https://blog.sina.com.cn/s/blog_6943970c0102zkgq.html	谭咏麟李克勤.2009-左麟右李演唱会3CD【环球】【WAV+CUE】
https://blog.sina.com.cn/s/blog_6943970c0102zkgo.html	秀兰玛雅.2019-绣一蕊花【米乐士】【FLAC分轨】
https://blog.sina.com.cn/s/blog_6943970c0102zkgn.html	林淑娟.2012-真情魅力金曲2CD（南方金点系列）【南方】【WAV+CUE】
https://blog.sina.com.cn/s/blog_6943970c0102zkgl.html	刘柏辛.2022-幸福星【泥鞋文化】【FLAC分轨】
https://blog.sina.com.cn/s/blog_6943970c0102zkgj.html	布仁巴雅尔.2023-雪落原野【星外星】【WAV+CUE】
https://blog.sina.com.cn/s/blog_6943970c0102zkgi.html	吴涤清.2000-烟花三月【音乐家】【WAV+CUE】
https://blog.sina.com.cn/s/blog_6943970c0102zkgh.html	许书豪.2023-最美的地方【华纳】【FLAC分轨】
https://blog.sina.com.cn/s/blog_6943970c0102zkgg.html	林翠萍.1999-爱做梦的人【信昌】【WAV+CUE】
https://blog.sina.com.cn/s/blog_6943970c0102zkgd.html	MC.HotDog.2006-Wake.Up【滚石】【FLAC分轨】
https://blog.sina.com.cn/s/blog_6943970c0102zkgc.html	谭咏麟李克勤.2003-左麟右李2003演唱会3CD【环球】【WAV+CUE】
https://blog.sina.com.cn/s/blog_6943970c0102zkgb.html	龙飘飘.2015-龙飘飘之歌精选辑6CD【丰荣】【WAV+CUE】
https://blog.sina.com.cn/s/blog_6943970c0102zkga.html	萧福德.1992-华西街的一蕊花【飞碟】【WAV+CUE】
https://blog.sina.com.cn/s/blog_6943970c0102zkg9.html	王菲.1994-迷（2023MQA-UHQCD限量版）【环球】【WAV+CUE】
https://blog.sina.com.cn/s/blog_6943970c0102zkg7.html	群星.1997-滚石院线VOL.1【滚石】【WAV+CUE】
https://blog.sina.com.cn/s/blog_6943970c0102zkg6.html	黎明张敬轩.2021-乾杯OldFashioned（EP）【Amusic】【FLAC分轨】
https://blog.sina.com.cn/s/blog_6943970c0102zkg5.html	沈小岑林端.1984-血疑·音乐歌曲集（TP版）【太平洋影音】【WAV+CUE…
https://blog.sina.com.cn/s/blog_6943970c0102zkg4.html	乱弹.1997-希望（引进版）【飞碟】【WAV+CUE】
https://blog.sina.com.cn/s/blog_6943970c0102zkg3.html	张国荣.1989-Leslie（2023环球MQAUHQCD限量版）【新艺宝】【WAV+CU…
https://blog.sina.com.cn/s/blog_6943970c0102zkg2.html	江玲.2007-小百合精粹辑2CD【南方】【WAV+CUE】
https://blog.sina.com.cn/s/blog_6943970c0102zkg1.html	群星.2012-犀利人妻电影原声带【滚石】【FLAC分轨】
https://blog.sina.com.cn/s/blog_6943970c0102zkfz.html	阿云嘎.2022-临川四梦（EP）【AYG剧团】【FLAC分轨】
https://blog.sina.com.cn/s/blog_6943970c0102zkfy.html	江淑娜.1988-在水一方【风格】【WAV+CUE】
https://blog.sina.com.cn/s/blog_6943970c0102zkfx.html	群星.1999-宝莲灯电影原声音乐（引进版）【滚石】【WAV+CUE】
https://blog.sina.com.cn/s/blog_6943970c0102zkfw.html	张学友.1993-吻别（2023环球MQAUHQCD限量版）【环球】【WAV+CUE】
https://blog.sina.com.cn/s/blog_6943970c0102zkfv.html	群星.1992-大家乐·周华健李宗盛陈淑桦赵传大陆演唱会专辑【滚石】…
https://blog.sina.com.cn/s/blog_6943970c0102zkfu.html	刘家昌.1986-经典金曲【月昇】【WAV+CUE】
https://blog.sina.com.cn/s/blog_6943970c0102zkft.html	洪百慧.2011-红百慧【美华影音】【WAV+CUE】
https://blog.sina.com.cn/s/blog_6943970c0102zkfr.html	邓丽君.2014-歌林黑胶复刻系列17CD【歌林】【WAV+CUE】
https://blog.sina.com.cn/s/blog_6943970c0102zkfq.html	叶倩文.2012-True.Legend.6CD【华纳】【WAV+CUE】
https://blog.sina.com.cn/s/blog_6943970c0102zkfp.html	纪炎炎.1997-寻找爱情【华纳】【WAV+CUE】
https://blog.sina.com.cn/s/blog_6943970c0102zkfm.html	江映蓉.2019-10（EP）【乐动时代】【FLAC分轨】
https://blog.sina.com.cn/s/blog_6943970c0102zkfl.html	群星.2003-情感万花筒2CD【滚石】【WAV+CUE】
https://blog.sina.com.cn/s/blog_6943970c0102zkfk.html	伦永亮.1994-真情友情音乐旅程演唱会2CD【嘉音】【WAV+CUE】
https://blog.sina.com.cn/s/blog_6943970c0102zkfj.html	关淑怡.1995-EX.All.Time.Favourites（2023MQA-UHQCD限量版）【环…
https://blog.sina.com.cn/s/blog_6943970c0102zkfi.html	陈百强.2013-TRUE.LEGEND.6CD【华纳】【WAV+CUE】
https://blog.sina.com.cn/s/blog_6943970c0102zkfh.html	群星.1991-华纳白金经典13首7CD【华纳】【WAV+CUE】
https://blog.sina.com.cn/s/blog_6943970c0102zkfg.html	蔡秋凤.1988-船过水无痕·醉袂停【爱莉亚】【WAV+CUE】
https://blog.sina.com.cn/s/blog_6943970c0102zkff.html	周华健.2000-亚洲金曲精选2000（日版）【滚石】【WAV+CUE】
https://blog.sina.com.cn/s/blog_6943970c0102zkfe.html	阿鲁阿卓.2013-美丽中国【星文】【WAV+CUE】
https://blog.sina.com.cn/s/blog_6943970c0102zkfd.html	群星.1998-花木兰电影原声带（国际中文版）【滚石】【WAV+CUE】
https://blog.sina.com.cn/s/blog_6943970c0102zkfb.html	王杰.2013-TRUE.LEGEND。6CD【华纳】【WAV+CUE】
https://blog.sina.com.cn/s/blog_6943970c0102zkf9.html	群星.2003-金曲银禧75年纪念4CD【IFPI】【WAV+CUE】
https://blog.sina.com.cn/s/blog_6943970c0102zkf8.html	原子邦妮.2021-如果我有勇气失去你【滚石】【FLAC分轨】
https://blog.sina.com.cn/s/blog_6943970c0102zkf7.html	林淑娟.1998-恋歌金曲·明日天涯【南方】【WAV+CUE】
https://blog.sina.com.cn/s/blog_6943970c0102zkf6.html	黄西田.1964-流浪到台北（2016乡城复刻版）【乡城】【WAV+CUE】
https://blog.sina.com.cn/s/blog_6943970c0102zkf5.html	谭咏麟.1984-雾之恋（2023MQA-UHQCD限量版）【环球】【WAV+CUE】
https://blog.sina.com.cn/s/blog_6943970c0102zkf4.html	成龙.1986-成龙（2013华星40金碟限量版）【华星】【WAV+CUE】
https://blog.sina.com.cn/s/blog_6943970c0102zkf1.html	邓丽君.1973-唐伯虎点秋香（2005迪安复黑版）【丽风】【WAV+CUE】
https://blog.sina.com.cn/s/blog_6943970c0102zkez.html	群星.2007-命中注定我爱你电视原声带【滚石】【FLAC分轨】
https://blog.sina.com.cn/s/blog_6943970c0102zkey.html	陈嘉桦.2007-蔷蔷纪念EP【华研国际】【FLAC+CUE】
https://blog.sina.com.cn/s/blog_6943970c0102zkew.html	董事长乐团.2005-找一个新世界（引进版）【典选音乐】【WAV+CUE】
https://blog.sina.com.cn/s/blog_6943970c0102zkev.html	西卿.1981-海边思情苦海女神龙（2016飞跃复刻版）【乡城】【WAV+CU…
https://blog.sina.com.cn/s/blog_6943970c0102zkeu.html	卢冠廷.1989-卢冠廷（3寸细碟）（2015环球复刻版）【EMI百代】【WA…
https://blog.sina.com.cn/s/blog_6943970c0102zket.html	温拿乐队.1978-大家乐（2016环球复黑版）【宝丽金】【WAV+CUE】
https://blog.sina.com.cn/s/blog_6943970c0102zkes.html	LMF.2000-大懶堂【华纳】【WAV+CUE】
https://blog.sina.com.cn/s/blog_6943970c0102zker.html	陈慧娴.1992-归来吧（2023环球MQAUHQCD限量版）【环球】【WAV+CUE…
https://blog.sina.com.cn/s/blog_6943970c0102zkeo.html	叶颖.2022-活得像自己的名字【滚石】【WAV+CUE】
https://blog.sina.com.cn/s/blog_6943970c0102zkem.html	陈晓东.2008-LOVEMOMENTS新曲+精选CD【ECM】【WAV+CUE】
https://blog.sina.com.cn/s/blog_6943970c0102zkel.html	罗大佑.2002-昨日至今（罗大佑完全创作集）【音乐工厂】【WAV+CUE…
https://blog.sina.com.cn/s/blog_6943970c0102zkek.html	李玟.2019-YOU.AND.I经典全纪录2CD【环球】【WAV+CUE】
https://blog.sina.com.cn/s/blog_6943970c0102zkeh.html	陈冠希.2001-ED.IS.ON（国）【艾回】【WAV+CUE】
https://blog.sina.com.cn/s/blog_6943970c0102zkeg.html	群星.1998-难兄难弟之神探李奇电视剧原声大碟【丽声】【WAV+CUE】
https://blog.sina.com.cn/s/blog_6943970c0102zkef.html	群星.1997-难兄难弟电视剧原声大碟【丽音】【WAV+CUE】
https://blog.sina.com.cn/s/blog_6943970c0102zkee.html	叶德娴.1986-黑白精选（2016蜚声环球限量版）【环球】【WAV+CUE】
https://blog.sina.com.cn/s/blog_6943970c0102zked.html	洛城三兄弟2003-VERYMUCH全纪录唯一精选CD1【丰华】【WAV+CUE】
https://blog.sina.com.cn/s/blog_6943970c0102zkec.html	群星.1988-假日金曲精选4CD【宝丽金】【WAV+CUE】
https://blog.sina.com.cn/s/blog_6943970c0102zkeb.html	尹毓恪.2023-先窒息，再呼吸（EP）【SONY】【FLAC分轨】
https://blog.sina.com.cn/s/blog_6943970c0102zkea.html	罗志祥.2011-All.For.You超精选3CD【爱贝克思】【WAV+CUE】
https://blog.sina.com.cn/s/blog_6943970c0102zke9.html	罗时丰.1995-茫茫到深更【吉马】【WAV+CUE】
https://blog.sina.com.cn/s/blog_6943970c0102zke5.html	郑兴.2017-忽然有一天，我离开了台北【禾广娱乐】【FLAC分轨】
https://blog.sina.com.cn/s/blog_6943970c0102zke4.html	群星.1996-金韵民歌精典系列3辑【滚石】【WAV+CUE】
https://blog.sina.com.cn/s/blog_6943970c0102zke1.html	洪荣宏.1982-洪荣宏专辑3·行船人的爱（百佳唱片NO.99）【光美】【W…
https://blog.sina.com.cn/s/blog_6943970c0102zke0.html	张学友.1999-有个人（2023蜚声环球限量版）【环球】【WAV+CUE】
https://blog.sina.com.cn/s/blog_6943970c0102zkdz.html	元若蓝.2021-天堂（EP）【乘以三音乐】【FLAC分轨】
https://blog.sina.com.cn/s/blog_6943970c0102zkdy.html	林强.1994-娱乐世界【滚石】【WAV+CUE】
https://blog.sina.com.cn/s/blog_6943970c0102zkdx.html	吕继宏.2002-国泰民安【中唱】【WAV+CUE】
https://blog.sina.com.cn/s/blog_6943970c0102zkdw.html	罗文.2009-一代天骄3CD【华星】【WAV+CUE】
https://blog.sina.com.cn/s/blog_6943970c0102zkdv.html	张舒娟.1995-香槟金曲国语流行典藏版3CD【鹤鸣唱片】【WAV+CUE】
https://blog.sina.com.cn/s/blog_6943970c0102zkdu.html	辛晓琪.1995-LOVERUNSDEEP（EP）【滚石】【WAV+CUE】
https://blog.sina.com.cn/s/blog_6943970c0102zkds.html	张秀卿.1993-想厝的心情【歌林】【WAV+CUE】
https://blog.sina.com.cn/s/blog_6943970c0102zkdr.html	刘美君.2008-大开色界演唱会2CD【新艺宝】【WAV+CUE】
https://blog.sina.com.cn/s/blog_6943970c0102zkdq.html	张学友.1999-走过1999（2023蜚声环球限量版）【环球】【WAV+CUE】
https://blog.sina.com.cn/s/blog_6943970c0102zkdp.html	群星.2007-放羊的星星电视剧原声OST【福茂】【FLAC分轨】
https://blog.sina.com.cn/s/blog_6943970c0102zkdo.html	陈如山.2022-我想拍一部电影（EP）【WIFIMUSIC】【FLAC分轨】
https://blog.sina.com.cn/s/blog_6943970c0102zkdn.html	陈芬兰.1986-怀念国语歌曲专辑【丽歌】【WAV+CUE】
https://blog.sina.com.cn/s/blog_6943970c0102zkdm.html	尤雅.1979-雁儿归（喜玛拉雅复刻版）【海山】【WAV+CUE】
https://blog.sina.com.cn/s/blog_6943970c0102zkdl.html	刘柏辛.2021-上线了.Gone.Gold【泥鞋文化】【FLAC+CUE】
https://blog.sina.com.cn/s/blog_6943970c0102zkdj.html	脆乐团.2019-有多少光就有多少黑【容合音乐】【FLAC分轨】
https://blog.sina.com.cn/s/blog_6943970c0102zkdi.html	洪佩瑜.2022-明室【何乐音乐】【FLAC分轨】
https://blog.sina.com.cn/s/blog_6943970c0102zkdh.html	安溥.2022-9522【联成娱乐】【FLAC分轨】
https://blog.sina.com.cn/s/blog_6943970c0102zkdg.html	郑宜农.2022-水逆【火气音乐】【FLAC分轨】
https://blog.sina.com.cn/s/blog_6943970c0102zkdf.html	彭佳慧.2022-我在客厅做的梦【SONY】【FLAC分轨】
https://blog.sina.com.cn/s/blog_6943970c0102zkde.html	黄丽玲.2022-Link【SONY】【FLAC分轨】
https://blog.sina.com.cn/s/blog_6943970c0102zkdd.html	HUSH.2022-娱乐自己【相信音乐】【FLAC分轨】
https://blog.sina.com.cn/s/blog_6943970c0102zkdc.html	熊仔.2021-PRO【SONY】【FLAC分轨】
https://blog.sina.com.cn/s/blog_6943970c0102zkd8.html	四朵金花.1975-世界真细肖欢笑乐园开心地（LP版）【EMI百代】【WAV…
https://blog.sina.com.cn/s/blog_6943970c0102zkd7.html	甄妮.1999-甄妮金曲精选CD01【金音符】【WAV+CUE】
https://blog.sina.com.cn/s/blog_6943970c0102zkd4.html	梅艳芳.1988-百变梅艳芳再展光华87-88演唱会【华星】【WAV+CUE】
https://blog.sina.com.cn/s/blog_6943970c0102zkd3.html	白冰冰.1990-今夜的酒杯【荣星】【WAV+CUE】
https://blog.sina.com.cn/s/blog_6943970c0102zkd2.html	郁可唯.2014-温水【娱通文化】【WAV+CUE】
https://blog.sina.com.cn/s/blog_6943970c0102zkd0.html	吴浩康.2007-3D新曲+精选2CD【英皇娱乐】【WAV+CUE】
https://blog.sina.com.cn/s/blog_6943970c0102zkcz.html	张学友.1997-想和你去吹吹风（2023蜚声环球限量版）【环球】【WAV+…
https://blog.sina.com.cn/s/blog_6943970c0102zkcy.html	张杏月.2002-望春风·新加坡音乐会现场录音【雨果】【WAV+CUE】
https://blog.sina.com.cn/s/blog_6943970c0102zkcx.html	陈洁灵.1994-ImPossible（英专）【WAV+CUE】
https://blog.sina.com.cn/s/blog_6943970c0102zkcw.html	群星.1996-对酒当歌·酒歌集锦【太平洋影音】【WAV+CUE】
https://blog.sina.com.cn/s/blog_6943970c0102zkcv.html	彭羚.1996.06-完全因你精选（1998天龙版）【EMI百代】【WAV+CUE】
https://blog.sina.com.cn/s/blog_6943970c0102zkcu.html	徐小凤.2004-精选22首（永恒靓绝24K金碟）【永恒】【WAV+CUE】
https://blog.sina.com.cn/s/blog_6943970c0102zkcs.html	群星.1990-永恒金曲镭射大碟3辑【永恒】【WAV+CUE】
https://blog.sina.com.cn/s/blog_6943970c0102zkcq.html	郑伊健.2001-MYSELF【英皇娱乐】【WAV+CUE】
https://blog.sina.com.cn/s/blog_6943970c0102zkcp.html	崔健.2007-新长征路上的电子摇滚混音纪念CD【WAV+CUE】
https://blog.sina.com.cn/s/blog_6943970c0102zkcn.html	周冰倩.2002-二胡情书【中唱】【WAV+CUE】
https://blog.sina.com.cn/s/blog_6943970c0102zkcm.html	张智成.2009-暗恋（马来版）【自成一格】【WAV+CUE】
https://blog.sina.com.cn/s/blog_6943970c0102zkcl.html	群星.1999-行雷闪电唔好畀我停我唔系音乐剧原声大碟【正东】【WAV+…
https://blog.sina.com.cn/s/blog_6943970c0102zkck.html	陈雷.1993-往事就是我的安慰【金圆唱片】【WAV+CUE】
https://blog.sina.com.cn/s/blog_6943970c0102zkcj.html	莎莉.1967-群星会4·莎莉【丽歌】【WAV+CUE】
https://blog.sina.com.cn/s/blog_6943970c0102zkci.html	张学友.2000-Jacky.Cheung.15（2023蜚声环球限量版）【环球】【WAV…
https://blog.sina.com.cn/s/blog_6943970c0102zkch.html	群星.2017-行徒使者2电视原声带（EP）【星娱乐】【WAV分轨】
https://blog.sina.com.cn/s/blog_6943970c0102zkcg.html	芭比.2003-魔力HDCD（引进版）【飞碟】【WAV+CUE】
https://blog.sina.com.cn/s/blog_6943970c0102zkcf.html	陈楚生.2018-七分之一的理想Live【星外星】【WAV+CUE】
https://blog.sina.com.cn/s/blog_6943970c0102zkce.html	陶喆.1999-Im.OK【侠客唱片】【WAV+CUE】
https://blog.sina.com.cn/s/blog_6943970c0102zkcd.html	王力宏.1995-情敌贝多芬（首专）【BMG】【WAV+CUE】
https://blog.sina.com.cn/s/blog_6943970c0102zkcc.html	群星.1998-我是谁-电影主题曲电影原创音乐【滚石】【WAV+CUE】
https://blog.sina.com.cn/s/blog_6943970c0102zkc9.html	朱哲琴.2001-一个真实的故事【新时代】【WAV+CUE】
https://blog.sina.com.cn/s/blog_6943970c0102zkc7.html	陈逸璇.2022-PRESENT【环球】【FLAC分轨】
https://blog.sina.com.cn/s/blog_6943970c0102zkc6.html	张学友.1996-忘记你我做不到（2023蜚声环球限量版）【环球】【WAV+…
https://blog.sina.com.cn/s/blog_6943970c0102zkc5.html	郑伊健陈小春.2013-友情岁月3CD【SONY】【WAV+CUE】
https://blog.sina.com.cn/s/blog_6943970c0102zkc4.html	草蜢.1995-东京·香港（2012环球K2HD限量版）【宝丽金】【WAV+CUE】…
https://blog.sina.com.cn/s/blog_6943970c0102zkc3.html	谢采妘.1998-柔情贴心之旅2CD（南方金点系列）【南方】【WAV+CUE】
https://blog.sina.com.cn/s/blog_6943970c0102zkc2.html	张学友.1997-雪狼湖2CD（2023蜚声环球限量版）【环球】【WAV+CUE】
https://blog.sina.com.cn/s/blog_6943970c0102zkc1.html	群星.2011-顾嘉辉大师经典K2HD【娱乐唱片】【WAV+CUE】
https://blog.sina.com.cn/s/blog_6943970c0102zkc0.html	蔡健雅.2021-DEPART【环球】【FLAC分轨】
https://blog.sina.com.cn/s/blog_6943970c0102zkby.html	姜昕.2006-从春到..秋（EP）【摩登天空】【WAV+CUE】
https://blog.sina.com.cn/s/blog_6943970c0102zkbx.html	群星.2003-倚天屠龙记电视剧原声大碟【上海声像】【WAV+CUE】
https://blog.sina.com.cn/s/blog_6943970c0102zkbw.html	许冠杰.1986-巨片名曲丫宝丽金】【WAV+CUE】
https://blog.sina.com.cn/s/blog_6943970c0102zkbv.html	梁凡.2020-阿楚姑娘LECD【永声】【WAV+CUE】
https://blog.sina.com.cn/s/blog_6943970c0102zkbu.html	动力火车.2016-20新歌DUTE精选2CD【华研国际】【WAV+CUE】
https://blog.sina.com.cn/s/blog_6943970c0102zkbr.html	张学友.1997-不老的传说（2023蜚声环球限量版）【环球】【WAV+CUE…
https://blog.sina.com.cn/s/blog_6943970c0102zkbq.html	程璧.2017-步履不停【风潮】【WAV+CUE】
https://blog.sina.com.cn/s/blog_6943970c0102zkbo.html	小熊饼干.2009-你要的我都有【中映良品】【WAV+CUE】
https://blog.sina.com.cn/s/blog_6943970c0102zkbn.html	刘文正.2009-恋曲名典2CD（南方金点系列）【南方】【WAV+CUE】
https://blog.sina.com.cn/s/blog_6943970c0102zkbm.html	蛋堡.2022-家常音乐【任性的人】【FLAC分轨】
https://blog.sina.com.cn/s/blog_6943970c0102zkbj.html	毛阿敏.2023-天之大ReMix重制珍藏版【龙源】【WAV+CUE】
https://blog.sina.com.cn/s/blog_6943970c0102zkbi.html	侧田.2022-LOVE.SONGS.FROM.DREAMS【环球】【FLAC分轨】
https://blog.sina.com.cn/s/blog_6943970c0102zkbh.html	张学友.1998-不后悔（2023蜚声环球限量版）【环球】【WAV+CUE】
https://blog.sina.com.cn/s/blog_6943970c0102zkbf.html	辛晓琪.1990-在你背影守候【福茂】【WAV+CUE】
https://blog.sina.com.cn/s/blog_6943970c0102zkbe.html	黄少谷.2017-未来【喜欢音乐】【WAV+CUE】
https://blog.sina.com.cn/s/blog_6943970c0102zkbd.html	群星.1993-异域孤军电影原声带【滚石】【WAV+CUE】
https://blog.sina.com.cn/s/blog_6943970c0102zkbc.html	群星.1990-异域电影原声带【飞碟】【WAV+CUE】
https://blog.sina.com.cn/s/blog_6943970c0102zkbb.html	卓依婷.1999-蝴蝶情事5CD【丽海明珠】【FLAC+CUE】
https://blog.sina.com.cn/s/blog_6943970c0102zkba.html	周子寒.1992-谈琴说爱1（钢琴独奏）【蓝与白】【WAV+CUE】
https://blog.sina.com.cn/s/blog_6943970c0102zkb9.html	周迅.2013-夏天【华纳】【WAV+CUE】
https://blog.sina.com.cn/s/blog_6943970c0102zkb8.html	张学友.1998-释放自己（2023蜚声环球限量版）【环球】【WAV+CUE】
https://blog.sina.com.cn/s/blog_6943970c0102zkb6.html	田震.2001-依然在飞新歌+精丫红星生产社】【WAV+CUE】
https://blog.sina.com.cn/s/blog_6943970c0102zkb4.html	王若琳.2011-博尼的大冒险【SONY】【WAV+CUE】
https://blog.sina.com.cn/s/blog_6943970c0102zkb2.html	许明明.2021-你说的都对，但NOBODYCARES（EP）【风华秋实】【FLAC…
https://blog.sina.com.cn/s/blog_6943970c0102zkb1.html	谢安琪.2009-呐喊演唱会20092CD【新艺宝】【WAV+CUE】
https://blog.sina.com.cn/s/blog_6943970c0102zkb0.html	林冠中.1997-寂寞的眠床【捷登】【WAV+CUE】
https://blog.sina.com.cn/s/blog_6943970c0102zkaz.html	郑吟秋.2001-经典金曲珍藏版2CD【东尼机构】【WAV+CUE】
https://blog.sina.com.cn/s/blog_6943970c0102zkay.html	张小英.2007-经典金曲2CD【皇星全音】【WAV+CUE】
https://blog.sina.com.cn/s/blog_6943970c0102zkau.html	群星.1991-斟情手记（梁文福抒情作品1987－1990）【冠和】【WAV+CU…
https://blog.sina.com.cn/s/blog_6943970c0102zkat.html	黄名伟.1998-黑夜之子【BMG】【WAV+CUE】
https://blog.sina.com.cn/s/blog_6943970c0102zkap.html	告五人.2023-带你飞【STREETVOICE】【FLAC分轨】
https://blog.sina.com.cn/s/blog_6943970c0102zkao.html	孙盛希.2018-希游记-藏金版【滚石】【FLAC分轨】
https://blog.sina.com.cn/s/blog_6943970c0102zkal.html	旅行团.2013-于是我不再唱歌【摩登天空】【WAV+CUE】
https://blog.sina.com.cn/s/blog_6943970c0102zkaj.html	群星.1993-火热动感93劲秋版【华星】【WAV+CUE】
https://blog.sina.com.cn/s/blog_6943970c0102zkai.html	群星.1993-火热动感·爱情动感LALALA（华星40金碟复刻版）【华星】…
https://blog.sina.com.cn/s/blog_6943970c0102zkah.html	朱海君.2016-望露的春花【豪记】【WAV+CUE】
https://blog.sina.com.cn/s/blog_6943970c0102zkag.html	谢采妘.2000-缘（南方典藏金碟）【南方】【WAV+CUE】
https://blog.sina.com.cn/s/blog_6943970c0102zkaf.html	张艺兴.2020-莲【FLAC分轨】
https://blog.sina.com.cn/s/blog_6943970c0102zkae.html	康乔江梦蕾.2009-黄梅调经典系列【华声】【WAV+CUE】
https://blog.sina.com.cn/s/blog_6943970c0102zka9.html	范晓萱李乐诗陈洁仪.1998-拉阔音乐会【新艺宝】【WAV+CUE】
https://blog.sina.com.cn/s/blog_6943970c0102zka8.html	邓瑞霞.1994-明日【JAZZ】【WAV+CUE】
https://blog.sina.com.cn/s/blog_6943970c0102zka6.html	陈鸿宇.2021-步履不停【众乐纪】【WAV+CUE】
https://blog.sina.com.cn/s/blog_6943970c0102zka5.html	张学友.1995-真爱新曲+真正精选（2023蜚声环球限量版）【环球】【W…
https://blog.sina.com.cn/s/blog_6943970c0102zka4.html	王建杰.1989-最爱的人【乡城】【WAV+CUE】
https://blog.sina.com.cn/s/blog_6943970c0102zka3.html	王力宏.2003-爱の奇迹（日版EP）【SONY】【WAV+CUE】
https://blog.sina.com.cn/s/blog_6943970c0102zka2.html	群星.1991-高传真国语金曲精选3CD【高传真】【WAV+CUE】
https://blog.sina.com.cn/s/blog_6943970c0102zka0.html	群星.1999-末世纪狂摇滚演唱会LIVE实况【上华】【WAV+CUE】
https://blog.sina.com.cn/s/blog_6943970c0102zk9z.html	冯曦妤.2010-Sweet.Melody【SONY】【WAV+CUE】
https://blog.sina.com.cn/s/blog_6943970c0102zk9y.html	群星.1998-天浴电影原著音乐【滚石】【WAV+CUE】
https://blog.sina.com.cn/s/blog_6943970c0102zk9x.html	蔡琴.1984-此情可待（2020新世纪24KGOLD限量版）【永声】【WAV+CUE…
https://blog.sina.com.cn/s/blog_6943970c0102zk9v.html	刘铮.1994-南下列车【音乐田】【WAV+CUE】
https://blog.sina.com.cn/s/blog_6943970c0102zk9u.html	声音碎片.2008-把光芒洒向更开阔的地方【摩登天空】【WAV+CUE】
https://blog.sina.com.cn/s/blog_6943970c0102zk9t.html	翁立友.2006-因为你的爱【豪记】【WAV+CUE】
https://blog.sina.com.cn/s/blog_6943970c0102zk9q.html	群星.1994-秋菊打官司电影原声大碟【滚石】【WAV+CUE】
https://blog.sina.com.cn/s/blog_6943970c0102zk9p.html	陈明憙.2018－黑白彩虹【少城时代】【FLAC分轨】
https://blog.sina.com.cn/s/blog_6943970c0102zk9o.html	黄凯芹.2003-WISH.YOU.WERE.HERE【环球】【WAV+CUE】
https://blog.sina.com.cn/s/blog_6943970c0102zk9n.html	钟镇涛.2013-100%.IN.GOOD.K2HD【新世纪】【WAV+CUE】
https://blog.sina.com.cn/s/blog_6943970c0102zk9k.html	张学友.1994-这个冬天不太冷（2023蜚声环球限量版）【环球】【WAV+…
https://blog.sina.com.cn/s/blog_6943970c0102zk9j.html	方婉真.1996-愿望【大旗】【WAV+CUE】
https://blog.sina.com.cn/s/blog_6943970c0102zk9i.html	钟立风.2006-在路旁【太合麦田】【WAV+CUE】
https://blog.sina.com.cn/s/blog_6943970c0102zk9h.html	万沙浪.1991-万沙浪精丫丽风】【WAV+CUE】
https://blog.sina.com.cn/s/blog_6943970c0102zk9g.html	张杰.2023-时光音乐会【金蜂】【WAV+CUE】
https://blog.sina.com.cn/s/blog_6943970c0102zk9d.html	伍佰.2023-纯白的起点【环球】【WAV+CUE】
https://blog.sina.com.cn/s/blog_6943970c0102zk9b.html	姚乙.1983-往事只能回味（2015复刻版）【丽风】【WAV+CUE】
https://blog.sina.com.cn/s/blog_6943970c0102zk9a.html	张学友.1995-拥友（2023蜚声环球限量版）【环球】【WAV+CUE】
https://blog.sina.com.cn/s/blog_6943970c0102zk99.html	郭健一.2009-爱你不应该【上登】【WAV+CUE】
https://blog.sina.com.cn/s/blog_6943970c0102zk98.html	周冰倩.1994-梦醒时分【金辉煌】【WAV+CUE】
https://blog.sina.com.cn/s/blog_6943970c0102zk97.html	郑丽丝.1989-十诫（LP版）【大声音乐】【WAV+CUE】
https://blog.sina.com.cn/s/blog_6943970c0102zk95.html	拾叁乐团.2006-你是王吗？【典选音乐】【FLAC分轨】
https://blog.sina.com.cn/s/blog_6943970c0102zk94.html	陈珊妮.2008-如果有一件事是重要的2CD【亚神音乐】【WAV+CUE】
https://blog.sina.com.cn/s/blog_6943970c0102zk93.html	群星.2012-Y100+黄伟文大选3CD【环球】【WAV+CUE】
https://blog.sina.com.cn/s/blog_6943970c0102zk92.html	江蕙.2015-引退封麦特辑16CD【芮河】【WAV+UCE】
https://blog.sina.com.cn/s/blog_6943970c0102zk91.html	张学友.1995-三年两语（2023蜚声环球限量版）【环球】【WAV+CUE】
https://blog.sina.com.cn/s/blog_6943970c0102zk90.html	百合花乐团.2019-烧金蕉【洗耳恭听】【FLAC分轨】
https://blog.sina.com.cn/s/blog_6943970c0102zk8z.html	刘铮.1991-摇滚太保【林杰唱片】【WAV+CUE】
https://blog.sina.com.cn/s/blog_6943970c0102zk8y.html	康乔.2003-金碟经典系列VOL.1【华声】【WAV+CUE】
https://blog.sina.com.cn/s/blog_6943970c0102zk8x.html	王力宏.2010-十八般武艺【SONY】【WAV+CUE】.
https://blog.sina.com.cn/s/blog_6943970c0102zk8v.html	黄晓君.2000-不朽巨星·名曲珍藏2CD【丽风】【WAV+CUE】
https://blog.sina.com.cn/s/blog_6943970c0102zk8u.html	张敬轩.2016-VIBES（EP）【英皇娱乐】【WAV+CUE】
https://blog.sina.com.cn/s/blog_6943970c0102zk8t.html	黄韵玲.1996-我想要一个小孩【友善的狗】【WAV+CUE】
https://blog.sina.com.cn/s/blog_6943970c0102zk8s.html	群星.1999-音乐爱情大辞典·滚石女性经典2辑【滚石】【WAV+CUE】
https://blog.sina.com.cn/s/blog_6943970c0102zk8r.html	田震.1984-无名的小花（2001京文再版）【浪花】【WAV+CUE】
https://blog.sina.com.cn/s/blog_6943970c0102zk8q.html	冯德伦.2000-4.GREEN.HOPES（EP）【发记】【WAV+CUE】
https://blog.sina.com.cn/s/blog_6943970c0102zk8p.html	张学友.1994-饿狼传说（2023蜚声环球限量版）【环球】【WAV+CUE】
https://blog.sina.com.cn/s/blog_6943970c0102zk8o.html	郭金发.1988-台湾人的歌-演唱系列2辑【太笙唱片】【WAV+CUE】
https://blog.sina.com.cn/s/blog_6943970c0102zk8n.html	张惠妹.2009-阿密特【金牌大风】【WAV+CUE】
https://blog.sina.com.cn/s/blog_6943970c0102zk8l.html	张学友.1995-过敏世界（2023蜚声环球限量版）【环球】【WAV+CUE】
https://blog.sina.com.cn/s/blog_6943970c0102zk8k.html	林淑娟.1998-金曲黄梅调【风格】【WAV+CUE】
https://blog.sina.com.cn/s/blog_6943970c0102zk8j.html	群星.2006-花样少年少女电视原声带【华研国际】【FLAC+CUE】
https://blog.sina.com.cn/s/blog_6943970c0102zk8i.html	林美惠.1989-深情的眷恋（LP版）【风格】【WAV+CUE】
https://blog.sina.com.cn/s/blog_6943970c0102zk8h.html	周艳泓.2001-跟你在一起真好【西蒙国际】【WAV+CUE】
https://blog.sina.com.cn/s/blog_6943970c0102zk8g.html	欧阳靖.2009-免费Rap【JiHK】【WAV+CUE】
https://blog.sina.com.cn/s/blog_6943970c0102zk8f.html	陈鸿宇.2022-请问美好年代怎么去？【FLAC分轨】
https://blog.sina.com.cn/s/blog_6943970c0102zk8e.html	张恒远.2020-用眼泪微笑（EP）【灿星】【WAV分轨】
https://blog.sina.com.cn/s/blog_6943970c0102zk8a.html	谢震霆.2018-爱丽丝Where.Are.We.Going【种子音乐】【FLAC分轨】
https://blog.sina.com.cn/s/blog_6943970c0102zk89.html	裘海正.1996-BUTTERFLY【艺能动音】【WAV+CUE】
https://blog.sina.com.cn/s/blog_6943970c0102zk87.html	群星.2005-雷颂德.BEST.3CD【正东】【WAV+CUE】
https://blog.sina.com.cn/s/blog_6943970c0102zk86.html	小凤凤.2004-拼出头【丽神】【WAV+CUE】
https://blog.sina.com.cn/s/blog_6943970c0102zk85.html	魏晨.2007-乐天派（EP）【天娱传媒】【WAV+CUE】
https://blog.sina.com.cn/s/blog_6943970c0102zk84.html	群星.1997-原唱流行经典名曲5CD【太平洋影音】【WAV+CUE】
https://blog.sina.com.cn/s/blog_6943970c0102zk83.html	李丽珊.2017-Rewind.Be.Kind【新世纪】【WAV+CUE】
https://blog.sina.com.cn/s/blog_6943970c0102zk82.html	高凌风.2009-临风高歌2CD（南方金点系列）【南方】【WAV+CUE】
https://blog.sina.com.cn/s/blog_6943970c0102zk7x.html	JS.2006-苏菲亚的盛宴（EP）【喜玛拉雅】【WAV+CUE】
https://blog.sina.com.cn/s/blog_6943970c0102zk7v.html	凡人二重唱.1994-上诉【歌林】【WAV+CUE】
https://blog.sina.com.cn/s/blog_6943970c0102zk7t.html	凤飞飞.1980-金盏花（飞跃复刻版）【歌林】【WAV+CUE】
https://blog.sina.com.cn/s/blog_6943970c0102zk7s.html	曾心梅.1996-金曲歌后曾心梅2辑【乡城】【FLAC分轨】
https://blog.sina.com.cn/s/blog_6943970c0102zk7r.html	孙燕姿.2014-克卜勒【环球】【WAV+CUE】
https://blog.sina.com.cn/s/blog_6943970c0102zk7o.html	张学友.1993-等你等到我心痛精选（2023蜚声环球限量版）【环球】【…
https://blog.sina.com.cn/s/blog_6943970c0102zk7n.html	毛阿敏.1991-毛阿敏影视歌曲集（TP版）【东方影音】【WAV+CUE】
https://blog.sina.com.cn/s/blog_6943970c0102zk7m.html	温兆伦.1994-我们之间两个世界（国）【飞碟】【WAV+CUE】
https://blog.sina.com.cn/s/blog_6943970c0102zk7l.html	江海迦.2018-Retro.Remix（EP）【环球】【FLAC分轨】
https://blog.sina.com.cn/s/blog_6943970c0102zk7j.html	江玲.1984-爱（2013梦田复刻版）【枫潮】【WAV+CUE】
https://blog.sina.com.cn/s/blog_6943970c0102zk7i.html	吴恩家家.2006-BLUE.IN.LOVE【角头音乐】【FLAC分轨】
https://blog.sina.com.cn/s/blog_6943970c0102zk7h.html	甄妮.1981-心声（LP版）【金音符】【WAV+CUE】
https://blog.sina.com.cn/s/blog_6943970c0102zk7e.html	群星.1995-当代摇滚灵魂·执着【中唱】【WAV+CUE】
https://blog.sina.com.cn/s/blog_6943970c0102zk7d.html	蔡秋凤.2012-离别海岸【上豪】【WAV+CUE】
https://blog.sina.com.cn/s/blog_6943970c0102zk7c.html	春秋乐队.2006-春秋【RHC】【WAV+CUE】
https://blog.sina.com.cn/s/blog_6943970c0102zk7b.html	欧阳菲菲.1973-就这样甜蜜活到底（2016梦田复黑版）【大联机构】【…
https://blog.sina.com.cn/s/blog_6943970c0102zk7a.html	林忆莲.2005-盛放忆莲.BLOSSOM.SANDY.LAM.3CD【SONY】【WAV+CUE】
https://blog.sina.com.cn/s/blog_6943970c0102zk78.html	张学友.1994-偷心（2023蜚声环球限量版）【环球】【WAV+CUE】
https://blog.sina.com.cn/s/blog_6943970c0102zk75.html	卢巧音.2007-PROCESS【SONY】【WAV+CUE】
https://blog.sina.com.cn/s/blog_6943970c0102zk74.html	群星.1999-世纪中文金曲2CD【丽风】【WAV+CUE】
https://blog.sina.com.cn/s/blog_6943970c0102zk73.html	林淑容.2006-恋歌心曲（瑞华黑胶雷射小碟王系列）【瑞华】【WAV+CU…
https://blog.sina.com.cn/s/blog_6943970c0102zk72.html	小凤凤.1998-卡拉OK福建龙虎榜【皇星全音】【WAV+CUE】
https://blog.sina.com.cn/s/blog_6943970c0102zk71.html	梁静茹.2002-TIMELOVE演唱会Live全记录【滚石】【WAV+CUE】
https://blog.sina.com.cn/s/blog_6943970c0102zk70.html	群星.2001-麦兜故事电影原声大碟【BLISS】【WAV+CUE】
https://blog.sina.com.cn/s/blog_6943970c0102zk6z.html	姚乙.2006-爱的你呀何处寻【南方】【WAV+CUE】
https://blog.sina.com.cn/s/blog_6943970c0102zk6x.html	张学友.1996-爱与交响曲（2023蜚声环球限量版）【环球】【WAV+CUE…
https://blog.sina.com.cn/s/blog_6943970c0102zk6v.html	陈珊妮.2004-后来我们都哭了【荒岛网路】【WAV+CUE】
https://blog.sina.com.cn/s/blog_6943970c0102zk6t.html	群星.1994-飞碟精选集【飞碟】【WAV+CUE】
https://blog.sina.com.cn/s/blog_6943970c0102zk6s.html	胡晓晴.1998-百变歌后2辑【俏佳人】【WAV+CUE】
https://blog.sina.com.cn/s/blog_6943970c0102zk6r.html	李进才林秋莺.2007-情歌对唱【南方】【WAV+CUE】
https://blog.sina.com.cn/s/blog_6943970c0102zk6p.html	麦子杰.1998-知己【宝丽金】【FLAC分轨】
https://blog.sina.com.cn/s/blog_6943970c0102zk6o.html	群星.1998-亚洲创作人原音大碟【上华】【WAV+CUE】
https://blog.sina.com.cn/s/blog_6943970c0102zk6n.html	洪百慧.2008-痴情【美华影音】【WAV+CUE】
https://blog.sina.com.cn/s/blog_6943970c0102zk6m.html	李采霞.1986-缘·情梦【风格】【WAV+CUE】
https://blog.sina.com.cn/s/blog_6943970c0102zk6i.html	陈百潭.1991-祝福【吉马】【WAV+CUE】
https://blog.sina.com.cn/s/blog_6943970c0102zk6g.html	李泉.2012-天才与尘埃【当然娱乐】【WAV+CUE】
https://blog.sina.com.cn/s/blog_6943970c0102zk6f.html	汪小敏.2012-宝贝女孩【上海音像】【FLAC分轨】
https://blog.sina.com.cn/s/blog_6943970c0102zk6e.html	群星.2005-真命天女电视原声带【华研国际】【WAV+CUE】
https://blog.sina.com.cn/s/blog_6943970c0102zk6d.html	张国荣.1999-陪你倒数（2013环球K2HD限量版）【环球】【WAV+CUE】
https://blog.sina.com.cn/s/blog_6943970c0102zk6c.html	农夫.2008-举高只手·旧爱新欢全纪录【东亚】【WAV+CUE】
https://blog.sina.com.cn/s/blog_6943970c0102zk6a.html	黄莺莺.1985-拥抱（2014环球复刻版）【宝丽金】【WAV+CUE】
https://blog.sina.com.cn/s/blog_6943970c0102zk68.html	林翠萍.1989-诉别的情愫【星河】【WAV+CUE】
https://blog.sina.com.cn/s/blog_6943970c0102zk67.html	群星.2005-天外飞仙电视原声带【华研国际】【FLAC+CUE】
https://blog.sina.com.cn/s/blog_6943970c0102zk65.html	闪亮三姐妹.2006-老娘就是我【上点】【WAV+CUE】
https://blog.sina.com.cn/s/blog_6943970c0102zk64.html	南征北战NZBZ.2019-隐秘空间【FLAC分轨】
https://blog.sina.com.cn/s/blog_6943970c0102zk63.html	李宗盛.2002-爱上原味2CD【滚石】【WAV+CUE】
https://blog.sina.com.cn/s/blog_6943970c0102zk62.html	S.H.E.2015-你曾是少年（单曲EP）【华研国际】【WAV】
https://blog.sina.com.cn/s/blog_6943970c0102zk61.html	群星.2022-台北女子图鉴影集原声带【相信音乐】【WAV+CUE】
https://blog.sina.com.cn/s/blog_6943970c0102zk60.html	汤宝如.2016-环球萃取K2HD升级精选2辑【环球】【WAV+CUE】
https://blog.sina.com.cn/s/blog_6943970c0102zk5x.html	群星.1995-爸爸妈妈陪我放暑假【宝丽金】【WAV+CUE】
https://blog.sina.com.cn/s/blog_6943970c0102zk5v.html	郑秀文.2014-Sammi.Miracle.Best.Collection.2CD【寰亚唱片】【WAV…
https://blog.sina.com.cn/s/blog_6943970c0102zk5u.html	郭峰.2000-经典【京文】【WAV+CUE】
https://blog.sina.com.cn/s/blog_6943970c0102zk5t.html	廖士贤.2019-西部【角头音乐】【FLAC分轨】
https://blog.sina.com.cn/s/blog_6943970c0102zk5r.html	方瑞蛾.1995-海波浪【歌林】【WAV+CUE】
https://blog.sina.com.cn/s/blog_6943970c0102zk5p.html	韩宝仪林淑娟.1989-情歌新唱2辑【风格】【WAV+CUE】
https://blog.sina.com.cn/s/blog_6943970c0102zk5o.html	欧阳靖.2011-回香靖【BBS】【WAV+CUE】
https://blog.sina.com.cn/s/blog_6943970c0102zk5n.html	旅行团.2017-永远都会在【StreetVoice】【WAV+CUE】
https://blog.sina.com.cn/s/blog_6943970c0102zk5l.html	告五人.2019-我肯定在几百年前就说过爱你【相信音乐】【FLAC分轨】
https://blog.sina.com.cn/s/blog_6943970c0102zk5k.html	群星.2023-好好线上演唱会LIVE全纪录【相信音乐】【FLAC分轨】
https://blog.sina.com.cn/s/blog_6943970c0102zk5j.html	麋鹿乐队.2023-利维坦【智慧小狗】【WAV分轨】
https://blog.sina.com.cn/s/blog_6943970c0102zk5i.html	廖昌永.2007-诺言（意大利艺术歌曲精选）【上海音像】【WAV+CUE】
https://blog.sina.com.cn/s/blog_6943970c0102zk5e.html	蔡振南.1996-南歌【飞碟】【WAV+CUE】
https://blog.sina.com.cn/s/blog_6943970c0102zk5d.html	费玉清.1994-晚安曲【飞碟】【WAV+CUE】
https://blog.sina.com.cn/s/blog_6943970c0102zk5b.html	汤宝如.1994-来吧123（EP）【宝丽金】【WAV+CUE】
https://blog.sina.com.cn/s/blog_6943970c0102zk5a.html	柳爽.2020-1st.星球（EP）【FLAC分轨】
https://blog.sina.com.cn/s/blog_6943970c0102zk58.html	群星.2020-宝丽金50周年国语篇3CD【环球】【WAV+CUE】
https://blog.sina.com.cn/s/blog_6943970c0102zk57.html	群星。2020－宝丽金50周年本地篇3CD【环球】【WAV+CUE】
https://blog.sina.com.cn/s/blog_6943970c0102zk56.html	群星.2010-宝丽金50周年古典篇3CD【环球】【WAV+CUE】
https://blog.sina.com.cn/s/blog_6943970c0102zk55.html	林姗.2013-笑谈人生【豪记】【WAV+CUE】
https://blog.sina.com.cn/s/blog_6943970c0102zk53.html	旅行团.2015-10.Day’s【来福胶泥】【WAV+CUE】
https://blog.sina.com.cn/s/blog_6943970c0102zk52.html	费玉清.1994-晚安曲【飞碟】【WAV+CUE】
https://blog.sina.com.cn/s/blog_6943970c0102zk51.html	瘦子E.SO.2010-灵魂出窍OUTTABODY【STREETVOICE】【FLAC分轨】
https://blog.sina.com.cn/s/blog_6943970c0102zk50.html	群星.2008-大开天窗【相信音乐】【WAV+CUE】
https://blog.sina.com.cn/s/blog_6943970c0102zk4z.html	徐玮.1990-不要走,不要走【清优】【WAV+CUE】
https://blog.sina.com.cn/s/blog_6943970c0102zk4y.html	黄靖伦.2009-OKMan万能先生【华纳】【WAV+CUE】
https://blog.sina.com.cn/s/blog_6943970c0102zk4w.html	阳帆.1990-城市猎人2辑【天王唱片】【WAV+CUE】
https://blog.sina.com.cn/s/blog_6943970c0102zk4v.html	闪亮三姐妹.2005-罗密欧的世界【华特国际】【WAV+CUE】
https://blog.sina.com.cn/s/blog_6943970c0102zk4r.html	群星.2017-爱到那一天李俊伟作品精选辑2CD【文联音像】【WAV+CUE】
https://blog.sina.com.cn/s/blog_6943970c0102zk4q.html	梁心颐.2020-RE(EP)【妹妹娃娃多媒体】【FLAC分轨】
https://blog.sina.com.cn/s/blog_6943970c0102zk4p.html	裘海正.2000-流金十载全记录【上华】【WAV+CUE】
https://blog.sina.com.cn/s/blog_6943970c0102zk4o.html	奚秀兰.1999-王昭君【风行】【WAV+CUE】
https://blog.sina.com.cn/s/blog_6943970c0102zk4l.html	林美音.1996-福建风【瑞华】【WAV+CUE】
https://blog.sina.com.cn/s/blog_6943970c0102zk4i.html	江蕙.1992-酒后的心声【点将】【WAV+CUE】
https://blog.sina.com.cn/s/blog_6943970c0102zk4f.html	蛋堡.2022-家常音乐【任性的人】【FLAC分轨】
https://blog.sina.com.cn/s/blog_6943970c0102zk4e.html	郑少秋.1972-紫色的恋情（2003年岁月留声复刻版）【风行】【WAV+CU…
https://blog.sina.com.cn/s/blog_6943970c0102zk4d.html	胡琳.2006-爱·音符【LMC】【WAV+CUE】
https://blog.sina.com.cn/s/blog_6943970c0102zk4c.html	吴建豪.2013-Different.Man【环球】【FLAC分轨】
https://blog.sina.com.cn/s/blog_6943970c0102zk49.html	雷光夏.2015-不想忘记的声音【SONY】【WAV+CUE】
https://blog.sina.com.cn/s/blog_6943970c0102zk46.html	群星.1995-夜半歌声电影原声带【滚石】【WAV+CUE】
https://blog.sina.com.cn/s/blog_6943970c0102zk45.html	群星.1986-歌林之星精华集1【歌林】【WAV+CUE】
https://blog.sina.com.cn/s/blog_6943970c0102zk44.html	神棍乐团.2019-神一样的存在【风潮】【FLAC分轨】
https://blog.sina.com.cn/s/blog_6943970c0102zk43.html	林佳仪.1997-你是我心中最想离开的依恋【波丽佳音】【WAV+CUE】
https://blog.sina.com.cn/s/blog_6943970c0102zk42.html	区瑞强.2002-环球DSD视听之王【环球】【WAV+CUE】
https://blog.sina.com.cn/s/blog_6943970c0102zk41.html	洪荣宏.1995-新老歌1爱的一生【东达唱片】【WAV+CUE】
https://blog.sina.com.cn/s/blog_6943970c0102zk40.html	麦子杰.1996-雨夜路人【宝丽金】【WAV+CUE】
https://blog.sina.com.cn/s/blog_6943970c0102zk3y.html	闪亮三姐妹.2003-闪亮三姐妹【华特国际】【WAV+CUE】
https://blog.sina.com.cn/s/blog_6943970c0102zk3v.html	张惠妹.2009-阿密特（大碟14）【金牌大风】【WAV+CUE】
https://blog.sina.com.cn/s/blog_6943970c0102zk3u.html	宋念宇.2021-无视【华纳】【FLAC分轨】
https://blog.sina.com.cn/s/blog_6943970c0102zk3t.html	胡海泉.2023-来自备忘录（EP）【巨匠文化】【WAV分轨】
https://blog.sina.com.cn/s/blog_6943970c0102zk3r.html	林淑娟.2010-旧情难忘金曲2辑【南方】【WAV+CUE】
https://blog.sina.com.cn/s/blog_6943970c0102zk3q.html	李玉刚.2011-镜花水月演歌会原声大碟【京文】【WAV+CUE】
https://blog.sina.com.cn/s/blog_6943970c0102zk3p.html	许冠杰.2004-继续THE.LEGEND.CONTNUED.3CD【环球】【WAV+CUE】
https://blog.sina.com.cn/s/blog_6943970c0102zk3o.html	方瑞蛾.1990-变心【歌林】【WAV+CUE】
https://blog.sina.com.cn/s/blog_6943970c0102zk3l.html	群星.2003-向左走·向右走电影原声大碟【华纳】【WAV+CUE】
https://blog.sina.com.cn/s/blog_6943970c0102zk3j.html	张学友.1993-祝福（2023蜚声环球限量版）【环球】【WAV+CUE】
https://blog.sina.com.cn/s/blog_6943970c0102zk3i.html	张含韵.2007-青春无敌【中天文化】【WAV+CUE】
https://blog.sina.com.cn/s/blog_6943970c0102zk3h.html	李琼.2004-山水情(音乐笔记)【中唱】【WAV+CUE】
https://blog.sina.com.cn/s/blog_6943970c0102zk3g.html	动力火车.2000-流金十载全记录【上华】【WAV+CUE】
https://blog.sina.com.cn/s/blog_6943970c0102zk3f.html	桑布伊.2018-桠干【风潮】【FLAC分轨】
https://blog.sina.com.cn/s/blog_6943970c0102zk3e.html	群星.1997-龙凤金歌榜10CD【中唱】【WAV+CUE】
https://blog.sina.com.cn/s/blog_6943970c0102zk3d.html	梁咏琪.2000-903音乐狂热分子音乐会【EEI】【WAV+CUE】
https://blog.sina.com.cn/s/blog_6943970c0102zk3b.html	郁可唯.2023-时光音乐会【金峰】【WAV+CUE】
https://blog.sina.com.cn/s/blog_6943970c0102zk3a.html	黄韵玲.2001-巴结音乐【全员集合】【WAV+CUE】
https://blog.sina.com.cn/s/blog_6943970c0102zk37.html	怡莉.1987-昨夜星辰（TP版）【金桦唱片】【WAV+CUE】
https://blog.sina.com.cn/s/blog_6943970c0102zk36.html	群星.1996-另类摇滚拼盘【BMG】【WAV+CUE】
https://blog.sina.com.cn/s/blog_6943970c0102zk33.html	李权哲.2017-醒着不醉【滚石】【FLAC分轨】
https://blog.sina.com.cn/s/blog_6943970c0102zk32.html	林良乐.1990-冰河【乡城】【WAV+CUE】
https://blog.sina.com.cn/s/blog_6943970c0102zk30.html	陈盈洁.1992-陈盈洁与老朋友2辑【吉马唱片】【WAV+CUE】
https://blog.sina.com.cn/s/blog_6943970c0102zk2z.html	群星.1994-东邪西毒电影音乐专辑【滚石】【WAV+CUE】
https://blog.sina.com.cn/s/blog_6943970c0102zk2y.html	郭子.1993-外交官的女人（舞台剧原声配乐）【新笛唱片】【WAV+CUE…
https://blog.sina.com.cn/s/blog_6943970c0102zk2x.html	高胜美.2000-流金十载全纪录【上华】【WAV+CUE】
https://blog.sina.com.cn/s/blog_6943970c0102zk2v.html	群星.2010-歌声满行囊2CD【滚石】【FLAC+CUE】
https://blog.sina.com.cn/s/blog_6943970c0102zk2u.html	林翠萍.1992-情深浓为何分西东（引进版）【新音符】【WAV+CUE】
https://blog.sina.com.cn/s/blog_6943970c0102zk2t.html	张帝.1996-爱的旋律·成名经典（引进版）【WAV+CUE】
https://blog.sina.com.cn/s/blog_6943970c0102zk2r.html	刘德华.2010-UNFORGETTABLE忘不了的豪华版3CD【东亚】【WAV+CUE】
https://blog.sina.com.cn/s/blog_6943970c0102zk2q.html	邱胜翊.2017-Attention!（EP）【华研国际】【WAV分轨】
https://blog.sina.com.cn/s/blog_6943970c0102zk2o.html	沈小岑.2002-独唱专辑【太平洋影音】【WAV+CUE】
https://blog.sina.com.cn/s/blog_6943970c0102zk2n.html	群星.1994-女人天生爱做梦电视原声带【华纳】【WAV+CUE】
https://blog.sina.com.cn/s/blog_6943970c0102zk2m.html	陈建彬.1997-中国民歌（南方金点系列）【南方】【WAV+CUE】
https://blog.sina.com.cn/s/blog_6943970c0102zk2l.html	孟庭苇.1996-月亮说话精选辑（2003年XRCD2限量版）【上华】【WAV+C…
https://blog.sina.com.cn/s/blog_6943970c0102zk2j.html	斯琴格日乐.2020-织谣3辑【星外星】【WAV+CUE】
https://blog.sina.com.cn/s/blog_6943970c0102zk2h.html	蔡琴.2002-一起走来演唱会XRCD【倍特唱片】【WAV+CUE】
https://blog.sina.com.cn/s/blog_6943970c0102zk2g.html	星球撞树.2018-隐匿时期【摩登天空】【FLAC+CUE】
https://blog.sina.com.cn/s/blog_6943970c0102zk2c.html	郑君绵.1996-赌仔自叹【文志】【WAV+CUE】
https://blog.sina.com.cn/s/blog_6943970c0102zk2b.html	关正杰.2002-环球DSD视听之王【环球】【WAV+CUE】
https://blog.sina.com.cn/s/blog_6943970c0102zk2a.html	蔡惠英.2007-英气非凡8CD【音乐谷】【WAV+CUE】
https://blog.sina.com.cn/s/blog_6943970c0102zk29.html	孙子涵.2018-心上认【福茂】【FLAC+CUE】
https://blog.sina.com.cn/s/blog_6943970c0102zk28.html	张学友.1986-相爱（2023蜚声环球限量版）【环球】【WAV+CUE】
https://blog.sina.com.cn/s/blog_6943970c0102zk27.html	蔡幸娟.1986-诗意之旅【光美】【WAV+CUE】
https://blog.sina.com.cn/s/blog_6943970c0102zk25.html	陈一玲.2014-陈一玲（EP）【传奇兄弟】【WAV+CUE】
https://blog.sina.com.cn/s/blog_6943970c0102zk22.html	古天乐.2000-今期流行（铁盒装）【华星】【WAV+CUE】
https://blog.sina.com.cn/s/blog_6943970c0102zk20.html	潘美辰.1997-音乐爱情事件【波丽佳音】【WAV+CUE】
https://blog.sina.com.cn/s/blog_6943970c0102zk1y.html	韩宝仪.1995-昨日情昨日梦（引进版）【WAV+CUE】
https://blog.sina.com.cn/s/blog_6943970c0102zk1x.html	蔡秋凤.1989-金包银【爱莉亚】【WAV+CUE】
https://blog.sina.com.cn/s/blog_6943970c0102zk1u.html	雨侨.2014-Ladiesnite（EP）【星娱乐】【FLAC分轨】
https://blog.sina.com.cn/s/blog_6943970c0102zk1t.html	群星.2002-最爱三毛三毛最爱·三毛逝世12周年纪念专辑【喜玛拉雅】…
https://blog.sina.com.cn/s/blog_6943970c0102zk1r.html	群星.1994-晚九朝五·电影原声带【星工厂】【WAV+CUE】
https://blog.sina.com.cn/s/blog_6943970c0102zk1q.html	林一峰.2022-子曰Dear.Mr.Lam【LYFMUSIC】【FLAC分轨】
https://blog.sina.com.cn/s/blog_6943970c0102zk1p.html	徐小明.2004-再遇徐大侠3CD【文志】【WAV+CUE】
https://blog.sina.com.cn/s/blog_6943970c0102zk1o.html	王俪婷.2009-SWEET.MEMORIES【卡菲唱片】【WAV+CUE】
https://blog.sina.com.cn/s/blog_6943970c0102zk1m.html	高向鹏.2017-出外条条难【欣代唱片】【WAV+CUE】
https://blog.sina.com.cn/s/blog_6943970c0102zk1i.html	凤凰传奇.2023-时光音乐会【新蜂】【WAV+CUE】
https://blog.sina.com.cn/s/blog_6943970c0102zk1h.html	邓丽君.1981-演唱李逸之歌（2014复刻版）【丽风】【WAV+CUE】
https://blog.sina.com.cn/s/blog_6943970c0102zk1g.html	李逸.1998-巨星珍藏品【丽风】【WAV+CUE】
https://blog.sina.com.cn/s/blog_6943970c0102zk1e.html	张学友.1993-我与你（2023蜚声环球限量版）【环球】【WAV+CUE】
https://blog.sina.com.cn/s/blog_6943970c0102zk1d.html	江蕙.1984-惜别的海岸·你著忍耐（喜玛拉雅复刻版）【乡城】【WAV+C…
https://blog.sina.com.cn/s/blog_6943970c0102zk1c.html	林竹君.1997-首选皇牌精典金曲系列2CD【EQMUSIC】【WAV+CIE】
https://blog.sina.com.cn/s/blog_6943970c0102zk1a.html	林忆莲.2018-0【环球】【WAV+CUE】
https://blog.sina.com.cn/s/blog_6943970c0102zk19.html	群星.2009-最靓声之选LPCD【华纳】【WAV+CUE】
https://blog.sina.com.cn/s/blog_6943970c0102zk18.html	陈百潭.1988-一定要成功【吉马】【WAV+CUE】
https://blog.sina.com.cn/s/blog_6943970c0102zk17.html	信.2015-反正我信了【华研】【WAV+CUE】
https://blog.sina.com.cn/s/blog_6943970c0102zk16.html	风采姐妹.2012-情歌对唱集2辑【新丽声】【WAV+CUE】
https://blog.sina.com.cn/s/blog_6943970c0102zk15.html	群星.2003-滚石香港黄金十年系列24·华人电影音乐典藏馆精丫滚石】…
https://blog.sina.com.cn/s/blog_6943970c0102zk14.html	房东的猫.2023-世界·青年【青柴文化】【WAV分轨】
https://blog.sina.com.cn/s/blog_6943970c0102zk13.html	群星.2009-国语金曲101【环星】【WAV+CUE】
https://blog.sina.com.cn/s/blog_6943970c0102zk12.html	阿兰.2008-ひとつ【艾回】【FLAC+CUE】
https://blog.sina.com.cn/s/blog_6943970c0102zk11.html	陈奕迅叶倩文.2004-903.ID.CLUB.拉阔音乐会【英皇娱乐】【WAV+CUE…
https://blog.sina.com.cn/s/blog_6943970c0102zk1a.html	林忆莲.2018-0【环球】【WAV+CUE】
https://blog.sina.com.cn/s/blog_6943970c0102zk19.html	群星.2009-最靓声之选LPCD【华纳】【WAV+CUE】
https://blog.sina.com.cn/s/blog_6943970c0102zk18.html	陈百潭.1988-一定要成功【吉马】【WAV+CUE】
https://blog.sina.com.cn/s/blog_6943970c0102zk17.html	信.2015-反正我信了【华研】【WAV+CUE】
https://blog.sina.com.cn/s/blog_6943970c0102zk16.html	风采姐妹.2012-情歌对唱集2辑【新丽声】【WAV+CUE】
https://blog.sina.com.cn/s/blog_6943970c0102zk15.html	群星.2003-滚石香港黄金十年系列24·华人电影音乐典藏馆精丫滚石】…
https://blog.sina.com.cn/s/blog_6943970c0102zk14.html	房东的猫.2023-世界·青年【青柴文化】【WAV分轨】
https://blog.sina.com.cn/s/blog_6943970c0102zk13.html	群星.2009-国语金曲101【环星】【WAV+CUE】
https://blog.sina.com.cn/s/blog_6943970c0102zk12.html	阿兰.2008-ひとつ【艾回】【FLAC+CUE】
https://blog.sina.com.cn/s/blog_6943970c0102zk11.html	陈奕迅叶倩文.2004-903.ID.CLUB.拉阔音乐会【英皇娱乐】【WAV+CUE…
https://blog.sina.com.cn/s/blog_6943970c0102zk0j.html	刘秋仪.2008-仪态万千1－5【音乐谷】【WAV+CUE】
https://blog.sina.com.cn/s/blog_6943970c0102zk0i.html	Dear.Jane.2012-Yellow.Fever（EP）【华纳】【FLAC分轨】
https://blog.sina.com.cn/s/blog_6943970c0102zk0h.html	王芷蕾.1987-精选辑2辑【飞碟】【WAV+CUE】
https://blog.sina.com.cn/s/blog_6943970c0102zk0e.html	李龙基.1997-多一点精选集12：人生曲【EMI百代】【FLAC分轨】
https://blog.sina.com.cn/s/blog_6943970c0102zk09.html	江若琳.2008-Shining【环宇镭射】【WAV+CUE】
https://blog.sina.com.cn/s/blog_6943970c0102zk08.html	群星.1972-东南亚红歌星名曲精华（LP版）【海洋唱片】【WAV+CUE】
https://blog.sina.com.cn/s/blog_6943970c0102zk07.html	康士坦的变化球.2020-搁浅的人【声音的卡夫卡】【FLAC分轨】
https://blog.sina.com.cn/s/blog_6943970c0102zk06.html	周璇.1994-怀旧名曲精选2辑【白天鹅】【WAV+CUE】
https://blog.sina.com.cn/s/blog_6943970c0102zk05.html	张学友.1989-给我亲爱的（2023蜚声环球限量版）【环球】【WAV+CUE…
https://blog.sina.com.cn/s/blog_6943970c0102zk04.html	叶丽仪.1971-南游第一张纪念金唱片（2014年新世纪复黑版）【丽风】…
https://blog.sina.com.cn/s/blog_6943970c0102zk03.html	李亚明.1990-存在（LP版）【德州】【WAV+CUE】
https://blog.sina.com.cn/s/blog_6943970c0102zk02.html	大头佛.2003-大头佛【全体成员】【FLAC分轨】
https://blog.sina.com.cn/s/blog_6943970c0102zjzz.html	群星.1996-瑞士糖华纳好味道精丫华纳】【WAV+CUE】
https://blog.sina.com.cn/s/blog_6943970c0102zjzy.html	沈雁.2009-歌林巨星22·沈雁（经典复刻盘【歌林】【WAV+CUE】
https://blog.sina.com.cn/s/blog_6943970c0102zjzx.html	陈启泰.2009-香港往事【涂鸦文化】【FLAC分轨】
https://blog.sina.com.cn/s/blog_6943970c0102zjzh.html	群星.2016-欢乐颂电视原声带【正午阳光】【WAV+CUE】
https://blog.sina.com.cn/s/blog_6943970c0102zjzg.html	魏金栋.2006-金歌新曲-梦里全是桂花香2CD【天凡之音】【WAV+CUE】
https://blog.sina.com.cn/s/blog_6943970c0102zjzk.html	周柏豪.2007-BEGINING（EP）【华纳】【FLAC分轨】
https://blog.sina.com.cn/s/blog_6943970c0102zjzj.html	徐仲薇.1992-英语畅销选辑【宝丽金】【WAVCUE】
https://blog.sina.com.cn/s/blog_6943970c0102zjze.html	陈嘉桦.2012-我就是…TOBE(EP)【华研国际】【WAVCUE】
https://blog.sina.com.cn/s/blog_6943970c0102zjzd.html	刘秋仪.2005-风华再现·情歌金曲2CD【皇星全音】【WAVCUE】
https://blog.sina.com.cn/s/blog_6943970c0102zjzb.html	秀兰玛雅.2018-寄乎人生的第21张批【米乐士】【FLAC分轨】
https://blog.sina.com.cn/s/blog_6943970c0102zjza.html	大乔小乔.2012-渔樵问答【微簿之盐】【WAV+CUE】
https://blog.sina.com.cn/s/blog_6943970c0102zjz9.html	邓瑞霞.1994-情歌篇篇【风潮】【WAV+CUE】
https://blog.sina.com.cn/s/blog_6943970c0102zjz8.html	群星.2003-蔷薇之恋电视原声带【华研国际】【WAV+CUE】
https://blog.sina.com.cn/s/blog_6943970c0102zjz7.html	何春兰.1984-明年的春天【蓝与白】【WAV+CUE】
https://blog.sina.com.cn/s/blog_6943970c0102zjz6.html	张学友.1985-Smile（2023蜚声环球限量版）【环球】【WAV+CUE】
https://blog.sina.com.cn/s/blog_6943970c0102zjz5.html	黃乙玲.2009-歌林巨星·黄乙玲（经典复刻盘）【歌林】【WAV+CUE】
https://blog.sina.com.cn/s/blog_6943970c0102zjz3.html	温拿.1997-宝丽金88极品音色系列·2辑【宝丽金】【WAV+CUE】
https://blog.sina.com.cn/s/blog_6943970c0102zjyx.html	Dear.Jane.2011-Gamma（EP）【华纳】【FLAC分轨】
https://blog.sina.com.cn/s/blog_6943970c0102zjyw.html	舒雅颂.2018-雅颂共颂18首【永恒】【WAV分轨】
https://blog.sina.com.cn/s/blog_6943970c0102zjyv.html	苏有朋.2001-不只深情【NMG】【WAV+CUE】
https://blog.sina.com.cn/s/blog_6943970c0102zjyt.html	吴琼.1988-悄悄话（TP版）【上海有声】【WAV+CUE】
https://blog.sina.com.cn/s/blog_6943970c0102zjys.html	梁汉文.2017-THE.BEST.OF.EDMOND.2CD0【金牌大风】【WAV+CUE】
https://blog.sina.com.cn/s/blog_6943970c0102zjyr.html	陈洁盈.2008-演唱15周年纪念【光美】【WAV+CUE】
https://blog.sina.com.cn/s/blog_6943970c0102zjyq.html	群星.2018-猎毒人电视原声带【仁溪文化】【FLAC分轨】
https://blog.sina.com.cn/s/blog_6943970c0102zjyp.html	谭顺成.2010-谭顺成·丽风金典系列6辑12CD【丽风】【WAV+CUE】
https://blog.sina.com.cn/s/blog_6943970c0102zjyo.html	高凌风.2009-歌林巨星·高凌风（经典复刻盘）【歌林】【WAV+CUE】
https://blog.sina.com.cn/s/blog_6943970c0102zjym.html	张学友.1993-吻别（2023蜚声环球限量版）【环球】【WAV+CUE】
https://blog.sina.com.cn/s/blog_6943970c0102zjyi.html	丁薇.2001-断翅的翅膀（TP版）【大地】【WAV+CUE】
https://blog.sina.com.cn/s/blog_6943970c0102zjyg.html	黎明.1998-HAPPY.1990-1998.5CD【宝丽金】【WAV+CUE】
https://blog.sina.com.cn/s/blog_6943970c0102zjyd.html	刘文正.2009-歌林巨星·刘文正（经典复刻盘）【歌林】【WAV+CUE】
https://blog.sina.com.cn/s/blog_6943970c0102zjya.html	李谷一.1981-莫叹息·中国流行歌曲精选（TP版）【太平洋影音】【WAV…
https://blog.sina.com.cn/s/blog_6943970c0102zjy8.html	群星.1995-阿诗玛·中国歌剧金曲【中唱】【FLAC+CUE】
https://blog.sina.com.cn/s/blog_6943970c0102zjy7.html	张学友.1988-昨夜梦魂中（2023蜚声环球限量版）【环球】【WAV+CUE…
https://blog.sina.com.cn/s/blog_6943970c0102zjy6.html	老王乐队.2019-吾日三省吾身【好有感觉音乐】【WAV+CUE】
https://blog.sina.com.cn/s/blog_6943970c0102zjy4.html	Beyond.2003-TOGETHER（EP）【WAV+CUE】
https://blog.sina.com.cn/s/blog_6943970c0102zjy2.html	林慧萍.2009-歌林巨星·林慧萍（经典复刻盘）【歌林】【WAV+CUE】
https://blog.sina.com.cn/s/blog_6943970c0102zjy1.html	群星.1995-红梅赞·中国歌剧金曲【中唱】【FLAC+CUE】
https://blog.sina.com.cn/s/blog_6943970c0102zjy0.html	张学友.1987-Jacky（2023蜚声环球限量版）【环球】【WAV+CUE】
https://blog.sina.com.cn/s/blog_6943970c0102zjxz.html	群星.1999-创世纪-电视原声大碟【TVB】【WAV+CUE】
https://blog.sina.com.cn/s/blog_6943970c0102zjxy.html	楚为仁.1987-心爱嫁別人【上点唱片】【WAV+CUE】
https://blog.sina.com.cn/s/blog_6943970c0102zjxu.html	许丽丽.1985-牛虎豹4辑（TP版）【浪花】【WAV+CUE】
https://blog.sina.com.cn/s/blog_6943970c0102zjxs.html	黄仲昆.2009-歌林巨星21·黄仲昆（经典复刻盘）【歌林】【WAV+CUE】…
https://blog.sina.com.cn/s/blog_6943970c0102zjk9.html	宝佩如.1988-请先挂号（EP）【EPIC】【WAV分轨】
https://blog.sina.com.cn/s/blog_6943970c0102zjxh.html	张学友.1992-真情流露（2022环球MQA.UHQCD限量版）【环球】【WAV+C…
https://blog.sina.com.cn/s/blog_6943970c0102zjxd.html	刘嘉玲.1980-苦情草（LP版）【歌林】【FLAC分轨】
https://blog.sina.com.cn/s/blog_6943970c0102zjxb.html	彭羚.1994-未完的小说（2014蜚声百代限量版）【环球】【WAV+CUE】
https://blog.sina.com.cn/s/blog_6943970c0102zjxa.html	郑智化.1992-私房歌（第5张）【飞碟】【WAV+CUE】
https://blog.sina.com.cn/s/blog_6943970c0102zjx6.html	黄莺莺.2009-歌林巨星24·黄莺莺（经典复刻盘）【歌林】【WAV+CUE】…
https://blog.sina.com.cn/s/blog_6943970c0102zjx5.html	代鑫.2017-遇见相似的灵魂【看见音乐】【FLAC分轨】
https://blog.sina.com.cn/s/blog_6943970c0102zjx3.html	王威胜.1989-流浪.神话.传说（TP版）【快乐】【WAV+CUE】
https://blog.sina.com.cn/s/blog_6943970c0102zjx2.html	戴辛尉.2002-戴辛尉同名专辑【正东】【FLAC分轨】
https://blog.sina.com.cn/s/blog_6943970c0102zjx1.html	郑少秋.1979-楚留香（娱乐50周年金装纪念系列）【娱乐唱片】【WAV+…
https://blog.sina.com.cn/s/blog_6943970c0102zjx0.html	黄舒骏.2009-歌林巨星·黄舒骏（经典复刻盘）【歌林】【WAV+CUE】
https://blog.sina.com.cn/s/blog_6943970c0102zjwz.html	群星.2003-满江红电影原声音乐【央金玛】【FLAC分轨】
https://blog.sina.com.cn/s/blog_6943970c0102zjwx.html	王俪婷.2010-JUST.FOR.YOU.2CD【S2S】【WAV+CUE】
https://blog.sina.com.cn/s/blog_6943970c0102zjww.html	张学友.1986-Amour遥远的她（2023蜚声环球限量版）【环球】【WAV+C…
https://blog.sina.com.cn/s/blog_6943970c0102zjwr.html	群星.1999-我想有个家（慈善EP）【蓝与白】【WAV+CUE】
https://blog.sina.com.cn/s/blog_6943970c0102zjwp.html	徐玮.1980-拒绝联考的小子（TP版）【东尼机构】【WAV+CUE】
https://blog.sina.com.cn/s/blog_6943970c0102zjwo.html	张岭.2008-女人的歌【东乐影音】【WAV+CUE】
https://blog.sina.com.cn/s/blog_6943970c0102zjwn.html	RUBBERBAND.2009-BEAMING【金牌大风】【WAV+CUE】
https://blog.sina.com.cn/s/blog_6943970c0102zjwm.html	萧丽珠.2009-歌林巨星·萧丽珠（经典复刻盘）【歌林】【WAV+CUE】
https://blog.sina.com.cn/s/blog_6943970c0102zjwl.html	池秋美.2009-歌林巨星29·池秋美（经典复刻盘）【歌林】【WAV+CUE】…
https://blog.sina.com.cn/s/blog_6943970c0102zjwh.html	胡清蓝.2007-日志DairyT【21东方】【FLAC分轨】
https://blog.sina.com.cn/s/blog_6943970c0102zjwg.html	群星.2014-步步惊情电视原声带【SONY】【WAV+CUE】
https://blog.sina.com.cn/s/blog_6943970c0102zjwf.html	叶灵张金泉.1988-流行榜（TP引进版）【保声】【WAV+CUE】
https://blog.sina.com.cn/s/blog_6943970c0102zjwe.html	农夫.2010-OFAMA【东亚】【WAV+CUE】
https://blog.sina.com.cn/s/blog_6943970c0102zjwc.html	张敬轩.2009-LOVELIVING【环球】【WAV+CUE】
https://blog.sina.com.cn/s/blog_6943970c0102zjwa.html	周慧敏.1991-A.LONG.AND.LASTING.LOVE（2022蜚声环球限量版）【环…
https://blog.sina.com.cn/s/blog_6943970c0102zjw9.html	陈明憙.2016-童装高跟鞋【禾广娱乐】【FLAC分轨】
https://blog.sina.com.cn/s/blog_6943970c0102zjw8.html	群星.2004-少年阿虎电影原声带【JAVA】【WAV+CUE】
https://blog.sina.com.cn/s/blog_6943970c0102zjw5.html	叶启田.2012-铁骨柔情金选辑2CD铁骨篇【吉马】【WAV+CUE】
https://blog.sina.com.cn/s/blog_6943970c0102zjw2.html	金瑞瑶.2009-歌林巨星25·金瑞瑶（经典复刻盘）【歌林】【WAV+CUE】…
https://blog.sina.com.cn/s/blog_6943970c0102zjw1.html	许志安.2009-自导·自传新曲+精选2CD【东亚唱片】【WAV+CUE】
https://blog.sina.com.cn/s/blog_6943970c0102zjvy.html	叶德娴.1983-天天都相见（1998年永恒真存版）【永恒】【WAV+CUE】
https://blog.sina.com.cn/s/blog_6943970c0102zjvx.html	谢明.1995-爱太野【BMG】【WAV+CUE】
https://blog.sina.com.cn/s/blog_6943970c0102zjvw.html	郑绪岚.1984-多情的土地（TP版）【太平洋影音】【WAV+CUE】
https://blog.sina.com.cn/s/blog_6943970c0102zjvv.html	艾敬.1992-我的1997（2022新世纪MQA限量版）【ZOOM】【WAV+CUE】
https://blog.sina.com.cn/s/blog_6943970c0102zjvu.html	MCHotDog.2013-我的时代（新歌+精选）【滚石】【WAV+CUE】
https://blog.sina.com.cn/s/blog_6943970c0102zjvt.html	陈百潭.1992-爱情一阵风【吉马】【WAV+CUE】
https://blog.sina.com.cn/s/blog_6943970c0102zjvs.html	大乔小乔.2007-消失的光年【口袋唱片】【WAV+CUE】
https://blog.sina.com.cn/s/blog_6943970c0102zjvq.html	群星.2009-歌林巨星28·孙越陶大伟张帝张魁（经典复刻盘）【歌林】…
https://blog.sina.com.cn/s/blog_6943970c0102zjvp.html	群星.2020-暮白首电视剧原声带【WAV+CUE】
https://blog.sina.com.cn/s/blog_6943970c0102zjvo.html	谭嘉仪.2016-Can.You.See（EP）【星梦娱乐】【FLAC分轨】
https://blog.sina.com.cn/s/blog_6943970c0102zjvn.html	群星.1971-歌迷小姐2辑【EMI百代】【FLAC分轨】
https://blog.sina.com.cn/s/blog_6943970c0102zjvl.html	群星.2021-西游记之绝世妖王电影原声带【嘉尤音乐】【FLAC分轨】
https://blog.sina.com.cn/s/blog_6943970c0102zjvk.html	郑娟娟.2009-歌林巨星26·郑娟娟（经典复刻盘）【歌林】【WAV+CUE】…
https://blog.sina.com.cn/s/blog_6943970c0102zjvj.html	江蕙.2007-台湾民谣·经典辑3CD【华特】【WAV+CUE】
https://blog.sina.com.cn/s/blog_6943970c0102zjvi.html	凡人二重唱.1993-大伙听我唱支歌【歌林】【WAV+CUE】
https://blog.sina.com.cn/s/blog_6943970c0102zjvh.html	丢火车乐队.2011-火车日记【SEVENMUSIC】【WAV+CUE】
https://blog.sina.com.cn/s/blog_6943970c0102zjvg.html	群星.1996-百代NO.1精选VOL.2【EMI百代】【WAV+CUE】
https://blog.sina.com.cn/s/blog_6943970c0102zjve.html	群星.1995-百代NO.1精丫EMI百代】【WAV+CUE】
https://blog.sina.com.cn/s/blog_6943970c0102zjvd.html	戴军.2021-如果霞飞会唱歌【星外星】【FLAC分轨】
https://blog.sina.com.cn/s/blog_6943970c0102zjvc.html	阿朵.2017-“死里复活”秀录音室版【华宇世博】【FLAC分轨】
https://blog.sina.com.cn/s/blog_6943970c0102zjvb.html	谭咏麟.2017-欣赏UHQCD限量版【环球】【WAV+CUE】
https://blog.sina.com.cn/s/blog_6943970c0102zjva.html	周兴哲.2017-如果雨之后【SONY】【WAV+CUE】
https://blog.sina.com.cn/s/blog_6943970c0102zjv9.html	兄弟本色.2016-FlyOut【滚石】【FLAC分轨】
https://blog.sina.com.cn/s/blog_6943970c0102zjv8.html	禹黎朔.2009-歌林巨星27·禹黎朔（经典复刻盘）【歌林】【WAV+CUE】…
https://blog.sina.com.cn/s/blog_6943970c0102zjv7.html	群星.2000-吉马畅销金曲原版选辑6CD（引进版）【吉马】【WAV+CUE】
https://blog.sina.com.cn/s/blog_6943970c0102zjv6.html	Dear.Jane.2006-100【华纳】【WAV+CUE】
https://blog.sina.com.cn/s/blog_6943970c0102zjv2.html	丽莎.1974-怀念知心友（2014新世纪复刻版）【丽风】【WAV+CUE】
https://blog.sina.com.cn/s/blog_6943970c0102zjv1.html	刘诺生.1995-始终相信爱【BMG】【WAV+CUE】
https://blog.sina.com.cn/s/blog_6943970c0102zjuz.html	群星.2005-礼物【六艺文化】【WAV+CUE】
https://blog.sina.com.cn/s/blog_6943970c0102zjuy.html	张帝.1994-绵绵旧情【风潮】【WAV+CUE】
https://blog.sina.com.cn/s/blog_6943970c0102zjuv.html	泰迪罗宾.2001-真经典【环球】【WAV+CUE】
https://blog.sina.com.cn/s/blog_6943970c0102zjuu.html	群星.1994-梅珍电影原声带【BMG】【WAV+CUE】
https://blog.sina.com.cn/s/blog_6943970c0102zjur.html	艾薇.2023-独角兽【环球】【FLAC分轨】
https://blog.sina.com.cn/s/blog_6943970c0102zjup.html	群星.2019-阿尔兹记忆的爱情（音乐剧原声带）【央金玛国际文化传媒…
https://blog.sina.com.cn/s/blog_6943970c0102zjuo.html	张明敏.1982-包青天·两把秤（2006复黑版）【永恒】【WAV+CUE】
https://blog.sina.com.cn/s/blog_6943970c0102zjun.html	郑人予.2021-你可以不用给我回答（EP）【白米范】【FLAC分轨】
https://blog.sina.com.cn/s/blog_6943970c0102zjum.html	陈洁仪.2011-重译·重奏（2020新世纪MQA金碟限量版）【新世纪】【WA…
https://blog.sina.com.cn/s/blog_6943970c0102zjul.html	周华健.2003-Keep.Wakin.1987-2002周而复始.3CD【滚石】【WAV+CUE…
https://blog.sina.com.cn/s/blog_6943970c0102zjuk.html	关淑怡.1991-Montage（2022蜚声环球限量版）【环球】【WAV+CUE】
https://blog.sina.com.cn/s/blog_6943970c0102zjuj.html	群星.1992-黄飞鸿系列电影原声精装版【滚石】【WAV+CUE】
https://blog.sina.com.cn/s/blog_6943970c0102zjui.html	韦礼安.2012-什么鸟日子（EP）【福茂】【WAV+CUE】
https://blog.sina.com.cn/s/blog_6943970c0102zjuh.html	曾路得.2023-在他里面InHim【FLAC分轨】
https://blog.sina.com.cn/s/blog_6943970c0102zjug.html	周润发.1989-飞砂风中转EP（2009环球复黑王）【新艺宝】【WAV+CUE…
https://blog.sina.com.cn/s/blog_6943970c0102zjuf.html	群星.1991-中国民歌精选辑4CD【太平洋影音】【WAV+CUE】
https://blog.sina.com.cn/s/blog_6943970c0102zjud.html	左立.2019－三十而立（EP）【听见时代】【FLAC分轨】
https://blog.sina.com.cn/s/blog_6943970c0102zjuc.html	叶启田.2008-福建金腔畅销辑CD1【南方】【WAV+CUE】
https://blog.sina.com.cn/s/blog_6943970c0102zju8.html	刘家昌尤雅.1985-你的目光（2013梦田复刻版）【枫潮】【WAV+CUE】
https://blog.sina.com.cn/s/blog_6943970c0102zju7.html	檀健次.2023-DREAMS【柚汁文化】【FLAC分轨】
https://blog.sina.com.cn/s/blog_6943970c0102zju5.html	群星.2022-月光，背影与海（我们都唱陈小霞）【银河方舟】【FLAC分…
https://blog.sina.com.cn/s/blog_6943970c0102zju4.html	张杰.2022-外南街1982【行星文化】【FLAC分轨】
https://blog.sina.com.cn/s/blog_6943970c0102zju3.html	邱清云.2007-鬼马客家歌（南方金点系列）2CD【南方】【WAV+CUE】
https://blog.sina.com.cn/s/blog_6943970c0102zju2.html	蓝心湄.2009-绝对收藏2CD【SONY】【WAV+CUE】
https://blog.sina.com.cn/s/blog_6943970c0102zju1.html	黎瑞恩.1991-我从这里开始（2022蜚声环球系列）【环球】【WAV+CUE…
https://blog.sina.com.cn/s/blog_6943970c0102zju0.html	康士坦的变化球.2020-更迭【声音的卡夫卡】【FLAC分轨】
https://blog.sina.com.cn/s/blog_6943970c0102zjtw.html	盘古.2001-盘古【龙民音乐】【WAV+CUE】
https://blog.sina.com.cn/s/blog_6943970c0102zjtv.html	张伟文.1980-别了，亲人【永恒】【FLAC分轨】
https://blog.sina.com.cn/s/blog_6943970c0102zjtu.html	群星.1999-泰山电影原声大碟（引进版）【WAV+CUE】
https://blog.sina.com.cn/s/blog_6943970c0102zjtt.html	杨心予.2021-ItsNia你呀（EP）【FLAC分轨】
https://blog.sina.com.cn/s/blog_6943970c0102zjts.html	张卫健.2001-2001精选2CD【华纳】【WAV+CUE】
https://blog.sina.com.cn/s/blog_6943970c0102zjtr.html	叶丽仪.1982-叶丽仪精绚难兄难弟（2015蜚声百代限量版）【环球】【…
https://blog.sina.com.cn/s/blog_6943970c0102zjtp.html	陈慧娴.2005-百花齐放3CD【环球】【WAV+CUE】
https://blog.sina.com.cn/s/blog_6943970c0102zjto.html	群星.1989-跟着感觉走港台歌星成名金曲（TP版）【白天鹅】【WAV+CU…
https://blog.sina.com.cn/s/blog_6943970c0102zjtn.html	异种.2016-争一口气【环球】【FLAC分轨】
https://blog.sina.com.cn/s/blog_6943970c0102zjtm.html	阿鲁阿卓.2010-相濡以沫【金信子】【WAV+CUE】
https://blog.sina.com.cn/s/blog_6943970c0102zjtk.html	龙千玉.1995-十年有心2CD【豪记】【WAV+CUE】
https://blog.sina.com.cn/s/blog_6943970c0102zjti.html	张信哲.2000-信择2CD【BMG】【WAV+CUE】
https://blog.sina.com.cn/s/blog_6943970c0102zjth.html	蒋丽萍.2018-环球萃取K2HD升级精丫环球】【WAV+CUE】
https://blog.sina.com.cn/s/blog_6943970c0102zjtg.html	群星.2019-热搜女王影视原声带【FLAC分轨】
https://blog.sina.com.cn/s/blog_6943970c0102zjte.html	蛋堡.2013-你所不知道的杜振熙之內部整修2CD【SONY】【FLAC分轨】
https://blog.sina.com.cn/s/blog_6943970c0102zjtd.html	毛不易.2020-小王【哇唧唧哇娱乐】【WAV+CUE】
https://blog.sina.com.cn/s/blog_6943970c0102zjtc.html	群星.1993-东方不败风云再起电影原声带【滚石】【WAV+CUE】
https://blog.sina.com.cn/s/blog_6943970c0102zjta.html	群星.1995-名家巨星中华巨星原唱集2辑【WAV+CUE】
https://blog.sina.com.cn/s/blog_6943970c0102zjt9.html	崔岩光.1996-怀旧金曲发烧天碟3辑【WAV+CUE】
https://blog.sina.com.cn/s/blog_6943970c0102zjt8.html	张赫宣.2023-呼啦啦（EP）【造梦嘉】【FLAC分轨】
https://blog.sina.com.cn/s/blog_6943970c0102zjt7.html	区瑞强.2016-环球萃取K2HD升级精丫环球】【WAV+CUE】
https://blog.sina.com.cn/s/blog_6943970c0102zjt5.html	李明洋.2011-爱啊!【豪记】【WAV+CUE】
https://blog.sina.com.cn/s/blog_6943970c0102zjt3.html	吴涤清.1990-像雾像雨又像风（TP版）【海洋音像】【WAV+CUE】
https://blog.sina.com.cn/s/blog_6943970c0102zjt2.html	阿肆.2021-成为了这样的大人，并不可耻【摩登天空】【FLAC分轨】
https://blog.sina.com.cn/s/blog_6943970c0102zjt1.html	谭咏麟.2005-百花齐放4CD【环球】【WAV+CUE】
https://blog.sina.com.cn/s/blog_6943970c0102zjt0.html	蔡琴.2007-最难忘的好歌绝版2CD【EQ】【WAV+CUE】
https://blog.sina.com.cn/s/blog_6943970c0102zjsz.html	Multiplex.1995-六月雪【声音工厂】【FLAC分轨】
https://blog.sina.com.cn/s/blog_6943970c0102zjsy.html	群星.2014-一代宗师电影原声大碟K2HD【环球】【WAV+CUE】
https://blog.sina.com.cn/s/blog_6943970c0102zjsw.html	雷安娜.2017-环球萃取K2HD升级精丫环球】【WAV+CUE】
https://blog.sina.com.cn/s/blog_6943970c0102zjsr.html	方力申邓丽欣.2016-十分·爱精选2CD【金牌大风】【WAV+CUE】
https://blog.sina.com.cn/s/blog_6943970c0102zjsq.html	刘文正.2007-留住你的脚步听好歌2绝版【EQ】【WAV+CUE】
https://blog.sina.com.cn/s/blog_6943970c0102zjsp.html	林晏如.1996-成名典藏精选辑2CD【上峰音乐】【WAV+CUE】
https://blog.sina.com.cn/s/blog_6943970c0102zjsn.html	普普乐团.2000-入洗衣店紧急掣【人山人海】【FLAC分轨】
https://blog.sina.com.cn/s/blog_6943970c0102zjsm.html	关菊英.2018-环球萃取K2HD升级精丫环球】【WAV+CUE】
https://blog.sina.com.cn/s/blog_6943970c0102zjsj.html	群星.1998-成双成对+我有我精彩2CD【华星】【WAV+CUE】
https://blog.sina.com.cn/s/blog_6943970c0102zjsi.html	Alec.Benjamin.2023-你的目光【华纳】【FLAC分轨】
https://blog.sina.com.cn/s/blog_6943970c0102zjsg.html	韦礼安.2014-有所畏【福茂】【WAV+CUE】
https://blog.sina.com.cn/s/blog_6943970c0102zjsf.html	群星.2005-京华烟云电视剧原声带【星外星】【WAV+CUE】
https://blog.sina.com.cn/s/blog_6943970c0102zjse.html	黎明.2005-MORE.THAN.CLASSIC.3CD【环球】【WAV+CUE】
https://blog.sina.com.cn/s/blog_6943970c0102zjsd.html	林淑娟.2002-旧曲新唱【风格】【WAV+CUE】
https://blog.sina.com.cn/s/blog_6943970c0102zjsc.html	裘德.2019-颁奖的时候我要缺席【FLAC分轨】
https://blog.sina.com.cn/s/blog_6943970c0102zjsa.html	温拿乐队.2016-环球萃取K2HD升级精丫环球】【WAV+CUE】
https://blog.sina.com.cn/s/blog_6943970c0102zjs7.html	洪荣宏.2009-福建歌王绝版2CD【EQ】【WAV+CUE】
https://blog.sina.com.cn/s/blog_6943970c0102zjs6.html	夏丹刘韵.2005-百代百年系列10采红菱【EMI百代】【FLAC分轨】
https://blog.sina.com.cn/s/blog_6943970c0102zjs5.html	江一燕.2006-用爱呼吸（EP）【艾回】【FLAC分轨】
https://blog.sina.com.cn/s/blog_6943970c0102zjs4.html	群星.2002-天下巨星经典2CD【天下】【WAV+CUE】
https://blog.sina.com.cn/s/blog_6943970c0102zjs3.html	张学友.1995-三年两语（宝丽金88极品音色系列）【宝丽金】【WAV+CU…
https://blog.sina.com.cn/s/blog_6943970c0102zjs2.html	爱慧娜.1977-我走在风雨中（LP版）【白云唱片】【WAV+CUE】
https://blog.sina.com.cn/s/blog_6943970c0102zjs1.html	群星.2020-不完美人生指南【FLAC分轨】
https://blog.sina.com.cn/s/blog_6943970c0102zjs0.html	杀手锏乐队KillerSoap.2013-不知不觉【Self-Released】【WAV分轨】
https://blog.sina.com.cn/s/blog_6943970c0102zjry.html	麦洁文.2016-环球萃取K2HD升级精丫环球】【WAV+CUE】
https://blog.sina.com.cn/s/blog_6943970c0102zjrx.html	群星.1997-爱是我们共同的声音（赠品碟）【WAV+CUE】
https://blog.sina.com.cn/s/blog_6943970c0102zjrw.html	黄小琥.2008-低音蓝调女唱将绝版2CD【EQ】【WAV+CUE】
https://blog.sina.com.cn/s/blog_6943970c0102zjrv.html	Maria.Cordero玛俐亚.2005-肥妈正传【涂鸦文化】【FLAC分轨】
https://blog.sina.com.cn/s/blog_6943970c0102zjru.html	罗中旭.2019-绕地球一圈（EP）【爱当斯文化】【FLAC分轨】
https://blog.sina.com.cn/s/blog_6943970c0102zjrs.html	陈怡婷.2017-孤恋花开【时代创意】【WAV+CUE】
https://blog.sina.com.cn/s/blog_6943970c0102zjrr.html	群星.2006-盛夏光年电影主题曲概念专辑【相信音乐】【WAV+CUE】
https://blog.sina.com.cn/s/blog_6943970c0102zjrp.html	郝云.2018-郝云2016-2017冲动巡演全纪录LIVE【海蝶】【FLAC分轨】
https://blog.sina.com.cn/s/blog_6943970c0102zjro.html	蔡幸娟.2006-精装版2CD【皇星全音】【WAV+CUE】
https://blog.sina.com.cn/s/blog_6943970c0102zjrn.html	陈秋霞.2016-环球萃取K2HD升级精丫环球】【WAV+CUE】
https://blog.sina.com.cn/s/blog_6943970c0102zjrl.html	泰迪罗宾.1998-宝丽金88极品音色系列【宝丽金】【WAV+CUE】
https://blog.sina.com.cn/s/blog_6943970c0102zjrk.html	徐小凤.2022-金曲精选（2022新世纪MQACD金碟版）【康艺成音】【WAV…
https://blog.sina.com.cn/s/blog_6943970c0102zjrj.html	艾薇.2021-I【环球】【FLAC分轨】
https://blog.sina.com.cn/s/blog_6943970c0102zjri.html	群星.1999-上华世纪总冠军4CD【上华】【WAV+CUE】
https://blog.sina.com.cn/s/blog_6943970c0102zjrh.html	秦咏.2014-串烧舞曲48首2CD（南方金点系列）【南方】【WAV+CUE】
https://blog.sina.com.cn/s/blog_6943970c0102zjrg.html	曾路得.1982-白墙+精丫华纳】【FLAC分轨】
https://blog.sina.com.cn/s/blog_6943970c0102zjrf.html	江蕙.2011-拥有4CD【大信唱片】【WAV+CUE】
https://blog.sina.com.cn/s/blog_6943970c0102zjre.html	杭盖乐队.2010-远走的人He.Who.Travels.Far【WAV+UCE】
https://blog.sina.com.cn/s/blog_6943970c0102zjrd.html	阿兰.2008-REDCLIFF～心.戦～【艾回】【WAV+CUE】
https://blog.sina.com.cn/s/blog_6943970c0102zjrc.html	王馨平.2016-环球萃取K2HD升级精丫环球】【WAV+CUE】
https://blog.sina.com.cn/s/blog_6943970c0102zjrb.html	群星.2002-叶枫与唱家班国语金曲30年演唱会2CD【寰宇】【WAV+CUE】
https://blog.sina.com.cn/s/blog_6943970c0102zjra.html	陈奕迅.2004-I.HAD.A.GREAT.TIME【英皇娱乐】【WAV+CUE】
https://blog.sina.com.cn/s/blog_6943970c0102zjr9.html	群星.1975-大家乐电影原声带（复刻版）【宝丽金】【WAV+CUE】
https://blog.sina.com.cn/s/blog_6943970c0102zjr8.html	蒋敦豪.2018-少年·心事【灿星文化】【FLAC+CUE】
https://blog.sina.com.cn/s/blog_6943970c0102zjr7.html	黄鑫.2008-我的另一半【英皇星艺】【WAV+CUE】
https://blog.sina.com.cn/s/blog_6943970c0102zjr5.html	康乔.2004-诗情画意5CD【音乐谷】【WAV+CUE】
https://blog.sina.com.cn/s/blog_6943970c0102zjr4.html	露云娜.2018-环球萃取K2HD升级精丫环球】【WAV+CUE】
https://blog.sina.com.cn/s/blog_6943970c0102zjr2.html	木吉他.1998-重逢·木吉他【滚石】【WAV+CUE】
https://blog.sina.com.cn/s/blog_6943970c0102zjr1.html	卢凯彤.2017-YOU.ARE.LOVE（EP）【WAV+CUE】
https://blog.sina.com.cn/s/blog_6943970c0102zjr0.html	陈小云.1996-陈小云百万金曲2CD【吉马】【WAV+CUE】
https://blog.sina.com.cn/s/blog_6943970c0102zjqz.html	群星.2010-上海百乐门典藏原唱老歌5CD【千亿国际】【WAV+CUE】
https://blog.sina.com.cn/s/blog_6943970c0102zjqy.html	新少年俱乐部.1993-韵事【大声音乐】【WAV+CUE】
https://blog.sina.com.cn/s/blog_6943970c0102zjqx.html	费翔.2015-人【FXTOUCHED】【WAV+CUE】
https://blog.sina.com.cn/s/blog_6943970c0102zjqv.html	群星.2001-芭啦芭啦樱之花电影原声带AVCD【华纳】【WAV+CUE】
https://blog.sina.com.cn/s/blog_6943970c0102zjqu.html	邓瑞霞.1987-午夜梦回【新黎明】【WAV+CUE】
https://blog.sina.com.cn/s/blog_6943970c0102zjqt.html	周慧敏.2016-环球萃取K2HD升级精选2辑【环球】【WAV+CUE】
https://blog.sina.com.cn/s/blog_6943970c0102zjqs.html	杨芳仪徐晓菁.1998-重逢·杨芳仪·徐晓菁【滚石】【WAV+CUE】
https://blog.sina.com.cn/s/blog_6943970c0102zjqq.html	群星.2005-长恨歌电影原声大碟【东亚】【WAV+CUE】
https://blog.sina.com.cn/s/blog_6943970c0102zjqo.html	谢玲玲.2010-丽风金点系列2CD【丽风】【WAV+CUE】
https://blog.sina.com.cn/s/blog_6943970c0102zjqm.html	苏芮.2007-25周年纪念辑绝版2CD【EQ】【WAV+CUE】
https://blog.sina.com.cn/s/blog_6943970c0102zjql.html	腾格尔.2022-远远的思念HQCD【力潮】【WAV+CUE】
https://blog.sina.com.cn/s/blog_6943970c0102zjqi.html	丘丘合唱团.1998-重逢·丘丘合唱团【滚石】【WAV+CUE】
https://blog.sina.com.cn/s/blog_6943970c0102zjqe.html	叶振棠.1985-精选第二辑（2016蜚声百代限量版）【环球】【WAV+CUE…
https://blog.sina.com.cn/s/blog_6943970c0102zjqd.html	许冠英.2006-十足斤两新曲+精选2CD【环星】【WAV+CUE】
https://blog.sina.com.cn/s/blog_6943970c0102zjqc.html	芭比.2003-一起窑国语DJ热舞（引进版）【飞碟】【WAV+CUE】
https://blog.sina.com.cn/s/blog_6943970c0102zjqa.html	郑智化.1996-MUSIC.PARTY.IN北京(【飞碟】【FLAC+CUE】
https://blog.sina.com.cn/s/blog_6943970c0102zjq8.html	郝菲尔.2009-郝菲尔（EP）【摩登天空】【FLAC分轨】
https://blog.sina.com.cn/s/blog_6943970c0102zjq7.html	郑怡.2008-怡心怡情好歌集绝版2CD【EQ】【WAV+CUE】
https://blog.sina.com.cn/s/blog_6943970c0102zjq6.html	施孝荣.1998-重逢·施孝荣【滚石】【WAV+CUE】
https://blog.sina.com.cn/s/blog_6943970c0102zjq5.html	群星.2005-百代百年系列18明星之歌(一)【EMI百代】【FLAC分轨】
https://blog.sina.com.cn/s/blog_6943970c0102zjq3.html	王嘉仪.2017-Quarter（EP）【FLAC分轨】
https://blog.sina.com.cn/s/blog_6943970c0102zjq2.html	群星.1997-华纳极品音色系列·特别版·精选17首【华纳】【WAV+CUE】…
https://blog.sina.com.cn/s/blog_6943970c0102zjq1.html	群星.1997-华纳极品音色系列·特别版·精选17首【华纳】【WAV+CUE】…
https://blog.sina.com.cn/s/blog_6943970c0102zjq0.html	韩宝仪.2008-ChaCha天后·抒情精典绝版2CD【EQ】【WAV+CUE】
https://blog.sina.com.cn/s/blog_6943970c0102zjpz.html	坏特.2020-一个人的卧室【FLAC分轨】
https://blog.sina.com.cn/s/blog_6943970c0102zjpw.html	王新莲马宜中郑怡.1998-重逢·王新莲马宜中郑怡【滚石】【WAV+CUE】…
https://blog.sina.com.cn/s/blog_6943970c0102zjpv.html	萧丽珠.1990-闽南语专辑【歌林】【WAV+CUE】
https://blog.sina.com.cn/s/blog_6943970c0102zjpu.html	陈蕾.2019-1029【自由意志】【FLAC分轨】
https://blog.sina.com.cn/s/blog_6943970c0102zjps.html	尹光.1981-发发发·万税天堂（2016新世纪复刻版）【丽风】【WAV+CUE…
https://blog.sina.com.cn/s/blog_6943970c0102zjpq.html	洪荣宏.1990-红歌金曲2辑【南方】【WAV+CUE】
https://blog.sina.com.cn/s/blog_6943970c0102zjpp.html	群星.1996-SUPER超级国语精选辑【新艺宝】【WAV+CUE】
https://blog.sina.com.cn/s/blog_6943970c0102zjpo.html	花儿乐队.1999-幸福的旁边2辑【新蜂音乐】【WAV+CUE】
https://blog.sina.com.cn/s/blog_6943970c0102zjpn.html	郑秀文.1997-华纳超极品音色系列2辑【华纳】【WAV+CUE】
https://blog.sina.com.cn/s/blog_6943970c0102zjpm.html	王海玲.1998-重逢·王海玲【滚石】【WAV+CUE】
https://blog.sina.com.cn/s/blog_6943970c0102zjpl.html	群星.1992-许冠杰光荣引退汇群星（2022蜚声环球限量版）【环球】【…
https://blog.sina.com.cn/s/blog_6943970c0102zjpk.html	邓妙华.2009-绝妙风华2009【倍特音乐】【WAV+CUE】
https://blog.sina.com.cn/s/blog_6943970c0102zjpi.html	广智.2003-广智【大地】【WAV+CUE】
https://blog.sina.com.cn/s/blog_6943970c0102zjph.html	崔萍.2015-在我们小时候（新世纪复刻版）【SEPIA】【WAV+CUE】
https://blog.sina.com.cn/s/blog_6943970c0102zjpf.html	群星.2023-模仿犯主题歌曲原声带【相信音乐】【FLAC分轨】
https://blog.sina.com.cn/s/blog_6943970c0102zjpe.html	海鸣威.2010-我的回忆不是我的【英皇娱乐】【WAV+CUE】
https://blog.sina.com.cn/s/blog_6943970c0102zjpd.html	关正杰.2004-百花齐放3CD【环球】【WAV+CUE】
https://blog.sina.com.cn/s/blog_6943970c0102zjpc.html	李建复.1998-重逢·李建复【滚石】【WAV+CUE】
https://blog.sina.com.cn/s/blog_6943970c0102zjp8.html	张国荣.2023-Summer.Romance87（MQA-UHQCD限量版）【环球】【WAV+C…
https://blog.sina.com.cn/s/blog_6943970c0102zjp7.html	丁世光.2017-神经志【SONY】【FLAC分轨】
https://blog.sina.com.cn/s/blog_6943970c0102zjp5.html	唐尼.2014-金曲系列·壹2CD校园民谣回顾篇【丰荣】【WAV+CUE】
https://blog.sina.com.cn/s/blog_6943970c0102zjp4.html	伦永亮.1998-我的梦与忧新曲+精选16首【嘉音】【FLAC分轨】
https://blog.sina.com.cn/s/blog_6943970c0102zjp3.html	李心洁.2023-盛开（EP）【滚石】【FLAC分轨】
https://blog.sina.com.cn/s/blog_6943970c0102zjp2.html	群星.2004-爱情魔戒电视原声带【丰华】【WAV+CUE】
https://blog.sina.com.cn/s/blog_6943970c0102zjp1.html	左卡乐队.2012-The.World.I.Know【星外星】【WAV+CUE】
https://blog.sina.com.cn/s/blog_6943970c0102zjp0.html	黎明.2008-是我【东亚】【WAV+CUE】
https://blog.sina.com.cn/s/blog_6943970c0102zjoz.html	黄大城.1998-重逢·黄大城【滚石】【WAV+CUE】
https://blog.sina.com.cn/s/blog_6943970c0102zjoy.html	群星.1992-流行极品III（2022蜚声环球限量版）【环球】【WAV+CUE】
https://blog.sina.com.cn/s/blog_6943970c0102zjow.html	徐小凤.2004-百花齐放3CD【环球】【WAV+CUE】
https://blog.sina.com.cn/s/blog_6943970c0102zjov.html	刘浩龙.2012-小精丫正东】【WAV+CUE】
https://blog.sina.com.cn/s/blog_6943970c0102zjos.html	邓丽君.1983-15周年（2023MQA-UHQCD限量版）【环球】【WAV+CUE】
https://blog.sina.com.cn/s/blog_6943970c0102zjor.html	范丞丞.2021-EMERGINGtheRemix（EP）【美涛丞星】【FLAC分轨】
https://blog.sina.com.cn/s/blog_6943970c0102zjoq.html	刘文正.1978-闪亮的日子（喜玛拉雅复刻版）【歌林】【WAV+CUE】
https://blog.sina.com.cn/s/blog_6943970c0102zjop.html	林佳蓉许淑绢.1998.-重逢·林佳蓉·许淑绢【滚石】【WAV+CUE】
https://blog.sina.com.cn/s/blog_6943970c0102zjoo.html	林竹君.2007-倾心雅集2CD（南方金点系列）【南方】【WAV+CUE】
https://blog.sina.com.cn/s/blog_6943970c0102zjon.html	群星.2021-你的婚礼电影原声带【光合纪纪】【FLAC分轨】
https://blog.sina.com.cn/s/blog_6943970c0102zjom.html	于希平.1991-想要你也难不想你也难【巨石】【WAV+CUE】
https://blog.sina.com.cn/s/blog_6943970c0102zjok.html	群星.2013-顾嘉辉大师经典演唱会3CD【爱我音乐】【WAV+CUE】
https://blog.sina.com.cn/s/blog_6943970c0102zjoj.html	王菲.1995-菲靡靡之音（2023MQA-UHQCD限量版）【环球】【WAV+CUE】
https://blog.sina.com.cn/s/blog_6943970c0102zjoi.html	郭静.2022-SO.LUCKY（EP）【福茂】【FLAC分轨】
https://blog.sina.com.cn/s/blog_6943970c0102zjog.html	蔡旻佑.2006-19【SONY】【WAV+CUE】
https://blog.sina.com.cn/s/blog_6943970c0102zjof.html	齐豫.1998-重逢齐豫【滚石】【WAV+CUE】
https://blog.sina.com.cn/s/blog_6943970c0102zjoe.html	罗宾.2015-不想辜负你深情【丰荣唱片】【WAV+CUE】
https://blog.sina.com.cn/s/blog_6943970c0102zjod.html	何宝生.1993-相爱相聚【宝艺星】【FLAC分轨】
https://blog.sina.com.cn/s/blog_6943970c0102zjoc.html	群星.1997-星心相印VOL.3【滚石】【WAV+CUE】
https://blog.sina.com.cn/s/blog_6943970c0102zjob.html	新裤子.2023-悲伤朋克（EP）【硬地加速】【FLAC分轨】
https://blog.sina.com.cn/s/blog_6943970c0102zjo9.html	周慧敏.1992-ENDLESSDREAM（2022蜚声环球限量版）【环球】【WAV+CU…
https://blog.sina.com.cn/s/blog_6943970c0102zjo8.html	飞轮海.2009-JAPAN.COMPLATE.EDITION【WAV+CUE】
https://blog.sina.com.cn/s/blog_6943970c0102zjo7.html	张小英.2009-岁月留声2CD【皇星全音】【WAV+CUE】
https://blog.sina.com.cn/s/blog_6943970c0102zjo6.html	陈百强.2006-华纳NO.12CD【华纳】【WAV+CUE】
https://blog.sina.com.cn/s/blog_6943970c0102zjo5.html	陈明韶.1998-重逢·陈明韶【滚石】【WAV+CUE】
https://blog.sina.com.cn/s/blog_6943970c0102zjo4.html	群星.2007-转角遇到爱电视原声带【SONY】【WAV+CUE】
https://blog.sina.com.cn/s/blog_6943970c0102zjo3.html	徐玮.1995-希望下起雨来【清优】【WAV+CUE】
https://blog.sina.com.cn/s/blog_6943970c0102zjo2.html	薛凯琪.2012-Filicious.Fiona.in.Concert.2CD【华纳】【WAV+CUE】
https://blog.sina.com.cn/s/blog_6943970c0102zjo1.html	崔萍.2005-百代百年系列22：深闺梦里人【EMI百代】【FLAC分轨】
https://blog.sina.com.cn/s/blog_6943970c0102zjo0.html	尤长靖.2023-肆无忌惮的恋人（EP）【FLAC分轨】
https://blog.sina.com.cn/s/blog_6943970c0102zjnz.html	群星.1996-星心相印VOL.2浪漫手牵手【滚石】【WAV+CUE】
https://blog.sina.com.cn/s/blog_6943970c0102zjny.html	高明骏.2012-春生的爱情（EP）【曼达文化】【WAV+CUE】
https://blog.sina.com.cn/s/blog_6943970c0102zjnx.html	戴佩妮.2016-贼【妮乐佛创意】【WAV+CUE】
https://blog.sina.com.cn/s/blog_6943970c0102zjnw.html	邓妙华.2010-花样年华·邓妙华完整作品精选集5CD【华纳】【WAV+CUE…
https://blog.sina.com.cn/s/blog_6943970c0102zjnv.html	王梦麟.1998-重逢·王梦麟【滚石】【WAV+CUE】
https://blog.sina.com.cn/s/blog_6943970c0102zjnu.html	群星.1996-星心相印VOL.1【滚石】【WAV+CUE】
https://blog.sina.com.cn/s/blog_6943970c0102zjnt.html	刘文娟.1998-DREAM.A.LITTLE.DREAM精选19首【乐意唱片】【WAV+CUE…
https://blog.sina.com.cn/s/blog_6943970c0102zjns.html	汤钧禧.2001-汤钧禧（EP）【稻草人】【WAV+CUE】
https://blog.sina.com.cn/s/blog_6943970c0102zjnr.html	莫少聪.1993-还是爱你【艺能动音】【FLAC分轨】
https://blog.sina.com.cn/s/blog_6943970c0102zjnq.html	黄莺莺.2013-绝代绝版3CD【华纳】【WAV+CUE】
https://blog.sina.com.cn/s/blog_6943970c0102zjnp.html	群星.2003-还珠格格3天上人间【金峰】【WAV+CUE】
https://blog.sina.com.cn/s/blog_6943970c0102zjno.html	音乐磁场.1998-音乐磁场21-22【瑞星】【WAV+CUE】
https://blog.sina.com.cn/s/blog_6943970c0102zjnm.html	林峰.2016-THE.LF.COLLECTION.VOL.1【英皇娱乐】【WAV+CUE】
https://blog.sina.com.cn/s/blog_6943970c0102zjnl.html	刘蓝溪.1998-重逢·刘蓝溪【滚石】【WAV+CUE】
https://blog.sina.com.cn/s/blog_6943970c0102zjnj.html	麦洁文.1981-前尘莫追究【WAV分轨】
https://blog.sina.com.cn/s/blog_6943970c0102zjni.html	群星.2022-以月之名【华研国际】【FLAC分轨】
https://blog.sina.com.cn/s/blog_6943970c0102zjnh.html	文慧如.2020-还原【华研国际】【FLAC分轨】
https://blog.sina.com.cn/s/blog_6943970c0102zjng.html	李傲梅.1990-会说谎的眼睛（TP版）【宝丽金】【WAV+CUE】
https://blog.sina.com.cn/s/blog_6943970c0102zjne.html	浮世绘.1995-ALL.OF.YOU【新艺宝】【FLAC分轨】
https://blog.sina.com.cn/s/blog_6943970c0102zjnd.html	周璇－周璇之歌8CD【SEPIA】【WAV+CUE】
https://blog.sina.com.cn/s/blog_6943970c0102zjnc.html	许冠英.2005-真经典发钱寒【艾回】【WAV+CUE】
https://blog.sina.com.cn/s/blog_6943970c0102zjnb.html	包美圣.1998-重逢·包美圣【滚石】【WAV+CUE】
https://blog.sina.com.cn/s/blog_6943970c0102zjn9.html	群星.1994-爱在情歌蔓延时（李宗盛十年情歌精选集）【滚石】【WAV+…
https://blog.sina.com.cn/s/blog_6943970c0102zjn6.html	林帆.1993-空空的心【飞图】【FLAC分轨】
https://blog.sina.com.cn/s/blog_6943970c0102zjn5.html	李静美.1993-满面春风邓雨贤创作歌谣作品集【上扬】【WAV+CUE】
https://blog.sina.com.cn/s/blog_6943970c0102zjn4.html	郑钧.2022-两只口罩【五大唱片】【WAV+CUE】
https://blog.sina.com.cn/s/blog_6943970c0102zjn2.html	于文文.2023-是我【华纳】【FLAC分轨】
https://blog.sina.com.cn/s/blog_6943970c0102zjn1.html	李玉刚.2010-新贵妃醉酒【玉泽东方】【WAV+CUE】
https://blog.sina.com.cn/s/blog_6943970c0102zjn0.html	许冠杰.2014-百分百精丫新世纪】【WAV+CUE】
https://blog.sina.com.cn/s/blog_6943970c0102zjmy.html	林姗姗.1987-痴心【华纳】【FLAC分轨】
https://blog.sina.com.cn/s/blog_6943970c0102zjmx.html	谢军.2005-那一夜【华谊兄弟】【WAV+CUE】
https://blog.sina.com.cn/s/blog_6943970c0102zjmw.html	徐玮.2005-纬肖维妙3CD【音乐谷】【WAV+CUE】
https://blog.sina.com.cn/s/blog_6943970c0102zjmv.html	王嘉仪.2016-Sophrology（EP）【WAV分轨】
https://blog.sina.com.cn/s/blog_6943970c0102zjmu.html	群星.2005-昨夜我为你失眠（百代百年系列之16）【EMI百代】【WAV+C…
https://blog.sina.com.cn/s/blog_6943970c0102zjmt.html	群星.1998-让心勇敢飞【民声文化】【WAV+CUE】
https://blog.sina.com.cn/s/blog_6943970c0102zjms.html	林一峰.2023-The.Indie.Files【LYFMUSIC】【FLAC分轨】
https://blog.sina.com.cn/s/blog_6943970c0102zjmr.html	音乐磁场.1996-音乐磁场系列16－20【瑞星】【WAV+CUE】
https://blog.sina.com.cn/s/blog_6943970c0102zjmp.html	张国荣.2004-经典国语合集3CD(环球复刻版)【新艺宝】【WAV+CUE】
https://blog.sina.com.cn/s/blog_6943970c0102zjmo.html	群星.1989-乡城之星畅销金曲3【乡城】【WAV+CUE】
https://blog.sina.com.cn/s/blog_6943970c0102zjmn.html	吴国敬.1986-玩火EP【EMI百代】【FLAC分轨】
https://blog.sina.com.cn/s/blog_6943970c0102zjmm.html	二手玫瑰.2022-冰城之夏【FLAC分轨】
https://blog.sina.com.cn/s/blog_6943970c0102zjml.html	巫慧敏.2008-My.Life,My.Songs【滚石】【WAV+CUE】
https://blog.sina.com.cn/s/blog_6943970c0102zjmk.html	群星.2019-砳（石头计划3）【FLAC分轨】
https://blog.sina.com.cn/s/blog_6943970c0102zjmj.html	陈洁仪.2012-倾城.LIVE.2CD【BASIC】【WAV+CUE】
https://blog.sina.com.cn/s/blog_6943970c0102zjmi.html	蔡枫华.1982-人之初【SONY】【FLAC分轨】
https://blog.sina.com.cn/s/blog_6943970c0102zjmh.html	潘秀琼.1994-旧情绵绵3CD【风潮】【WAV+CUE】
https://blog.sina.com.cn/s/blog_6943970c0102zjmg.html	张国荣.2013-REMEMBRANCELeslie【环球】【FLAC分轨】
https://blog.sina.com.cn/s/blog_6943970c0102zjmd.html	徐玮.2009-昔日偶像白马王子之称绝版【EQMUSIC】【WAV+CUE】
https://blog.sina.com.cn/s/blog_6943970c0102zjmc.html	群星.2004-三里屯之酒吧歌手合辑2CD【太合麦田】【WAV+CUE】
https://blog.sina.com.cn/s/blog_6943970c0102zjmb.html	程琳.2011-比金更重【杰盛】【WAV+CUE】
https://blog.sina.com.cn/s/blog_6943970c0102zjma.html	吴涤清.1990-猜不透的心（TP版）【陕西音像】【WAV+CUE】
https://blog.sina.com.cn/s/blog_6943970c0102zjm9.html	韦秀娴.2005-百代百年系列23美麗的夜香港【EMI百代】【FLAC分轨】
https://blog.sina.com.cn/s/blog_6943970c0102zjm8.html	群星.2023-REMEMBERING.Leslie【环球】【FLAC分轨】
https://blog.sina.com.cn/s/blog_6943970c0102zjm4.html	邓丽君－环球绝版复刻盘28CD（日版）【环球】【WAV+CUE】
https://blog.sina.com.cn/s/blog_6943970c0102zjm2.html	群星.2018-20之后电视原声带【华研国际】【FLAC分轨】
https://blog.sina.com.cn/s/blog_6943970c0102zjm1.html	群星.1986-为我们骄傲（TP版）【太平洋影音】【WAV+CUE】
https://blog.sina.com.cn/s/blog_6943970c0102zjlz.html	旺福.2021-你好我好大家好【发现梦想】【FLAC分轨】
https://blog.sina.com.cn/s/blog_6943970c0102zjly.html	庄立帆.1995-爱你是这样的苦【波丽佳音】【WAV+CUE】
https://blog.sina.com.cn/s/blog_6943970c0102zjlx.html	林黛.2005-百代百年系列11一代影后【EMI百代】【FLAC分轨】
https://blog.sina.com.cn/s/blog_6943970c0102zjlw.html	胡美仪.2012-粤调名曲（AQCD限量版）【风行】【WAV+CUE】
https://blog.sina.com.cn/s/blog_6943970c0102zjlv.html	王力宏柯以敏.1998-我用生命爱你（EP）【SONY】【WAV+CUE】
https://blog.sina.com.cn/s/blog_6943970c0102zjlu.html	蓝樱.2009-樱艺超群8CD【音乐谷】【WAV+CUE】（修正）
https://blog.sina.com.cn/s/blog_6943970c0102zjlt.html	邝美云.1998-仍然心在想你精选2CD【宝丽金】【WAV+CUE】
https://blog.sina.com.cn/s/blog_6943970c0102zjlq.html	旅行团乐队魏如萱.2016-大事发声录音棚现场LIVE【STREETVOICE】【F…
https://blog.sina.com.cn/s/blog_6943970c0102zjlm.html	TizzyBac.2019-如果看见地狱，我就不怕魔鬼【相信音乐】【FLAC分轨…
https://blog.sina.com.cn/s/blog_6943970c0102zjll.html	姚乙.2012-你们的掌声【南方】【WAV+CUE】
https://blog.sina.com.cn/s/blog_6943970c0102zjlk.html	群星.2021-你的婚礼电影原声带【光合纪纪】【FLAC分轨】
https://blog.sina.com.cn/s/blog_6943970c0102zjlj.html	陈浩德.1994-金碟精丫月升唱片】【WAV+CUE】
https://blog.sina.com.cn/s/blog_6943970c0102zjlg.html	群星.2004-组·BAND岁月VOL.2【SONY】【WAV+CUE】
https://blog.sina.com.cn/s/blog_6943970c0102zjlf.html	曾志伟.2001-宇宙无敌奖门人终极原声大碟【UMG】【FLAC分轨】
https://blog.sina.com.cn/s/blog_6943970c0102zjle.html	吕方.2007-好情歌演唱会3CD【新世纪】【WAV+CUE】
https://blog.sina.com.cn/s/blog_6943970c0102zjld.html	许飞.2023-许飞的翻唱电台2【FLAC分轨】
https://blog.sina.com.cn/s/blog_6943970c0102zjlc.html	吴莺音.2013-吴莺音之歌5CD【SEPIA】【WAV+CUE】
https://blog.sina.com.cn/s/blog_6943970c0102zjlb.html	群星.2006-天使情人电视原声带【乔杰立】【WAV+CUE】
https://blog.sina.com.cn/s/blog_6943970c0102zjla.html	许冠杰.1982-难忘您·紙船（复刻版）【宝丽金】【WAV+CUE】
https://blog.sina.com.cn/s/blog_6943970c0102zjl8.html	BEYOND.2013-30TH.ANNIVERSARY青春印记3CD【环球】【WAV+CUE】
https://blog.sina.com.cn/s/blog_6943970c0102zjl7.html	丁菲飞.2000-丁菲飞（EP）【环球】【WAV+CUE】
https://blog.sina.com.cn/s/blog_6943970c0102zjl6.html	罗文.2020-国语·广东精选（24K金碟限量版）【英皇娱乐】【WAV+CUE…
https://blog.sina.com.cn/s/blog_6943970c0102zjl5.html	CDVoice.1993-Cd.Voice(EP)【新艺宝】【FLAC分轨】
https://blog.sina.com.cn/s/blog_6943970c0102zjl4.html	群星.2001-大宅门电视剧原声大碟【科学文化音像】【WAV+CUE】
https://blog.sina.com.cn/s/blog_6943970c0102zjl3.html	音乐磁场.1994-音乐磁场系列3【瑞星】【WAV+CUE】
https://blog.sina.com.cn/s/blog_6943970c0102zjl1.html	郑裕玲.1981-方希文·歌的故事【风格】【FLAC分轨】
https://blog.sina.com.cn/s/blog_6943970c0102zjl0.html	吉克雋逸.2013-哈尔费蒂（EP）【华纳】【FLAC分轨】
https://blog.sina.com.cn/s/blog_6943970c0102zjkz.html	徐玮.2005-那个女孩4CD【东尼机构】【WAV+CUE】
https://blog.sina.com.cn/s/blog_6943970c0102zjky.html	Raidas.1988-危险游戏（2022新世纪MQA限量版）【艺视】【WAV+CUE】
https://blog.sina.com.cn/s/blog_6943970c0102zjkx.html	文慧如.2020-还原【华研国际】【FLAC分轨】
https://blog.sina.com.cn/s/blog_6943970c0102zjkv.html	余天.2004-雄狮魅力金曲【南方】【WAV+CUE】
https://blog.sina.com.cn/s/blog_6943970c0102zjku.html	群星.1996-一帘幽梦电视原声带【上华】【WAV+CUE】
https://blog.sina.com.cn/s/blog_6943970c0102zjks.html	青山.2014-谁是春风得意人（新世纪复刻版）【丽风唱片】【WAV+CUE…
https://blog.sina.com.cn/s/blog_6943970c0102zjkq.html	吴涤清.1985-劲歌选（TP版）【国际声像】【WAV+CUE】
https://blog.sina.com.cn/s/blog_6943970c0102zjkp.html	杨峻荣.1992-情书团·杨峻荣精选辑【乡城】【WAV+CUE】
https://blog.sina.com.cn/s/blog_6943970c0102zjko.html	齐秦.1997-狼97·齐奏黄金自选辑（2003XRCD限量版）【上华】【WAV+C…
https://blog.sina.com.cn/s/blog_6943970c0102zjkj.html	蓝圣文.1983-明白告诉我·满天星星会说话（飞跃复刻版）【光美】【W…
https://blog.sina.com.cn/s/blog_6943970c0102zjki.html	柯以敏.1999-我会永远爱你.2CD【SONY】【WAVCUE】
https://blog.sina.com.cn/s/blog_6943970c0102zjkh.html	马怡静.2016-LISTEN.TO.ME【新世纪】【WAVCUE】
https://blog.sina.com.cn/s/blog_6943970c0102zjkg.html	小岛乐队.1986-画匠【宝丽金】【WAV分轨】
https://blog.sina.com.cn/s/blog_6943970c0102zjkf.html	秦咏.2005-浓情恋歌金曲3CD【南方】【WAVCUE】
https://blog.sina.com.cn/s/blog_6943970c0102zjkd.html	朱晓琳.1984-妈妈的吻（2023鎏金系列MQA限量版）【太平洋影音】【W…
https://blog.sina.com.cn/s/blog_6943970c0102zjkc.html	许哲佩.2011-奇幻精品店【弯的音乐】【WAVCUE】
https://blog.sina.com.cn/s/blog_6943970c0102zjka.html	杨烈.1986-唐人街警探（喜玛拉雅复刻版）【拍谱】【WAVCUE】
https://blog.sina.com.cn/s/blog_6943970c0102zjk8.html	群星.2021-赘婿电视原声带【无限自在】【FLAC分轨】
https://blog.sina.com.cn/s/blog_6943970c0102zjk7.html	小尘埃.2016-ALittleLouder【SONY】【FLAC分轨】
https://blog.sina.com.cn/s/blog_6943970c0102zjk5.html	李玲玉.2008-粉红色的回忆【中唱】【WAVCUE】
https://blog.sina.com.cn/s/blog_6943970c0102zjk4.html	群星.1998-大激想（EP）【华星】【WAV+CUE】
https://blog.sina.com.cn/s/blog_6943970c0102zjk3.html	音乐磁场.1992-音乐磁场系列2【瑞星】【WAV+CUE】
https://blog.sina.com.cn/s/blog_6943970c0102zjk0.html	姚乙.1996-爱的旋律·成名经典【丽风】【WAV+CUE】
https://blog.sina.com.cn/s/blog_6943970c0102zjjx.html	罗坚.1996-完全创作少年【丽音】【WAV+CUE】
https://blog.sina.com.cn/s/blog_6943970c0102zjjv.html	音乐磁场.1991-音乐磁场系列【瑞星】【WAV+CUE】
https://blog.sina.com.cn/s/blog_6943970c0102zjju.html	群星.2003-难忘的影视金曲·港台篇【正大国际】【WAV+CUE】
https://blog.sina.com.cn/s/blog_6943970c0102zjjt.html	郑欣宜.2023-Believe.Us【寰亚】【FLAC分轨】
https://blog.sina.com.cn/s/blog_6943970c0102zjjs.html	群星.2006-新上海滩电视剧原声带【天中文化】【WAV+CUE】
https://blog.sina.com.cn/s/blog_6943970c0102zjjq.html	吴美玲.1988-酒场演歌2【乡城】【WAV+CUE】
https://blog.sina.com.cn/s/blog_6943970c0102zjjp.html	林文隆.1988-酒場演歌1【乡城】【WAV+CUE】
https://blog.sina.com.cn/s/blog_6943970c0102zjjo.html	文章.1991-我是风（TP引进版）【真郅】【WAV+CUE】
https://blog.sina.com.cn/s/blog_6943970c0102zjjn.html	艾怡良.2021-偏偏我却都记得【环球】【FLAC分轨】
https://blog.sina.com.cn/s/blog_6943970c0102zjjl.html	吴卓玲.2015-我最亲爱的海【树音乐】【FLAC分轨】
https://blog.sina.com.cn/s/blog_6943970c0102zjjk.html	何家劲.1994-重头做起+新鸳鸯蝴蝶梦（2EP）【艺能动音】【WAV+CUE…
https://blog.sina.com.cn/s/blog_6943970c0102zjjj.html	周海媚.1997-迷恋你（国专）【丰华】【FLAC分轨】
https://blog.sina.com.cn/s/blog_6943970c0102zjji.html	群星.2021-心跳源计划电视原声带【智慧大狗】【FLAC分轨】
https://blog.sina.com.cn/s/blog_6943970c0102zjjh.html	青山姚苏蓉.1988-经典名曲21首【瑞成】【WAV+CUE】
https://blog.sina.com.cn/s/blog_6943970c0102zjjg.html	二手玫瑰.2018-我要开花【水晶东岸艺术】【WAV+CUE】
https://blog.sina.com.cn/s/blog_6943970c0102zjjf.html	那英.1995-白天不懂夜的黑【福茂】【WAV+CUE】
https://blog.sina.com.cn/s/blog_6943970c0102zjjc.html	姚乙.1998-明日天涯【温拿唱片】【WAV+CUE】
https://blog.sina.com.cn/s/blog_6943970c0102zjjb.html	周云蓬.2010-牛羊下山【WAV+CUE】
https://blog.sina.com.cn/s/blog_6943970c0102zjja.html	李家明.1993-回到真我【新艺宝】【WAV分轨】
https://blog.sina.com.cn/s/blog_6943970c0102zjj9.html	群星.1972-丽风电影原声带第一集（2014新世纪复刻版）【丽风】【WA…
https://blog.sina.com.cn/s/blog_6943970c0102zjj8.html	吴卓源.2018-1994依旧旧事【ChynaHouse】【FLAC分轨】
https://blog.sina.com.cn/s/blog_6943970c0102zjj7.html	群星.2009-万物生长【太合麦田】【WAV+CUE】
https://blog.sina.com.cn/s/blog_6943970c0102zjj6.html	何如惠.1991-风花雪月（留声经典复刻版）【宝丽金】【WAV+CUE】
https://blog.sina.com.cn/s/blog_6943970c0102zjj5.html	崔萍.1993-梦里相思·中国时代曲名典【EMI百代】【WAV+CUE】
https://blog.sina.com.cn/s/blog_6943970c0102zjj4.html	蔡枫华.1981-IQ成熟时【SONY】【FLAC分轨】
https://blog.sina.com.cn/s/blog_6943970c0102zjj2.html	王璁.2016-盛放2CD【星外星】【FLAC+CUE】
https://blog.sina.com.cn/s/blog_6943970c0102zjj1.html	群星.2007-祖国慈祥的母亲（陆在易声乐作品精选）【上海音像】【WA…
https://blog.sina.com.cn/s/blog_6943970c0102zjiy.html	伍嘉成.2020-无名岛（EP）【哇唧唧哇】【FLAC分轨】
https://blog.sina.com.cn/s/blog_6943970c0102zjix.html	刘德华.2002-星声传集之刘德华【EMI百代】【WAV+CUE】
https://blog.sina.com.cn/s/blog_6943970c0102zjiw.html	麦洁文.1988-KitmanRemix【新艺宝】【WAV分轨】
https://blog.sina.com.cn/s/blog_6943970c0102zjiv.html	群星.2001-爱君如梦电影原声AVCD【WAV+CUE】
https://blog.sina.com.cn/s/blog_6943970c0102zjiu.html	梦剧院.1989-天生一对【乐意唱片】【WAV+CUE】
https://blog.sina.com.cn/s/blog_6943970c0102zjit.html	黄莺莺.2005-翠谷回莺2CD【环球】【WAV+CUE】
https://blog.sina.com.cn/s/blog_6943970c0102zjiq.html	黄淑蔓.2019-17PLUS【寰亚】【FLAC分轨】
https://blog.sina.com.cn/s/blog_6943970c0102zjip.html	群星.1986-回顾篇【歌林】【WAV+CUE】
https://blog.sina.com.cn/s/blog_6943970c0102zjio.html	黄玠玮.2015-亲爱的，你听见了吗？【风和日丽】【FLAC分轨】
https://blog.sina.com.cn/s/blog_6943970c0102zjin.html	群星.1975-花月良宵·金镶玉（喜玛拉雅复刻版）【海山】【WAV+CUE】…
https://blog.sina.com.cn/s/blog_6943970c0102zjim.html	八三夭.2012-最后的831【相信音乐】【WAV+CUE】
https://blog.sina.com.cn/s/blog_6943970c0102zjil.html	蓝奕邦.2013-优与美（EP）【东亚】【FLAC分轨】
https://blog.sina.com.cn/s/blog_6943970c0102zjii.html	甄妮.2003-巨星经典系列3CD【海山】【WAV+CUE】
https://blog.sina.com.cn/s/blog_6943970c0102zjih.html	腾格尔.2022-出走天堂（MQA-UHQCD限量版）【新汇】【WAV+CUE】
https://blog.sina.com.cn/s/blog_6943970c0102zjif.html	陈小云.1989-单身贵族【吉马】【WAV+CUE】
https://blog.sina.com.cn/s/blog_6943970c0102zjid.html	黄贯中.2012-PAUL.WONG.COLLECTION【非凡娱乐】【WAV+CUE】
https://blog.sina.com.cn/s/blog_6943970c0102zjib.html	周云蓬.2008-清炒苦瓜（精选）【刀马旦】【WAV+CUE】
https://blog.sina.com.cn/s/blog_6943970c0102zjia.html	莫少聪.2014-多谢（EP）【FLAC分轨】
https://blog.sina.com.cn/s/blog_6943970c0102zji8.html	群星.1975-花月良宵·金镶玉（喜玛拉雅复刻版）【海山】【WAV+CUE】…
https://blog.sina.com.cn/s/blog_6943970c0102zji7.html	林志美.2003-当林志美遇上鲍比达（2021新世纪MQA限量版）【爱我音…
https://blog.sina.com.cn/s/blog_6943970c0102zji3.html	陈慧敏.2017-一粒嘢【棋人娱乐】【FLAC分轨】
https://blog.sina.com.cn/s/blog_6943970c0102zji2.html	周柏豪.2012-IMPERFECT.COLLECTION.2CD【华纳】【WAV+CUE】
https://blog.sina.com.cn/s/blog_6943970c0102zji0.html	方文琳.1995-藏爱精典（梦田版）【飞鹰】【WAV+CUE】
https://blog.sina.com.cn/s/blog_6943970c0102zjhz.html	牛奶@咖啡.2019-勇敢的人会拥有翅膀【好奇音乐】【WAV分轨】
https://blog.sina.com.cn/s/blog_6943970c0102zjhy.html	龙影霞.1989-走过（经典复刻系列）【SONY】【WAV+CUE】
https://blog.sina.com.cn/s/blog_6943970c0102zjhv.html	凤飞飞.1982-你来了（2013歌林黄金十年版6）【歌林】【WAV+CUE】
https://blog.sina.com.cn/s/blog_6943970c0102zjht.html	严正岚.2018-告白【海蝶】【FLAC分轨】
https://blog.sina.com.cn/s/blog_6943970c0102zjhs.html	群星.2015-环球志1016CD【环球】【FLAC分轨】
https://blog.sina.com.cn/s/blog_6943970c0102zjhr.html	Mr.2011-PEOPLE.SING.FOR.PEOPLE【环球】【WAV+CUE】
https://blog.sina.com.cn/s/blog_6943970c0102zjhq.html	群星.1975-未曾留下地址电影原声带（梦田复刻版）【大联机构】【WA…
https://blog.sina.com.cn/s/blog_6943970c0102zjhp.html	穆红.2006-红谷回声【太平洋影音】【WAV+CUE】
https://blog.sina.com.cn/s/blog_6943970c0102zjho.html	莫华伦.2017-莫先生MRMOK【正大国际】【WAV+CUE】
https://blog.sina.com.cn/s/blog_6943970c0102zjhn.html	朱茵.2004-Attitude（EP）【WAV分轨】
https://blog.sina.com.cn/s/blog_6943970c0102zjhk.html	张德兰.1985-镭射精华特辑【永恒】【WAV+CUE】
https://blog.sina.com.cn/s/blog_6943970c0102zjhi.html	群星.1987-百万畅销曲85【快乐唱片】【WAV+CUE】
https://blog.sina.com.cn/s/blog_6943970c0102zjhh.html	城市少女.1988-老师，有问题【宝丽金】【WAV+CUE】
https://blog.sina.com.cn/s/blog_6943970c0102zjhe.html	陈健安.2019-本原【寰亚】【FLAC分轨】
https://blog.sina.com.cn/s/blog_6943970c0102zjhc.html	群星.1985-群星二号（2014环球复黑王·百代篇）【EMI百代】【WAV+CU…
https://blog.sina.com.cn/s/blog_6943970c0102zjhb.html	群星.1985-群星一号（2015环球复黑王·百代篇）【EMI百代】【WAV+CU…
https://blog.sina.com.cn/s/blog_6943970c0102zjha.html	吴卓源.2017-1：28【ChynaHouse】【WAV+CUE】
https://blog.sina.com.cn/s/blog_6943970c0102zjh5.html	小岛乐队.1985-小岛乐队（2006新世纪复刻版）【I.C】【FLAC+CUE】
https://blog.sina.com.cn/s/blog_6943970c0102zjh4.html	鲍翠薇.1987-爱的革命【日升唱片】【WAV分轨】
https://blog.sina.com.cn/s/blog_6943970c0102zjh3.html	李俊纬.2021-为了你，我可以【禾广娱乐】【FLAC分轨】
https://blog.sina.com.cn/s/blog_6943970c0102zjh2.html	刘天兰.1987-CITY.GIRL【黑白唱片】【FLAC分轨】
https://blog.sina.com.cn/s/blog_6943970c0102zjh1.html	群星.1989-七匹狼电影原声带【飞碟】【WAV+CUE】
https://blog.sina.com.cn/s/blog_6943970c0102zjh0.html	伍佰.2004-爱你伍佰年世纪典藏原音精选3CD【滚石】【WAV+CUE】
https://blog.sina.com.cn/s/blog_6943970c0102zjgz.html	吴奇.2020-不说话的人（EP）【看见音乐】【FLAC分轨】
https://blog.sina.com.cn/s/blog_6943970c0102zjgy.html	羽泉.2006-遗落人间的后冠我们唱邓丽君【华谊兄弟】【WAV+CUE】
https://blog.sina.com.cn/s/blog_6943970c0102zjgw.html	高嘉朗.2019-就是我（EP）【百沐娱乐】【FLAC分轨】
https://blog.sina.com.cn/s/blog_6943970c0102zjgu.html	罗宾.2002-西洋魅力金曲（精品回顾系列）【南方】【WAV+CUE】
https://blog.sina.com.cn/s/blog_6943970c0102zjgs.html	赖伟锋.2022-爱粤之城【简单快乐文化】【FLAC分轨】
https://blog.sina.com.cn/s/blog_6943970c0102zjgr.html	群星.2018-手写的流年·张宏光音乐之旅四十年经典作品丫人民音乐】…
https://blog.sina.com.cn/s/blog_6943970c0102zjgq.html	李家明.1994-情没法设防【歌城】【WAV分轨】
https://blog.sina.com.cn/s/blog_6943970c0102zjgp.html	张蔷.1996-尽情摇摆【WAV+CUE】
https://blog.sina.com.cn/s/blog_6943970c0102zjgk.html	郭忠祐.2018-You.Are.My.Only.One【百是时代】【FLAC+CUE】
https://blog.sina.com.cn/s/blog_6943970c0102zjgi.html	刘子千.2013-都是爱【疯狂娱乐】【WAV+CUE】
https://blog.sina.com.cn/s/blog_6943970c0102zjgh.html	巨人三重唱.2011-丽风金典系列2CD【丽风】【FLAC+CUE】
https://blog.sina.com.cn/s/blog_6943970c0102zjgg.html	陈倩倩.2005-倩倩的十个白日梦【太合麦田】【WAV+CUE】
https://blog.sina.com.cn/s/blog_6943970c0102zjgf.html	群星.2010-卡通王国4CD【环球】【WAV+CUE】
https://blog.sina.com.cn/s/blog_6943970c0102zjge.html	温碧霞.1993-情无后悔【耀荣唱片】【FLAC分轨】
https://blog.sina.com.cn/s/blog_6943970c0102zjgd.html	群星.1991-少年张三丰电视原声带【可登】【WAV+CUE】
https://blog.sina.com.cn/s/blog_6943970c0102zjgc.html	陈盈洁.1977-春风（喜玛拉雅复刻版）【海山】【WAV+CUE】
https://blog.sina.com.cn/s/blog_6943970c0102zjgb.html	李克勤.2008-你的克勤演奏厅演唱会3CD【环球】【WAV+CUE】
https://blog.sina.com.cn/s/blog_6943970c0102zjg9.html	童立安.2019-THEONE【艾回】【FLAC分轨】
https://blog.sina.com.cn/s/blog_6943970c0102zjg7.html	吴国敬.1993-想飞【星光】【WAV+CUE】
https://blog.sina.com.cn/s/blog_6943970c0102zjg6.html	群星.2002-自彼次遇到你（李泰祥作品）【金革唱片】【WAV+CUE】
https://blog.sina.com.cn/s/blog_6943970c0102zjg5.html	八三夭.2008-拯救世界【环球】【FLAC+CUE】
https://blog.sina.com.cn/s/blog_6943970c0102zjg2.html	周云蓬.2004-沉默如谜的呼吸【摩登天空】【WAV+CUE】
https://blog.sina.com.cn/s/blog_6943970c0102zjg0.html	蔡济文.1994-情缘（EP）【飞图】【FLAC分轨】
https://blog.sina.com.cn/s/blog_6943970c0102zjfz.html	杨钰莹.2012-遇江南【星时代】【WAV+CUE】
https://blog.sina.com.cn/s/blog_6943970c0102zjfy.html	群星.2005-我华丽的摇滚梦2CD【滚石】【WAV+CUE】
https://blog.sina.com.cn/s/blog_6943970c0102zjfw.html	李玉玺.2016-Mr.Lucy【福茂】【FLAC分轨】
https://blog.sina.com.cn/s/blog_6943970c0102zjfv.html	曾路得.1981-Ruth【华纳】【FLAC分轨】
https://blog.sina.com.cn/s/blog_6943970c0102zjft.html	MR.2017-WE.R.MR.4CD【环球】【FLAC分轨】
https://blog.sina.com.cn/s/blog_6943970c0102zjfs.html	季秋洋.2018-时光当【梦想当然】【WAV+CUE】
https://blog.sina.com.cn/s/blog_6943970c0102zjfr.html	蒋丽萍.2005-感谢你对我的爱【环球】【WAV+CUE】
https://blog.sina.com.cn/s/blog_6943970c0102zjfp.html	群星.2013-监听天碟·国语精绚2CD【华纳】【WAV+CUE】
https://blog.sina.com.cn/s/blog_6943970c0102zjfo.html	陈洁灵.1986-风火海（华星40金碟版）【华星】【WAV+CUE】
https://blog.sina.com.cn/s/blog_6943970c0102zjfm.html	黄韵玲.2010-美好岁月【果核】【WAV+CUE】
https://blog.sina.com.cn/s/blog_6943970c0102zjfl.html	群星.2002-丽花皇宫2CD【寰宇】【WAV+CUE】
https://blog.sina.com.cn/s/blog_6943970c0102zjfk.html	吴佩慈.1998-挑剔（EP）【滚石】【WAV+CUE】
https://blog.sina.com.cn/s/blog_6943970c0102zjfj.html	欧阳菲菲.2008-劲歌热舞天后2CD【EQMUSIC】【WAV+CUE】
https://blog.sina.com.cn/s/blog_6943970c0102zjfi.html	李玉刚.2021-怀旧辑【玉泽东方】【FLAC分轨】
https://blog.sina.com.cn/s/blog_6943970c0102zjfe.html	陈芳荣.1996-爱的丰富【OriginMusic】【WAV+CUE】
https://blog.sina.com.cn/s/blog_6943970c0102zjfd.html	林一峰.2007-一期一会（音乐剧原声带）【LYFEMusic】【WAV+CUE】
https://blog.sina.com.cn/s/blog_6943970c0102zjfb.html	群星.2020-宝丽金50周年全民咏唱（本地篇）3CD【环球】【WAV+CUE】
https://blog.sina.com.cn/s/blog_6943970c0102zjfa.html	群星.2020-宝丽金50周年金榜题名(国语篇)CD1【环球】【WAV+CUE】
https://blog.sina.com.cn/s/blog_6943970c0102zjf8.html	周云蓬.2014-四月旧州【WAV+CUE】
https://blog.sina.com.cn/s/blog_6943970c0102zjf7.html	周兴哲.2020-小时候的我们【SONY】【WAV+CUE】
https://blog.sina.com.cn/s/blog_6943970c0102zjf6.html	郑少秋.1972-紫色的恋情（2003年岁月留声复刻版）【风行】【WAV+CU…
https://blog.sina.com.cn/s/blog_6943970c0102zjf4.html	旺福.2015-阿爸我要当歌星【弯的音乐】【WAVCUE】
https://blog.sina.com.cn/s/blog_6943970c0102zjf3.html	叶德娴.2002-叶缘（EP）【环球】【WAVCUE】
https://blog.sina.com.cn/s/blog_6943970c0102zjf1.html	云浩影.2022-TheCloud（EP）【寰亚】【FLAC分轨】
https://blog.sina.com.cn/s/blog_6943970c0102zjey.html	群星.2021-星辰大海电视原声带【FLAC分轨】
https://blog.sina.com.cn/s/blog_6943970c0102zjex.html	陈茂丰.1993-心乱【飞凯音乐】【WAVCUE】
https://blog.sina.com.cn/s/blog_6943970c0102zjew.html	龙飘飘.2004-爱在那里爱【南方】【WAVCUE】
https://blog.sina.com.cn/s/blog_6943970c0102zjev.html	杨韵禾.2007-你不知道【华纳】【FLAC分轨】
https://blog.sina.com.cn/s/blog_6943970c0102zjes.html	曾淑勤.1988-后浪（TP版）【点将】【FLAC+CUE】
https://blog.sina.com.cn/s/blog_6943970c0102zjeq.html	程琳.1982-童年的小摇车（2023MQA限量版）【太平洋影音】【WAV+CUE…
https://blog.sina.com.cn/s/blog_6943970c0102zjep.html	群星.1994-当代巨星珍藏版4CD【中唱】【WAV+CUE】
https://blog.sina.com.cn/s/blog_6943970c0102zjeo.html	王以太艾热.2021-幸存者的负罪感【第四音乐】【WAV+CUE】
https://blog.sina.com.cn/s/blog_6943970c0102zjen.html	张帝张魁.1982-张张王牌2CD（喜玛拉雅复刻版）【歌林】【WAV+CUE】
https://blog.sina.com.cn/s/blog_6943970c0102zjem.html	张国荣.2015-NEW.XRCD精丫华星】【WAV+CUE】
https://blog.sina.com.cn/s/blog_6943970c0102zjej.html	群星.2014-步步惊情电视原声带【SONY】【WAV+CUE】
https://blog.sina.com.cn/s/blog_6943970c0102zjei.html	万晓利.2006-这一切没有想象的那么糟【FLAC分轨】
https://blog.sina.com.cn/s/blog_6943970c0102zjeh.html	中国娃娃.1999-单眼皮女生（引进版）【艾回】【WAV+CUE】
https://blog.sina.com.cn/s/blog_6943970c0102zjeg.html	李玉玺.2016-摇滚小日子·首张全创作专辑【福茂】【FLAC分轨】
https://blog.sina.com.cn/s/blog_6943970c0102zjef.html	汪明荃罗家英.1995-荃家福【歌城】【WAV+CUE】
https://blog.sina.com.cn/s/blog_6943970c0102zjee.html	陈山葱.1994-EXPOSURE【艺能动音】【FLAC分轨】
https://blog.sina.com.cn/s/blog_6943970c0102zjed.html	群星.2023-我们的当打之年电视原声带【乐有奇思】【FLAC分轨】
https://blog.sina.com.cn/s/blog_6943970c0102zje8.html	王立.2021-我是貓，沒有名字【亚神音乐】【FLAC分轨】
https://blog.sina.com.cn/s/blog_6943970c0102zje6.html	AOA.2012-AOA【金牌大风】【FLAC分轨】
https://blog.sina.com.cn/s/blog_6943970c0102zje4.html	新青年理发厅.2016-小事化大【DoubleDribbleMusic】【WAV+CUE】
https://blog.sina.com.cn/s/blog_6943970c0102zje3.html	钮大可.1990-柔情都市（TP版）【林杰唱片】【WAV+CUE】
https://blog.sina.com.cn/s/blog_6943970c0102zje2.html	群星.2010-我们的黄金年华之经典对唱【东尼机构】【WAV+CUE】
https://blog.sina.com.cn/s/blog_6943970c0102zje0.html	曾航生.1994-不变的浪漫【华纳】【FLAC分轨】
https://blog.sina.com.cn/s/blog_6943970c0102zjdy.html	罗时丰.1994-情碎恋曲【瑞华】【WAV+CUE】
https://blog.sina.com.cn/s/blog_6943970c0102zjdw.html	小果.2007-晴天娃娃【星外星】【FLAC分轨】
https://blog.sina.com.cn/s/blog_6943970c0102zjdt.html	蔡济文.1993-独来独往【飞图】【FLAC分轨】
https://blog.sina.com.cn/s/blog_6943970c0102zjdr.html	王菲.2002-失物招领2CD【福茂】【WAV+CUE】
https://blog.sina.com.cn/s/blog_6943970c0102zjdq.html	庾澄庆.1987-我知道我已经长大（TP版）【福茂】【WAV+CUE】
https://blog.sina.com.cn/s/blog_6943970c0102zjdp.html	罗宾.2016-至尊集【丰荣唱片】【WAV+CUE】
https://blog.sina.com.cn/s/blog_6943970c0102zjdn.html	友谊接触.1987-友谊接触【艺视】【WAV分轨】
https://blog.sina.com.cn/s/blog_6943970c0102zjdk.html	赤道.2011-生色【EquatorMusic】【WAV+CUE】
https://blog.sina.com.cn/s/blog_6943970c0102zjdj.html	张语倢.2006-北极星【华纳】【FLAC+CUE】
https://blog.sina.com.cn/s/blog_6943970c0102zjdi.html	万山红.2009-花开原野万山红2CD【柏菲】【WAV+CUE】
https://blog.sina.com.cn/s/blog_6943970c0102zjdh.html	郑少秋.2004-楚汉骄雄·血荐轩辕主题曲集【娱乐唱片】【WAV+CUE】
https://blog.sina.com.cn/s/blog_6943970c0102zjdf.html	李茂山.2003-最爱金曲男人心·女人情【瑞华】【WAV+CUE】
https://blog.sina.com.cn/s/blog_6943970c0102zjde.html	甄楚倩.1987-狠心女子（EP）【SONY】【FLAC分轨】
https://blog.sina.com.cn/s/blog_6943970c0102zjdc.html	群星.2004-我和僵尸有个约会3永恒国度2CD【环星】【WAV+CUE】
https://blog.sina.com.cn/s/blog_6943970c0102zjdb.html	陈山河.1993-河堤上的傻瓜【喜玛拉雅】【WAV+CUE】
https://blog.sina.com.cn/s/blog_6943970c0102zjda.html	汪佩蓉.2001-ITS.YOU【滚石】【WAV+CUE】
https://blog.sina.com.cn/s/blog_6943970c0102zjd8.html	群星.2002-龙的声音·经典军旅歌曲6CD【中唱】【WAV+CUE】
https://blog.sina.com.cn/s/blog_6943970c0102zjd6.html	罗力威.2015-再生（EP）【英皇娱乐】【FLAC分轨】
https://blog.sina.com.cn/s/blog_6943970c0102zjd5.html	胡夏.2023-MORE【大雨文化】【FLAC分轨】
https://blog.sina.com.cn/s/blog_6943970c0102zjd4.html	群星.2015-遗失的美丽【星外星】【WAV+CUE】
https://blog.sina.com.cn/s/blog_6943970c0102zjd2.html	群星.2021-彝·式感【FLAC+CUE】
https://blog.sina.com.cn/s/blog_6943970c0102zjd1.html	牟玄甫.2006-草帽歌(中国人喜爱的亚洲拉美歌曲)【中唱】【WAV+CUE…
https://blog.sina.com.cn/s/blog_6943970c0102zjd0.html	戴恩玲.1994-你是我的第一个【华星】【FLAC分轨】
https://blog.sina.com.cn/s/blog_6943970c0102zjcs.html	群星.1975-为什么爱上你电影原声带（2014梦田复黑版）【大联机构】…
https://blog.sina.com.cn/s/blog_6943970c0102zjcr.html	群星.1989-十大红伶金装小曲【现代音像】【WAV+CUE】
https://blog.sina.com.cn/s/blog_6943970c0102zjcq.html	曹方.2021-春天那么短【诺玛文化】【FLAC分轨】
https://blog.sina.com.cn/s/blog_6943970c0102zjco.html	群星.2013-致我们终将逝去的青春电影原声大碟【环球】【WAV+CUE】
https://blog.sina.com.cn/s/blog_6943970c0102zjcn.html	静婷.1994-怀旧金曲经典2CD【永恒】【WAV+CUE】
https://blog.sina.com.cn/s/blog_6943970c0102zjcm.html	高嘉朗.2019-INEEDYOU（EP）【百沐娱乐】【FLAC分轨】
https://blog.sina.com.cn/s/blog_6943970c0102zjck.html	琳谊.2021-青春集（EP）【相信音乐】【WAV+CUE】
https://blog.sina.com.cn/s/blog_6943970c0102zjch.html	柯以敏.1999-我会永远爱你.2CD【SONY】【WAV+CUE】
https://blog.sina.com.cn/s/blog_6943970c0102zjcf.html	付辛博.2011-我一个人【金牌大风】【WAV+CUE】
https://blog.sina.com.cn/s/blog_6943970c0102zjce.html	井柏然.2011-井柏然【种子音乐】【FLAC分轨】
https://blog.sina.com.cn/s/blog_6943970c0102zjc9.html	康乔.2005-回忆金曲·对不起全是我错【丽风】【WAV+CUE】
https://blog.sina.com.cn/s/blog_6943970c0102zjc8.html	欧阳菲菲.2012-海山经典名盘系列ADMS【海山】【WAV+CUE】
https://blog.sina.com.cn/s/blog_6943970c0102zjc6.html	群星.1972-天下一大笑电影原声带插曲（2015新世纪复刻版）【丽风】…
https://blog.sina.com.cn/s/blog_6943970c0102zjc5.html	群星.2020-幸福还会来敲门电视原声带【奔跑怪物】【FLAC分轨】
https://blog.sina.com.cn/s/blog_6943970c0102zjc4.html	李碧华.2004-碧需拥有5CD【音乐谷】【WAV+CUE】
https://blog.sina.com.cn/s/blog_6943970c0102zjc3.html	黄仲昆.1983－黄河的水【综一】【FLAC分轨】
https://blog.sina.com.cn/s/blog_6943970c0102zjc1.html	陈幕童.1991-我愿意【惠聚雷射】【WAV+CUE】
https://blog.sina.com.cn/s/blog_6943970c0102zjc0.html	关心妍.2003-Jade.Forward【BMA】【WAV+CUE】
https://blog.sina.com.cn/s/blog_6943970c0102zjbz.html	KOLOR.2022－在荒无人烟之处【WHATSUP】【WAV+CUE】
https://blog.sina.com.cn/s/blog_6943970c0102zjce.html	井柏然.2011-井柏然【种子音乐】【FLAC分轨】
https://blog.sina.com.cn/s/blog_6943970c0102zjc9.html	康乔.2005-回忆金曲·对不起全是我错【丽风】【WAV+CUE】
https://blog.sina.com.cn/s/blog_6943970c0102zjc8.html	欧阳菲菲.2012-海山经典名盘系列ADMS【海山】【WAV+CUE】
https://blog.sina.com.cn/s/blog_6943970c0102zjc6.html	群星.1972-天下一大笑电影原声带插曲（2015新世纪复刻版）【丽风】…
https://blog.sina.com.cn/s/blog_6943970c0102zjc5.html	群星.2020-幸福还会来敲门电视原声带【奔跑怪物】【FLAC分轨】
https://blog.sina.com.cn/s/blog_6943970c0102zjc4.html	李碧华.2004-碧需拥有5CD【音乐谷】【WAV+CUE】
https://blog.sina.com.cn/s/blog_6943970c0102zjc3.html	黄仲昆.1983－黄河的水【综一】【FLAC分轨】
https://blog.sina.com.cn/s/blog_6943970c0102zjc1.html	陈幕童.1991-我愿意【惠聚雷射】【WAV+CUE】
https://blog.sina.com.cn/s/blog_6943970c0102zjc0.html	关心妍.2003-Jade.Forward【BMA】【WAV+CUE】
https://blog.sina.com.cn/s/blog_6943970c0102zjbz.html	KOLOR.2022－在荒无人烟之处【WHATSUP】【WAV+CUE】
https://blog.sina.com.cn/s/blog_6943970c0102zjby.html	赖冰霞.1998-没有故乡的风【瑞华】【WAV+CUE】
https://blog.sina.com.cn/s/blog_6943970c0102zjbr.html	果味VC.2017-The.Supervc【海蝶】【WAV+CUE】
https://blog.sina.com.cn/s/blog_6943970c0102zjbq.html	苏诗丁.2021-SHAKTI（EP）【百沐娱乐】【FLAC分轨】
https://blog.sina.com.cn/s/blog_6943970c0102zjbo.html	凡风乐队.1986-风中奔驰（EP）【FLAC分轨】
https://blog.sina.com.cn/s/blog_6943970c0102zjbn.html	曾航生.1991-想念你【华纳】【WAV+CUE】
https://blog.sina.com.cn/s/blog_6943970c0102zjbm.html	蔡立儿.2016-响【星娱乐】【WAV+CUE】
https://blog.sina.com.cn/s/blog_6943970c0102zjbl.html	梁文音.2013-黄色夾克【环球】【FLAC分轨】
https://blog.sina.com.cn/s/blog_6943970c0102zjbh.html	上山安娜.1986-小野猫【EMI百代】【FLAC分轨】
https://blog.sina.com.cn/s/blog_6943970c0102zjbf.html	颜人中.2020-感情事故（EP）【中视鸣达】【FLAC分轨】
https://blog.sina.com.cn/s/blog_6943970c0102zjbe.html	周葆元.1996-表达【丰华】【FLAC分轨】
https://blog.sina.com.cn/s/blog_6943970c0102zjb0.html	吕念祖.1984-大号是中华（TP版）【太平洋影音】【WAVCUE】
https://blog.sina.com.cn/s/blog_6943970c0102zjaz.html	王菀之.2007-首张国语创作专辑【环球】【WAVCUE】
https://blog.sina.com.cn/s/blog_6943970c0102zjay.html	区瑞强.1998-相识在童年30首选2CD【宝丽金】【WAVCUE】
https://blog.sina.com.cn/s/blog_6943970c0102zjax.html	群星.1985-民歌金韵奖·青春之歌2CD【名悦】【WAV+CUE】
https://blog.sina.com.cn/s/blog_6943970c0102zjat.html	庄珣.2017-街巷【SONY】【WAV+CUE】
https://blog.sina.com.cn/s/blog_6943970c0102zjas.html	凤飞飞杨燕.2011-苹果歌后+帽子歌后（丽风金典系列）【丽风】【WAV…
https://blog.sina.com.cn/s/blog_6943970c0102zjar.html	陈旭然.1996-情与梦的絮语【太平洋影音】【WAV+CUE】
https://blog.sina.com.cn/s/blog_6943970c0102zjaq.html	杨黎.2017-小废人物【发现音乐】【FLAC分轨】
https://blog.sina.com.cn/s/blog_6943970c0102zjaj.html	张学友.2018-醒着做梦音乐会（蓝光版）【环球】【WAVCUE】
https://blog.sina.com.cn/s/blog_6943970c0102zjah.html	瞿培瑛.1988-留住我（LP版）【艺视】【WAVCUE】
https://blog.sina.com.cn/s/blog_6943970c0102zjag.html	群星.1998-拉阔音乐压轴篇98【宝丽金】【WAVCUE】
https://blog.sina.com.cn/s/blog_6943970c0102zjaf.html	廖昌永.2019-翰墨音画·中国艺术歌曲维也纳独唱音乐会【中唱】【WAV…
https://blog.sina.com.cn/s/blog_6943970c0102zjaa.html	林淑容.2011-爱的归期【瑞华】【WAVCUE】
https://blog.sina.com.cn/s/blog_6943970c0102zja5.html	严爵.2013-好的情人【相信音乐】【WAVCUE】
https://blog.sina.com.cn/s/blog_6943970c0102zja4.html	陈慧琳.1995-醉迷情人【正东】【WAVCUE】
https://blog.sina.com.cn/s/blog_6943970c0102zja2.html	戴恩玲.1994-不经意（EP）【华星】【FLAC分轨】
https://blog.sina.com.cn/s/blog_6943970c0102zja1.html	陈彼得.1971-玫瑰安娜(2022Remastered)【银河唱片】【FLAC分轨】
https://blog.sina.com.cn/s/blog_6943970c0102zja0.html	林俊杰2011-学不会（情人节限定版）【华纳】【WAVCUE】
https://blog.sina.com.cn/s/blog_6943970c0102zj9x.html	青心.2017-Heartstrings【POPPOPMUSIC】【FLAC分轨】
https://blog.sina.com.cn/s/blog_6943970c0102zj9w.html	叶灵.2010-灵腔悦韵2CD【瑞华】【WAV+CUE】
https://blog.sina.com.cn/s/blog_6943970c0102zj9v.html	群星.1997-PUB英雄会VOL.2【上华】【WAV+CUE】
https://blog.sina.com.cn/s/blog_6943970c0102zj9u.html	群星.1996-PUB英雄会【上华】【WAV+CUE】
https://blog.sina.com.cn/s/blog_6943970c0102zj9r.html	Simates.2023-Terminal（EP）【发现梦想】【FLAC分轨】
https://blog.sina.com.cn/s/blog_6943970c0102zj9p.html	李浩宇.2020-清醒梦（EP）【太合红星】【FLAC分轨】
https://blog.sina.com.cn/s/blog_6943970c0102zj9n.html	李岚风.2006-20年银唱片纪念作品集【瑞华】【WAV+CUE】
https://blog.sina.com.cn/s/blog_6943970c0102zj9m.html	姚黛玮.1989-危险的吸引力（LP版）【飞碟】【WAV+CUE】
https://blog.sina.com.cn/s/blog_6943970c0102zj9l.html	巫启贤.1997-ERIC（EMI极品音色系列）【EMI百代】【WAV+CUE】
https://blog.sina.com.cn/s/blog_6943970c0102zj9k.html	Kolor.2013-NeverEnding（EP）【FLAC分轨】
https://blog.sina.com.cn/s/blog_6943970c0102zj9j.html	刘文正.2008-传奇经典（留声复刻版）【环球】【WAV+CUE】
https://blog.sina.com.cn/s/blog_6943970c0102zj9g.html	东方快车.1994-星期六的摇滚PARTY【EMI百代】【WAV+CUE】
https://blog.sina.com.cn/s/blog_6943970c0102zj9d.html	卢学睿.2007-卢学睿【SONY】【WAV+CUE】
https://blog.sina.com.cn/s/blog_6943970c0102zj9b.html	郑丽丝.1989-十诫（LP版）【大声音乐】【WAV+CUE】
https://blog.sina.com.cn/s/blog_6943970c0102zj9a.html	张雨生.2016-雨后星空2CD【丰华】【WAV+CUE】
https://blog.sina.com.cn/s/blog_6943970c0102zj99.html	郭小霖.2006-龙卷风Tornado【发记唱片】【FLAC分轨】
https://blog.sina.com.cn/s/blog_6943970c0102zj98.html	李心洁.2003-MAN.AND.WOMAN【滚石】【WAV+CUE】
https://blog.sina.com.cn/s/blog_6943970c0102zj96.html	尤雅.2011-海山经典名盘ADMS【海山】【WAV+CUE】
https://blog.sina.com.cn/s/blog_6943970c0102zj95.html	区文诗.2012-AngelaAu（EP）【环星】【FLAC分轨】
https://blog.sina.com.cn/s/blog_6943970c0102zj93.html	左安西西.2018-左安西西【华宇世博】【FLAC分轨】
https://blog.sina.com.cn/s/blog_6943970c0102zj91.html	赖伟锋.2014-男朋女友【简单快乐文化】【FLAC分轨】
https://blog.sina.com.cn/s/blog_6943970c0102zj90.html	刘家昌.2012-海山经典名盘ADMS【海山】【WAV+CUE】
https://blog.sina.com.cn/s/blog_6943970c0102zj8z.html	群星.2010-旗开得胜（EP）【环球】【WAV+CUE】
https://blog.sina.com.cn/s/blog_6943970c0102zj8v.html	蔡恩雨.2019-Where.Is.The.Love【华纳】【FLAC分轨】
https://blog.sina.com.cn/s/blog_6943970c0102zj8s.html	WIN.2014-一切如新【美卡】【WAV+CUE】
https://blog.sina.com.cn/s/blog_6943970c0102zj8q.html	林昱君.20D22-今天不想【华研国际】【FLAC分轨】
https://blog.sina.com.cn/s/blog_6943970c0102zj8p.html	群星.2014-百代经典101套碟6CD【EMI百代】【WAV+CUE】
https://blog.sina.com.cn/s/blog_6943970c0102zj8n.html	曾之乔.2019-一个人去丹麦写一本书（EP）【华研国际】【FLAC分轨】
https://blog.sina.com.cn/s/blog_6943970c0102zj8m.html	张学友.1993-忘记他（EP）【宝丽金】【WAV+CUE】
https://blog.sina.com.cn/s/blog_6943970c0102zj8j.html	夏玲玲.2003-金曲精粹【保声】【WAV+CUE】
https://blog.sina.com.cn/s/blog_6943970c0102zj8i.html	王建房.2019-时光拼图【青火音乐】【FLAC分轨】
https://blog.sina.com.cn/s/blog_6943970c0102zj8f.html	成凤.2000-百万金曲·烧酒咖啡【怀登唱片】【WAV+CUE】
https://blog.sina.com.cn/s/blog_6943970c0102zj8e.html	周国贤.2022-When.The.Sun.Goes.Dark【WOWMUSIC】【FLAC分轨】
https://blog.sina.com.cn/s/blog_6943970c0102zj8d.html	Art.Gallery.1995-爱非爱【雅乐唱片】【WAV+CUE】
https://blog.sina.com.cn/s/blog_6943970c0102zj8c.html	许茹芸.2014-奇迹【亚神音乐】【WAV+CUE】
https://blog.sina.com.cn/s/blog_6943970c0102zj8b.html	群星.1999-摇滚第1代经典作品【广西音像】【WAV+CUE】
https://blog.sina.com.cn/s/blog_6943970c0102zj89.html	万晓利.2017-天秤之舟【WAV+CUE】
https://blog.sina.com.cn/s/blog_6943970c0102zj88.html	罗力威.2014-Time.Alone（EP）【英皇娱乐】【FLAC分轨】
https://blog.sina.com.cn/s/blog_6943970c0102zj85.html	罗云熙.2020-X【声音丛林】【FLAC分轨】
https://blog.sina.com.cn/s/blog_6943970c0102zj84.html	Raidas.1987-传说（2022新世纪MQA限量版）【艺视】【WAV+CUE】
https://blog.sina.com.cn/s/blog_6943970c0102zj83.html	官灵芝.2017-树人（EP）【梦响当然】【FLAC分轨】
https://blog.sina.com.cn/s/blog_6943970c0102zj80.html	李娜.1997-青藏高原（张千一名歌集）【金泽文化】【WAV+CUE】
https://blog.sina.com.cn/s/blog_6943970c0102zj7z.html	伦永亮.2012-D调人生【大牌佳音】【WAV+CUE】
https://blog.sina.com.cn/s/blog_6943970c0102zj7x.html	Kolor.2009-Surrealism【VR】【FLAC分轨】
https://blog.sina.com.cn/s/blog_6943970c0102zj7w.html	群星.2022-梦华录电视原声带【FLAC分轨】
https://blog.sina.com.cn/s/blog_6943970c0102zj7v.html	郑婷.1983-心中在下雪（LP版）【宝丽金】【WAV+CUE】
https://blog.sina.com.cn/s/blog_6943970c0102zj7u.html	裘德.2020-得（EP）【FLAC分轨】
https://blog.sina.com.cn/s/blog_6943970c0102zj7t.html	马飞.2014-当初就不应该学吉他【摩登天空】【FLAC分轨】
https://blog.sina.com.cn/s/blog_6943970c0102zj7o.html	张子丰.2014-1880【MUSICNEXT】【FLAC分轨】
https://blog.sina.com.cn/s/blog_6943970c0102zj7m.html	杨燕.1972-唱啊！三朵花（2014新世纪复黑版）【丽风】【WAV+CUE】
https://blog.sina.com.cn/s/blog_6943970c0102zj7k.html	伍佰.1995-伍佰的LIVE·枉費青春【魔岩】【WAV+CUE】
https://blog.sina.com.cn/s/blog_6943970c0102zj7j.html	邰肇玫.1983-空白明信片【光美】【WAV+CUE】
https://blog.sina.com.cn/s/blog_6943970c0102zj7g.html	周定纬.2008-So.What（EP）【华研国际】【FLAC分轨】
https://blog.sina.com.cn/s/blog_6943970c0102zj7f.html	佟妍.2017-山野边【WAV+CUE】
https://blog.sina.com.cn/s/blog_6943970c0102zj7d.html	蔡琴.2000-机遇（MQA24K金碟限量版）【瑞星】【WAV+CUE】
https://blog.sina.com.cn/s/blog_6943970c0102zj7c.html	林俊杰.2023-JJ的咖啡调调2辑【FLAC分轨】
https://blog.sina.com.cn/s/blog_6943970c0102zj7b.html	群星.2002-人间四月天电视原声带【维京】【WAV+CUE】
https://blog.sina.com.cn/s/blog_6943970c0102zj7a.html	群星.1974-早晨再见+山鹰（绝版复刻盘）【海山】【WAV+CUE】
https://blog.sina.com.cn/s/blog_6943970c0102zj78.html	锦绣二重唱.2007-20年后的幸福（新歌+精选）【滚石】【WAV+CUE】
https://blog.sina.com.cn/s/blog_6943970c0102zj77.html	戴晓君.2020-里面的外面【风潮】【WAV+CUE】
https://blog.sina.com.cn/s/blog_6943970c0102zj76.html	群星.2011-试音王AMCD限量版【华纳】【WAV+CUE】
https://blog.sina.com.cn/s/blog_6943970c0102zj74.html	浪味仙贝.2021-一瞬之光【野生唱片】【FLAC分轨】
https://blog.sina.com.cn/s/blog_6943970c0102zj72.html	郭富城.1995-你是我的一切（EP）【飞碟】【WAV+CUE】
https://blog.sina.com.cn/s/blog_6943970c0102zj71.html	群星.2011-爱民谣【新时代】【WAV+CUE】
https://blog.sina.com.cn/s/blog_6943970c0102zj70.html	东城卫.2011-WAKE.ME.UP【华纳】【FLAC分轨】
https://blog.sina.com.cn/s/blog_6943970c0102zj6z.html	叶蓓.2004-幸福深处【华纳】【WAV+CUE】
https://blog.sina.com.cn/s/blog_6943970c0102zj6y.html	邱绮玲.1995-我爱过你还是你爱过我【华纳】【WAV+CUE】
https://blog.sina.com.cn/s/blog_6943970c0102zj6x.html	王新莲.1984-不要太多（LP版）【巨将】【WAV+CUE】
https://blog.sina.com.cn/s/blog_6943970c0102zj6w.html	群星.1996-两情相乐福茂男女情歌对唱经典辑【福茂】【WAV+CUE】
https://blog.sina.com.cn/s/blog_6943970c0102zj6v.html	莫文蔚.1998-我爱你（EP）【滚石】【WAV+CUE】
https://blog.sina.com.cn/s/blog_6943970c0102zj6u.html	甘子辉.1994-换季情人【创意家族】【WAV+CUE】
https://blog.sina.com.cn/s/blog_6943970c0102zj6t.html	石头乐队.1997-感激你（EP）【新艺宝】【WAV+CUE】
https://blog.sina.com.cn/s/blog_6943970c0102zj6r.html	杜星萤.2021-What.Do.Girls.Want（EP）【智慧小狗】【FLAC分轨】
https://blog.sina.com.cn/s/blog_6943970c0102zj6p.html	黄宝欣.2022-Reflash【新世纪】【WAV+CUE】
https://blog.sina.com.cn/s/blog_6943970c0102zj6o.html	黄世豪.1993-故梦情【SONY】【WAV+CUE】
https://blog.sina.com.cn/s/blog_6943970c0102zj6m.html	陈明憙.2018-黑白彩虹（EP）【少城时代】【FLAC+CUE】
https://blog.sina.com.cn/s/blog_6943970c0102zj6l.html	黑豹乐队.1998-黑豹不能让我的烦恼没机会表白【竹书文化】【WAV+CU…
https://blog.sina.com.cn/s/blog_6943970c0102zj6k.html	芮恩.2002-芮恩【BMG】【WAV+CUE】
https://blog.sina.com.cn/s/blog_6943970c0102zj6j.html	群星.1990-蔡琴·郑怡·张清芳【新格】【WAV+CUE】
https://blog.sina.com.cn/s/blog_6943970c0102zj6h.html	沈庆.2013-岁月如今【华谊兄弟】【WAV+CUE】
https://blog.sina.com.cn/s/blog_6943970c0102zj6g.html	董又霖.2021-情歌就听【智慧小狗】【FLAC分轨】
https://blog.sina.com.cn/s/blog_6943970c0102zj6f.html	邓丽君.2007-邓丽君2辑（环球LPCD45限量版）【环球】【WAV+CUE】
https://blog.sina.com.cn/s/blog_6943970c0102zj6c.html	林玉英.1990-情歌精绚爱拼才会赢（金典引进版）【WAV+CUE】
https://blog.sina.com.cn/s/blog_6943970c0102zj6b.html	颜福伟.1987-愿你知【WAV+CUE】
https://blog.sina.com.cn/s/blog_6943970c0102zj67.html	张艾嘉.1998-精选集（流行歌林招牌歌系列）【歌林】【WAV+CUE】
https://blog.sina.com.cn/s/blog_6943970c0102zj64.html	群星.2000-小亲亲电影原声大碟【华纳】【WAV+CUE】
https://blog.sina.com.cn/s/blog_6943970c0102zj62.html	群星.2013-爱你那些年·国语情歌精选2CD【华纳】【WAV+CUE】
https://blog.sina.com.cn/s/blog_6943970c0102zj61.html	中国力量.1998-Everyday【WAV+CUE】
https://blog.sina.com.cn/s/blog_6943970c0102zj5z.html	城市少女.1989-新鲜贵族【宝丽金】【WAV+CUE】
https://blog.sina.com.cn/s/blog_6943970c0102zj5y.html	群星.2023-去有风的地方电视原声带【华策】【FLAC分轨】
https://blog.sina.com.cn/s/blog_6943970c0102zj5x.html	罗力威.2013-创造TheInventions【英皇娱乐】【FLAC分轨】
https://blog.sina.com.cn/s/blog_6943970c0102zj5u.html	李泉.2022-室内乐·经典歌曲集【千亩稻田文化】【FLAC分轨】
https://blog.sina.com.cn/s/blog_6943970c0102zj5q.html	南拳妈妈.2010-决斗巴哈【杰威尔】【WAV+CUE】
https://blog.sina.com.cn/s/blog_6943970c0102zj5p.html	陈秀雯.2002-仍然是最爱【环星】【WAV+CUE】
https://blog.sina.com.cn/s/blog_6943970c0102zj5n.html	太极乐队.2016-ROCK.THE.BALLAD【环球】【FLAC分轨】
https://blog.sina.com.cn/s/blog_6943970c0102zj5m.html	群星.1988-热恋伤痕（LP版）【可登】【WAV+CUE】
https://blog.sina.com.cn/s/blog_6943970c0102zj5l.html	二手玫瑰.2006-娱乐江湖【大国文化】【WAV+CUE】
https://blog.sina.com.cn/s/blog_6943970c0102zj5k.html	刘彩玉.1994-只想你好【新艺宝】【WAV+CUE】
https://blog.sina.com.cn/s/blog_6943970c0102zj5h.html	凤飞飞.1975-当我认识你·小姨（2014新世纪复黑版）【大联机构】【W…
https://blog.sina.com.cn/s/blog_6943970c0102zj5c.html	左安西西.2015-你一直在【WAV+CUE】
https://blog.sina.com.cn/s/blog_6943970c0102zj5a.html	孙国庆.2003-完美石刻【星工晨【WAV+CUE】
https://blog.sina.com.cn/s/blog_6943970c0102zj59.html	张靓颖.2010-我相信(旗舰版)【环球】【WAV+CUE】
https://blog.sina.com.cn/s/blog_6943970c0102zj55.html	蔡幸娟.1984-中国娃娃·说出来（飞跃复刻版）【光美】【WAV+CUE】
https://blog.sina.com.cn/s/blog_6943970c0102zj54.html	许廷铿.2015-COLOUR.BY.NUMBERS【星梦娱乐】【WAV+CUE】
https://blog.sina.com.cn/s/blog_6943970c0102zj53.html	陈珊妮.2004-后来我们都哭了【荒岛网路】【WAV+CUE】
https://blog.sina.com.cn/s/blog_6943970c0102zj52.html	姚贝娜.2015-永存【新索音乐】【WAV+CUE】
https://blog.sina.com.cn/s/blog_6943970c0102zj51.html	茶凉粉.2016-感谢好时光【摩登天空】【WAV+CUE】
https://blog.sina.com.cn/s/blog_6943970c0102zj50.html	胡越山.1993-胡越山【新艺宝】【WAV+CUE】
https://blog.sina.com.cn/s/blog_6943970c0102zj4z.html	群星.1994-幸混声REMIX【宝丽金】【WAV+CUE】
https://blog.sina.com.cn/s/blog_6943970c0102zj4y.html	甄秀珍郑吟秋-东尼巨星贺岁·万象更新【东尼机构】【WAV+CUE】
https://blog.sina.com.cn/s/blog_6943970c0102zj4w.html	群星.2005-CHRISTMAS.GIFT【东亚】【WAV+CUE】
https://blog.sina.com.cn/s/blog_6943970c0102zj4u.html	方伊琪.1980-绿水伴青山（LP版）【大华】【WAV+CUE】
https://blog.sina.com.cn/s/blog_6943970c0102zj4t.html	自然卷.2006-资源回收【风和日丽】【WAV+CUE】
https://blog.sina.com.cn/s/blog_6943970c0102zj4p.html	甄秀珍.1997-真音典藏辑·小调王2CD【南方】【WAV+CUE】
https://blog.sina.com.cn/s/blog_6943970c0102zj4n.html	李茂山韩宝仪.1998-龙凤双飞贺新年【承天唱片】【WAV+CUE】
https://blog.sina.com.cn/s/blog_6943970c0102zj4l.html	莫镇贤.1990-On.The.Other.Side【乐意唱片】【WAV+CUE】
https://blog.sina.com.cn/s/blog_6943970c0102zj4k.html	郑宜农.2022-水逆【火气音乐】【FLAC分轨】
https://blog.sina.com.cn/s/blog_6943970c0102zj4j.html	陈艾玲.1992-秋天的故事【风潮】【WAV+CUE】
https://blog.sina.com.cn/s/blog_6943970c0102zj4h.html	群星.2017-你好，旧时光连续剧原声带【奔跑怪物】【WAV+CUE】
https://blog.sina.com.cn/s/blog_6943970c0102zj4g.html	F.I.R.飞儿乐团.2021-钻石之心【华研国际】【WAV+CUE】
https://blog.sina.com.cn/s/blog_6943970c0102zj4e.html	群星.1997-南方群星大拜年招财进宝【南方】【WAV+CUE】
https://blog.sina.com.cn/s/blog_6943970c0102zj49.html	群星.1994-群星齐喜庆【迪安】【WAV+CUE】
https://blog.sina.com.cn/s/blog_6943970c0102zj47.html	双叶.1984-笑傲江湖（2014蜚声百代限量版）【环球】【WAV+CUE】
https://blog.sina.com.cn/s/blog_6943970c0102zj45.html	Dream.Girls.2013-美丽头条【福茂】【FLAC+CUE】
https://blog.sina.com.cn/s/blog_6943970c0102zj44.html	许冠英.1993-93急流【新艺宝】【WAV+CUE】
https://blog.sina.com.cn/s/blog_6943970c0102zj43.html	群星.1987-飞碟抒情金曲1最美的第一种声音【飞碟】【WAV分轨】
https://blog.sina.com.cn/s/blog_6943970c0102zj41.html	炎亚纶.2018-最想去的地方（EP）【华研】【FLAC分轨】
https://blog.sina.com.cn/s/blog_6943970c0102zj3z.html	群星.2011-喜事年年2CD【华纳】【WAV+CUE】
https://blog.sina.com.cn/s/blog_6943970c0102zj3y.html	昨夜派对.2023-沉默是一种回答【博生兄弟】【FLAC分轨】
https://blog.sina.com.cn/s/blog_6943970c0102zj3x.html	彭玲.1993-有着你...多么美（2016蜚声百代限量版）【环球】【WAV+C…
https://blog.sina.com.cn/s/blog_6943970c0102zj3w.html	潘安邦.1984-黄金岁月纪录1980-1984【东尼机构】【WAV+UCE】
https://blog.sina.com.cn/s/blog_6943970c0102zj3v.html	自然卷.2004-这就是生活【风和日丽】【WAV+CUE】
https://blog.sina.com.cn/s/blog_6943970c0102zj3u.html	张玮玮郭龙.2012-白银饭店【WAV+CUE】
https://blog.sina.com.cn/s/blog_6943970c0102zj3s.html	钟嘉欣.2012-LOVE.LOVE.LOVE（最幸福持别版）【星焕国际】【WAV+CU…
https://blog.sina.com.cn/s/blog_6943970c0102zj3r.html	钟嘉兴.1993-那个秋天【艺视】【WAV+CUE】
https://blog.sina.com.cn/s/blog_6943970c0102zj3q.html	孙耀威.2018-The.HystERICal…【星娱乐】【FLAC分轨】
https://blog.sina.com.cn/s/blog_6943970c0102zj3p.html	群星.1995-春风得意·金玉满堂【乐韵】【WAV+CUE】
https://blog.sina.com.cn/s/blog_6943970c0102zj3n.html	郑世豪.2017-仍坚持（EP）【星娱乐】【FLAC分轨】
https://blog.sina.com.cn/s/blog_6943970c0102zj3l.html	群星.2022-联名（汪苏泷首张概念创作辑）【大象无形】【FLAC分轨】
https://blog.sina.com.cn/s/blog_6943970c0102zj3i.html	群星.1995-帝女花电视原声带【上华】【WAV+CUE】
https://blog.sina.com.cn/s/blog_6943970c0102zj3h.html	张志远.1993-定有一天会遇见【永恒】【WAV+CUE】
https://blog.sina.com.cn/s/blog_6943970c0102zj3g.html	吴国敬.1992-GEMINI.DREAM【EMI百代】【WAV+CUE】
https://blog.sina.com.cn/s/blog_6943970c0102zj3d.html	于浩威.2006-愛的NaNa【EMI百代】【FLAC分轨】
https://blog.sina.com.cn/s/blog_6943970c0102zj3c.html	张学友.1991-爱你多一些精选（2022蜚声环球限量版）【环球】【WAV+…
https://blog.sina.com.cn/s/blog_6943970c0102zj36.html	方伊琪.1984-窗·月下情（2014新世纪复黑版）【康力金】【WAV+CUE】…
https://blog.sina.com.cn/s/blog_6943970c0102zj35.html	群星.1994-富贵花开迎新年【快乐】【WAV+CUE】
https://blog.sina.com.cn/s/blog_6943970c0102zj34.html	群星.2002-滚石梦剧院（美卡引进版）【滚石】【WAV+CUE】
https://blog.sina.com.cn/s/blog_6943970c0102zj33.html	冯晓泉曾格格.2001-天上人间【上海音像】【WAV+CUE】
https://blog.sina.com.cn/s/blog_6943970c0102zj32.html	李幸倪.2018-BOLD.AND.BEAUTIFUL（EP）【环球】【WAV+CUE】
https://blog.sina.com.cn/s/blog_6943970c0102zj31.html	城市少女.1988-夏日宣言·抓一个梦想在手上（TP版）【齐飞唱片】【W…
https://blog.sina.com.cn/s/blog_6943970c0102zj30.html	刘诺生.1995-始终相信爱【BMG】【WAV+CUE】
https://blog.sina.com.cn/s/blog_6943970c0102zj2z.html	Citybeat.1990-新人类摇滚（2006新世纪复黑版）【THINKER】【WAV+C…
https://blog.sina.com.cn/s/blog_6943970c0102zj2y.html	群星.2021-不仅自己可见【FLAC分轨】
https://blog.sina.com.cn/s/blog_6943970c0102zj2x.html	王耀庆.2022-安可王（EP）【FLAC分轨】
https://blog.sina.com.cn/s/blog_6943970c0102zj2w.html	巫启贤.1994-心酸的情歌（2016蜚声百代限量版）【环球】【WAV+CUE…
https://blog.sina.com.cn/s/blog_6943970c0102zj2v.html	BlackBox.1995-这片悠然的地方【滚石】【FLAC分轨】
https://blog.sina.com.cn/s/blog_6943970c0102zj2t.html	丁薇.2018-美梦如是LIVE.AT.BLUE.NOTE.BEIJING【STREETVOICE】【FL…
https://blog.sina.com.cn/s/blog_6943970c0102zj2r.html	芭比BOB.2003-我不是坏女孩【豪记】【FLAC分轨】
https://blog.sina.com.cn/s/blog_6943970c0102zj2o.html	MIRROR.2020-ONE.AND.ALL【大国文化】【FLAC分轨】
https://blog.sina.com.cn/s/blog_6943970c0102zj2n.html	郑梓浩.1990-郑梓浩【新艺宝】【WAV+CUE】
https://blog.sina.com.cn/s/blog_6943970c0102zj2k.html	吴国敬.1988-吴国敬【EMI百代】【WAV+CUE】
https://blog.sina.com.cn/s/blog_6943970c0102zj2j.html	许冠杰许冠文许冠英.2001-许氏三雄（引进版）【WAV+CUE】
https://blog.sina.com.cn/s/blog_6943970c0102zj2i.html	群星.2014-M.CLUB（女人俱乐部歌曲集）【环球】【WAV+CUE】
https://blog.sina.com.cn/s/blog_6943970c0102zj2h.html	TizzyBac.2006-我想你会变成这样都是我害的【相信音乐】【FLAC分轨…
https://blog.sina.com.cn/s/blog_6943970c0102zj2f.html	黄仲昆.1984-悔（醇黑版）【环球】【WAV+CUE】
https://blog.sina.com.cn/s/blog_6943970c0102zj2e.html	雷有辉.2010-Starting.Over【新艺宝】【FLAC分轨】
https://blog.sina.com.cn/s/blog_6943970c0102zj2d.html	群星.2023-不如在歌里遇见（EP）【SONY】【FLAC分轨】
https://blog.sina.com.cn/s/blog_6943970c0102zj2c.html	丢火车乐队.2008-丢火车【丘比音乐】【WAV+CUE】
https://blog.sina.com.cn/s/blog_6943970c0102zj29.html	容祖儿.2002-SOMETHING.ABOUT.YOU【英皇娱乐】【WAV+CUE】
https://blog.sina.com.cn/s/blog_6943970c0102zj28.html	卢业媚.2003-星声传集【EMI百代】【FLAC分轨】
https://blog.sina.com.cn/s/blog_6943970c0102zj27.html	黄明昊.2022-VR【乐华娱乐】【FLAC分轨】
https://blog.sina.com.cn/s/blog_6943970c0102zj25.html	曹卉娟.2005-玻璃杯【星文】【WAV+CUE】
https://blog.sina.com.cn/s/blog_6943970c0102zj24.html	群星.2013-听见下雨的声音电影原声带【杰威尔】【FLAC分轨】
https://blog.sina.com.cn/s/blog_6943970c0102zj23.html	郑希怡.2008－精彩年代【英皇娱乐】【FLAC分轨】
https://blog.sina.com.cn/s/blog_6943970c0102zj21.html	陈升.2022-他乡【新乐园】【FLAC分轨】
https://blog.sina.com.cn/s/blog_6943970c0102zj20.html	谭咏麟.1991-浪漫经典第二辑（2022蜚声环球限量版）【环球】【WAV+…
https://blog.sina.com.cn/s/blog_6943970c0102zj1z.html	尹吾.2000-每个人的一生都是一次远行【新蜂音乐】【FLAC分轨】
https://blog.sina.com.cn/s/blog_6943970c0102zj1y.html	吴雨霏.2011-CARRY.ON【金牌大风】【WAV+CUE】
https://blog.sina.com.cn/s/blog_6943970c0102zj1w.html	姚苏蓉.1981-离别口难言（2015梦田复刻版）【大联机构】【WAV+CUE…
https://blog.sina.com.cn/s/blog_6943970c0102zj1v.html	群星.2012-极品天碟听女声LPCD45【环球】【WAV+CUE】
https://blog.sina.com.cn/s/blog_6943970c0102zj1u.html	群星.2012-极品天碟经典名曲选LPCD45【环球】【WAV+CUE】
https://blog.sina.com.cn/s/blog_6943970c0102zj1t.html	林家谦.2021-Seven（EP）【FLAC分轨】
https://blog.sina.com.cn/s/blog_6943970c0102zj1r.html	周笔畅.2023-一个人的约会（EP）【FLAC分轨】
https://blog.sina.com.cn/s/blog_6943970c0102zj1o.html	环球群星.2017-达明一代TRIBUTE.ALBUM.2CD【环球】【WAV+CUE】
https://blog.sina.com.cn/s/blog_6943970c0102zj1n.html	王啸坤.2015-长白山【海蝶】【FLAC分轨】
https://blog.sina.com.cn/s/blog_6943970c0102zj1m.html	群星.2015-我的少女时代电影歌曲原声带【华研国际】【WAV+CUE】
https://blog.sina.com.cn/s/blog_6943970c0102zj1l.html	曹方.2021-春天那么短【诺玛文化】【FLAC分轨】
https://blog.sina.com.cn/s/blog_6943970c0102zj1b.html	昨夜派对.2020-无尽美丽的事物【博生兄弟】【FLAC分轨】
https://blog.sina.com.cn/s/blog_6943970c0102zj19.html	群星.2012-绝佳女声LPCD45【环球】【WAV+CUE】
https://blog.sina.com.cn/s/blog_6943970c0102zj18.html	曹西平.1985-出发的方向（LP版）【摩城企业】【WAV+CUE】
https://blog.sina.com.cn/s/blog_6943970c0102zj17.html	楼湘灵.1987-爱是无限【瑞华】【FLAC分轨】
https://blog.sina.com.cn/s/blog_6943970c0102zj15.html	马赛克乐队.2018-劲歌热舞【摩登天空】【WAV+CUE】
https://blog.sina.com.cn/s/blog_6943970c0102zj14.html	姚贝娜.2013-2分之一的我EP【华谊兄弟】【WAV+CUE】
https://blog.sina.com.cn/s/blog_6943970c0102zj13.html	李克勤.1991-破晓时份（2022蜚声环球限量版）【环球】【WAV+CUE】
https://blog.sina.com.cn/s/blog_6943970c0102zj12.html	潘裕文.2018-我们都一样【亚神音乐】【FLAC分轨】
https://blog.sina.com.cn/s/blog_6943970c0102zj10.html	小岛乐队.1985-小岛乐队（2006新世纪复刻版）【I.C】【FLAC+CUE】
https://blog.sina.com.cn/s/blog_6943970c0102zj0z.html	明珠姐妹.2008-绝版·本地歌坛长青姐妹花【EQMUSIC】【WAV+CUE】
https://blog.sina.com.cn/s/blog_6943970c0102zj0y.html	黎瑞恩.1992-雨季不再来（2022蜚声环球限量版）【环球】【WAV+CUE…
https://blog.sina.com.cn/s/blog_6943970c0102zj0v.html	群星.2011-孩子TEARS.FOR.CHILDREN【WAV+CUE】
https://blog.sina.com.cn/s/blog_6943970c0102zj0u.html	区小丽.2005-区小丽经典【ROCKINMUSIC】【WAV+CUE】
https://blog.sina.com.cn/s/blog_6943970c0102zj0t.html	刘德华.1996-智尊广告系列-任务【宝艺星】【WAV+CUE】
https://blog.sina.com.cn/s/blog_6943970c0102zj0q.html	山鹰组合.1997-火一样的人【太平洋影音】【FLAC+CUE】
https://blog.sina.com.cn/s/blog_6943970c0102zj0p.html	Erika.2016-I.Am.Erika【华纳】【FLAC分轨】
https://blog.sina.com.cn/s/blog_6943970c0102zj0n.html	谢春花.2018-点心【心喜文化】【WAV+CUE】
https://blog.sina.com.cn/s/blog_6943970c0102zj0m.html	吴国敬.1990-聚·别【EMI百代】【WAV+CUE】
https://blog.sina.com.cn/s/blog_6943970c0102zj0k.html	群星.2007-星光同学会（超级星光大道10强纪念合辑）【FLAC分轨】
https://blog.sina.com.cn/s/blog_6943970c0102zj0j.html	四分卫.2018-练习对抗的过程【亚神音乐】【FLAC+CUE】
https://blog.sina.com.cn/s/blog_6943970c0102zj0i.html	林淑娟.1998-永恒金曲【FRESHLINE】【WAV+CUE】
https://blog.sina.com.cn/s/blog_6943970c0102zj0e.html	王博文.2018-食光机（EP）【FLAC分轨】
https://blog.sina.com.cn/s/blog_6943970c0102zj0b.html	群星.2015-煎饼侠电影原声音乐【金狐文化】【WAV+CUE】
https://blog.sina.com.cn/s/blog_6943970c0102zj08.html	罗中旭.1994-星光灿烂【星工晨【FLAC分轨】
https://blog.sina.com.cn/s/blog_6943970c0102zj07.html	陈慧琳.1996-真情细说【正东】【WAV+CUE】
https://blog.sina.com.cn/s/blog_6943970c0102zj06.html	傅穎.2008-Smiling【金牌娱乐】【FLAC分轨】
https://blog.sina.com.cn/s/blog_6943970c0102zj04.html	董荣骏.1994-紫雨·董荣骏创作纪念集【上华】【WAV+CUE】
https://blog.sina.com.cn/s/blog_6943970c0102zj02.html	廖俊涛.2019-咬掉半口的苹果【哇唧唧哇】【FLAC分轨】
https://blog.sina.com.cn/s/blog_6943970c0102zj01.html	张琼瑶.1989-糖罐子【滚石】【WAV+CUE】
https://blog.sina.com.cn/s/blog_6943970c0102zizw.html	群星.2006-爱情攻略游戏原声带【SONY】【WAV+CUE】
https://blog.sina.com.cn/s/blog_6943970c0102zizu.html	吕蔷.2018-Dear.Myself【爱贝克思】【FLAC+CUE】
https://blog.sina.com.cn/s/blog_6943970c0102zizp.html	杨宗宪.1996-我的梦永不会停【歌林】【WAV+CUE】
https://blog.sina.com.cn/s/blog_6943970c0102zizo.html	与非门.2022-与非门·廿年【摩登天空】【FLAC分轨】
https://blog.sina.com.cn/s/blog_6943970c0102zizl.html	蔡淳.1988-再唱一次【滚石】【WAV+CUE】
https://blog.sina.com.cn/s/blog_6943970c0102zizj.html	安又琪.2011-MISS安【华纳】【FLACZ+CUE】
https://blog.sina.com.cn/s/blog_6943970c0102zizg.html	黑豹乐队.2022-循（EP）【风华秋实】【FLAC分轨】
https://blog.sina.com.cn/s/blog_6943970c0102zizf.html	苏盈之.2012-幸福就好【海蝶】【FLAC分轨】
https://blog.sina.com.cn/s/blog_6943970c0102zize.html	群星.2002-风云电视剧主题曲全纪录【歌莱美】【WAV+CUE】
https://blog.sina.com.cn/s/blog_6943970c0102zizd.html	梁汉文.2000-PG家长指引【华星】【WAV+CUE】
https://blog.sina.com.cn/s/blog_6943970c0102ziz8.html	张杰.2020-爱人啊（EP）【行星文化】【FLAC分轨】
https://blog.sina.com.cn/s/blog_6943970c0102ziz6.html	边界乐队.1989-地下旅程【银星】【FLAC分轨】
https://blog.sina.com.cn/s/blog_6943970c0102ziz5.html	群星.2006-激励歌曲经典（黑胶雷射小碟王系列）【瑞华】【WAV+CUE…
https://blog.sina.com.cn/s/blog_6943970c0102ziz4.html	何洁.2011-短暂的爱情（EP）【华谊兄弟】【WAV+CUE】
https://blog.sina.com.cn/s/blog_6943970c0102ziz3.html	潘嘉丽.2022-潘嘉丽【游手好弦】【FLAC分轨】
https://blog.sina.com.cn/s/blog_6943970c0102ziz1.html	谢春花.2019-无声叛逆【心喜文化】【WAV+CUE】
https://blog.sina.com.cn/s/blog_6943970c0102ziz0.html	赵之璧.2001-在你和天空之间【滚石】【WAV+CUE】
https://blog.sina.com.cn/s/blog_6943970c0102ziyz.html	王贰浪.2019-人间城【伯音时代】【FLAC分轨】
https://blog.sina.com.cn/s/blog_6943970c0102ziyy.html	群星.2005-影视红星4CD【东尼机构】【WAV+CUE】
https://blog.sina.com.cn/s/blog_6943970c0102ziyx.html	黄奕儒.2018-黄奕儒【相信音乐】【FLAC分轨】
https://blog.sina.com.cn/s/blog_6943970c0102ziyw.html	周葆元.1995-等我回来【飞碟】【WAV+CUE】
https://blog.sina.com.cn/s/blog_6943970c0102ziyt.html	区文诗.2010-Angelicious（EP）【环星】【FLAC分轨】
https://blog.sina.com.cn/s/blog_6943970c0102ziyr.html	区瑞强.2016-区瑞强SINGS邓丽君2辑【中唱】【FLAC分轨】
https://blog.sina.com.cn/s/blog_6943970c0102ziyq.html	石小倩.1989-经典20首【天下】【WAV+CUE】
https://blog.sina.com.cn/s/blog_6943970c0102ziyo.html	林美音.1992-心事有谁问【瑞华】【WAV+CUE】
https://blog.sina.com.cn/s/blog_6943970c0102ziyn.html	HUSH.2022-娱乐自己【相信音乐】【FLAC分轨】
https://blog.sina.com.cn/s/blog_6943970c0102ziym.html	群星.2008-非诚勿扰电影原声大碟【华谊兄弟】【WAV+CUE】
https://blog.sina.com.cn/s/blog_6943970c0102ziyk.html	郭雪芙.2018-Love乐芙（EP）【华纳】【WAV分轨】
https://blog.sina.com.cn/s/blog_6943970c0102ziyg.html	鲁向卉.2017-鱼儿【杰思娱乐】【FLAC分轨】
https://blog.sina.com.cn/s/blog_6943970c0102ziyf.html	朱孝天.2019-No.Limits【地球娱乐】【FLAC分轨】
https://blog.sina.com.cn/s/blog_6943970c0102ziy8.html	钟本伟.1993-寂寞的不只是你【巨翼】【WAV+CUE】
https://blog.sina.com.cn/s/blog_6943970c0102ziy5.html	告五人.2020-运气来得若有似无【STREETVOICE】【FLAC分轨】
https://blog.sina.com.cn/s/blog_6943970c0102ziy4.html	宋佳.2018-HER【风华秋实】【FLAC分轨】
https://blog.sina.com.cn/s/blog_6943970c0102ziy3.html	刘锡明.2005-梦知音【中唱】【WAV+CUE】
https://blog.sina.com.cn/s/blog_6943970c0102ziy2.html	川岛茉树代.2011-夜电【艾回】【FLAC+CUE】
https://blog.sina.com.cn/s/blog_6943970c0102ziy1.html	林飞如.2020-秘密（EP）【亚神音乐】【WAV分轨】
https://blog.sina.com.cn/s/blog_6943970c0102zixx.html	曾轶可.2015-25岁的晴和雨【天娱传媒】【WAV+CUE】
https://blog.sina.com.cn/s/blog_6943970c0102zixu.html	冯允谦.2022-LOVE.AND.LOSS【寰亚】【FLAC分轨】
https://blog.sina.com.cn/s/blog_6943970c0102zixs.html	许钧.2018-事实上我没有名字【梦想当然】【WAV+CUE】
https://blog.sina.com.cn/s/blog_6943970c0102zixp.html	韩雪.2007-狂想的旅程【新索】【WAV+CUE】
https://blog.sina.com.cn/s/blog_6943970c0102zixl.html	魏晨.2017-旅程（EP）【华纳】【FLAC分轨】
https://blog.sina.com.cn/s/blog_6943970c0102zixi.html	林逸欣.2020-想都没想过（EP）【滚石】【FLAC分轨】
https://blog.sina.com.cn/s/blog_6943970c0102zixe.html	群星.1995-大话西游电影原声带【滚石】【WAV+CUE】
https://blog.sina.com.cn/s/blog_6943970c0102zixc.html	容祖儿蔡卓研钟欣潼.2022-因为是朋友呀【囍祥娱乐】【FLAC分轨】
https://blog.sina.com.cn/s/blog_6943970c0102zixb.html	沈凤.2017-微尘【新世纪】【FLAC分轨】
https://blog.sina.com.cn/s/blog_6943970c0102zixa.html	群星.1995-重拾旧欢（金韵民歌精典系列）【滚石】【WAV+CUE】
https://blog.sina.com.cn/s/blog_6943970c0102zix9.html	齐秦.1995-命运的深渊【上华】【WAV+CUE】
https://blog.sina.com.cn/s/blog_6943970c0102zix8.html	VaVa.2017-21【华纳】【WAV+CUE】
https://blog.sina.com.cn/s/blog_6943970c0102zix7.html	黄小琥.1996-午夜的单人床【BMG】【WAV+CUE】
https://blog.sina.com.cn/s/blog_6943970c0102zix5.html	群星.2012-美丽心民谣·走江湖【野火乐集】【WAV+CUE】
https://blog.sina.com.cn/s/blog_6943970c0102zix4.html	群星.2010-美丽心民谣·出发【野火乐集】【WAV+CUE】
https://blog.sina.com.cn/s/blog_6943970c0102zix3.html	温碧霞.1992-海潮【Homerun】【WAV+CUE】
https://blog.sina.com.cn/s/blog_6943970c0102zix1.html	凡风乐队.1987-紫色夏日【华纳】【FLAC分轨】
https://blog.sina.com.cn/s/blog_6943970c0102zix0.html	凡风乐队.1986奇想【华纳】【FLAC分轨】
https://blog.sina.com.cn/s/blog_6943970c0102ziwz.html	房东的猫.2021-关于彻夜不眠的事情（EP）【青柴文化】【WAV分轨】
https://blog.sina.com.cn/s/blog_6943970c0102ziwy.html	罗文.1997-经典回响2CD【娱乐唱片】【WAV+CUE】
https://blog.sina.com.cn/s/blog_6943970c0102ziwv.html	雷光夏.2006-黑暗之光【SONY】【WAV+CUE】
https://blog.sina.com.cn/s/blog_6943970c0102ziwt.html	梦然.2020-少年【启韵文化】【WAV+CUE】
https://blog.sina.com.cn/s/blog_6943970c0102ziws.html	裘德.2019-颁奖的时候我要缺席【FLAC分轨】
https://blog.sina.com.cn/s/blog_6943970c0102ziwp.html	卫兰.2022-DAUGHTER【华纳】【FLAC分轨】
https://blog.sina.com.cn/s/blog_6943970c0102ziwn.html	帅哥美女寂寞芳心综艺团.1990-爱说笑【飞碟】【WAV+CUE】
https://blog.sina.com.cn/s/blog_6943970c0102ziwl.html	群星.2012-谈情最爱2CD【丽风】【WAV+CUE
https://blog.sina.com.cn/s/blog_6943970c0102ziwj.html	陈奂仁.2019-小小歌【地球娱乐】【FLAC分轨】
https://blog.sina.com.cn/s/blog_6943970c0102ziwf.html	城市少女.1987-年轻不要留白（TP版）【齐飞唱片】【WAV+CUE】
https://blog.sina.com.cn/s/blog_6943970c0102ziwe.html	白举纲.2022-我要全力奔向你【天娱传媒】【FLAC分轨】
https://blog.sina.com.cn/s/blog_6943970c0102ziwd.html	群星.2010-年度热爱2010EMPEROR.MEGA.HITS【英皇娱乐】【WAV+CUE】
https://blog.sina.com.cn/s/blog_6943970c0102ziwa.html	群星.2014-等一个人咖啡电影原声带【福茂】【WAV+CUE】
https://blog.sina.com.cn/s/blog_6943970c0102ziw9.html	黄铃.2002-疯狂着迷【高动力】【WAV+CUE】
https://blog.sina.com.cn/s/blog_6943970c0102ziw8.html	群星.2014-串烧金曲不停唱VOL.3【南方】【WAV+CUE】
https://blog.sina.com.cn/s/blog_6943970c0102ziw7.html	群星.2014-串烧金曲不停唱VOL.2【南方】【WAV+CUE】
https://blog.sina.com.cn/s/blog_6943970c0102ziw6.html	群星.2014-串烧金曲不停唱VOL.1【南方】【WAV+CUE】
https://blog.sina.com.cn/s/blog_6943970c0102ziw5.html	许飞.2007-也许，飞（EP）【步酷音乐】【WAV+CUE】
https://blog.sina.com.cn/s/blog_6943970c0102ziw0.html	苏来.1989-让记忆不再褪色精丫曲盟文化】【WAV+CUE】
https://blog.sina.com.cn/s/blog_6943970c0102zivz.html	群星.2012-LOVE爱电影原声带【华研国际】【WAV+CUE】
https://blog.sina.com.cn/s/blog_6943970c0102zivy.html	黄绮珊.2000-只有你【喜洋洋】【WAV+CUE】
https://blog.sina.com.cn/s/blog_6943970c0102zivx.html	孙燕姿.2017-跳舞的梵谷【环球】【WAV+CUE】
https://blog.sina.com.cn/s/blog_6943970c0102zivw.html	群星.2012-年度热爱2011.EMPEROR.MEGA.HITS.2CD【英皇娱乐】【WAV+…
https://blog.sina.com.cn/s/blog_6943970c0102zivv.html	万沙浪.1991-万沙浪精丫丽风】【WAV+CUE】
https://blog.sina.com.cn/s/blog_6943970c0102zivu.html	任嘉伦.2022-33【种子音乐】【FLAC分轨】
https://blog.sina.com.cn/s/blog_6943970c0102zivp.html	石欣卉.2008-女皇【华纳】【WAV+CUE】
https://blog.sina.com.cn/s/blog_6943970c0102zivn.html	群星.2010-歌舞青春电影原声带【迪斯尼】【WAV+CUE】
https://blog.sina.com.cn/s/blog_6943970c0102zivl.html	告五人.2017-迷雾之子（EP）【禾广娱乐】【WAV分轨】
https://blog.sina.com.cn/s/blog_6943970c0102zivk.html	容祖儿.2000-谁来爱我【英皇娱乐】【WAV+CUE】
https://blog.sina.com.cn/s/blog_6943970c0102zivi.html	郭静.2016-我们曾相爱【福茂】【WAV+CUE】
https://blog.sina.com.cn/s/blog_6943970c0102zivf.html	蒋瑶佳.2019-Y【看见音乐】【FLAC分轨】
https://blog.sina.com.cn/s/blog_6943970c0102zivd.html	彭靖惠.2001-猫小姐【滚石】【WAV+CUE】
https://blog.sina.com.cn/s/blog_6943970c0102ziva.html	皇后皮箱.2014-超时空歌女的快活【禾广娱乐】【WAV+CUE】
https://blog.sina.com.cn/s/blog_6943970c0102ziv9.html	达达乐队.2022-Hello!【摩登天空】【FLAC分轨】
https://blog.sina.com.cn/s/blog_6943970c0102ziv6.html	汤骏业.2016-寂寞的总和【SONY】【FLAC分轨】
https://blog.sina.com.cn/s/blog_6943970c0102ziv5.html	徐仲薇.1992-BEING.MYSELF【EMI百代】【WAV+CUE】
https://blog.sina.com.cn/s/blog_6943970c0102ziv4.html	郭顶.2005-D.Kwok郭顶【汉彩华音】【FLAC分轨】
https://blog.sina.com.cn/s/blog_6943970c0102ziv2.html	林帆.1992-仍然喜欢我【飞图】【WAV+CUE】
https://blog.sina.com.cn/s/blog_6943970c0102ziv1.html	四分卫.2016-爱曾经让我们在一起【亚神音乐】【FLAC分轨】
https://blog.sina.com.cn/s/blog_6943970c0102ziuy.html	金池.2022-我最温柔的希望【华纳】【FLAC分轨】
https://blog.sina.com.cn/s/blog_6943970c0102ziuv.html	高凌风.2013-临风魅力金曲（南方金点系列）【南方】【WAV+CUE】
https://blog.sina.com.cn/s/blog_6943970c0102ziuu.html	陈蕾.2021-Honesty【华纳】【FLAC分轨】
https://blog.sina.com.cn/s/blog_6943970c0102ziut.html	陈美玲.2003-LET.ME.DREAM【PCMUSIC】【WAV+CUE】
https://blog.sina.com.cn/s/blog_6943970c0102zius.html	宝佩如.1988-飞（TP版）【EPIC】【WAV+CUE】
https://blog.sina.com.cn/s/blog_6943970c0102ziur.html	华星群星.1994-火热动感‘94恋爱PARTY【华星】【WAV+CUE】
https://blog.sina.com.cn/s/blog_6943970c0102ziuq.html	薛凯琪.2012-FILICIOUS（EP）【华纳】【WAV+CUE】
https://blog.sina.com.cn/s/blog_6943970c0102ziup.html	群星.2012-故事·我们的电视主题曲2CD【CDRAMA】【WAV+CUE】
https://blog.sina.com.cn/s/blog_6943970c0102ziuo.html	汪苏泷.2022-21世纪罗曼史【大象无形】【FLAC分轨】
https://blog.sina.com.cn/s/blog_6943970c0102ziun.html	王心凌.2020-MY！CYNDI＞环球】【WAV+CUE】
https://blog.sina.com.cn/s/blog_6943970c0102zium.html	龚琳娜早安.2022-不忐忑【FREE-OUT】【FLAC分轨】
https://blog.sina.com.cn/s/blog_6943970c0102ziul.html	张恒.2005-9月里【FLAC分轨】
https://blog.sina.com.cn/s/blog_6943970c0102ziuj.html	苏盈之.2014-苏盈之【爱贝克思】【FLAC分轨】
https://blog.sina.com.cn/s/blog_6943970c0102ziui.html	何春兰.1985-是谁【蓝与白】【WAV+CUE】
https://blog.sina.com.cn/s/blog_6943970c0102ziuh.html	施孝荣.1988-名歌精选集【新格】【WAV+CUE】
https://blog.sina.com.cn/s/blog_6943970c0102ziud.html	蔡家蓁.2022-无碍【福茂】【FLAC分轨】
https://blog.sina.com.cn/s/blog_6943970c0102ziub.html	彭靖惠.2009-解套【滚石】【WAV+CUE】
https://blog.sina.com.cn/s/blog_6943970c0102ziu9.html	许靖韵.2014-R.U.OK（EP）【英皇娱乐】【FLAC分轨】
https://blog.sina.com.cn/s/blog_6943970c0102ziu5.html	陈奕迅.2022-EasON.AIR（LIVEEP）【环球】【FLAC分轨】
https://blog.sina.com.cn/s/blog_6943970c0102ziu4.html	坣娜.2001-娜些日子·最经典精丫BMG】【WAV+CUE】
https://blog.sina.com.cn/s/blog_6943970c0102ziu3.html	群星.2004-大城小事电影原声大碟【SONY】【WAV+CUE】
https://blog.sina.com.cn/s/blog_6943970c0102ziu2.html	告五人.2019-我肯定在几百年前就说过爱你【相信音乐】【FLAC分轨】
https://blog.sina.com.cn/s/blog_6943970c0102ziu0.html	连诗雅.2014-iTunes.Session（EP）【华纳】【FLAC分轨】
https://blog.sina.com.cn/s/blog_6943970c0102zitw.html	许飞.2010－二十六度（EP）【天娱传媒】【WAV+CUE】
https://blog.sina.com.cn/s/blog_6943970c0102zitv.html	林奕匡.2017-SONGS.OF.LOVE【SONY】【WAV+CUE】
https://blog.sina.com.cn/s/blog_6943970c0102zitu.html	群星.2015-昔日电视名曲LPCD45【环球】【WAV+CUE】
https://blog.sina.com.cn/s/blog_6943970c0102zitt.html	李佳欢.2019-开放世界【艾回】【WAV分轨】
https://blog.sina.com.cn/s/blog_6943970c0102zits.html	杨坤.2022-爱河尽处【堃谱文化】【FLAC分轨】
https://blog.sina.com.cn/s/blog_6943970c0102zitr.html	严正岚.2018-告白【海蝶】【FLAC分轨】
https://blog.sina.com.cn/s/blog_6943970c0102zitq.html	群星.1995-武则天电视原声大碟【新时代】【WAV+CUE】
https://blog.sina.com.cn/s/blog_6943970c0102zitp.html	彭坦.2010-Easy【太合麦田】【FLAC+CUE】
https://blog.sina.com.cn/s/blog_6943970c0102zitn.html	陈冠希.2000-EDISON.CHEN（EP）【MUSICPLUS】【WAV+CUE】
https://blog.sina.com.cn/s/blog_6943970c0102zitm.html	江音.2010-美丽情歌精选辑2CD【龙吟】【WAV+CUE】
https://blog.sina.com.cn/s/blog_6943970c0102zitk.html	刘家昌.1996-新经典·旧情怀金装不朽经典金曲【环星】【WAV+CUE】
https://blog.sina.com.cn/s/blog_6943970c0102zitj.html	何嘉莉.1999-非份之想（EP）【英皇娱乐】【WAV+CUE】
https://blog.sina.com.cn/s/blog_6943970c0102ziti.html	施孝荣.1982-侠客（2007滚石复刻版）【新格】【WAV+CUE】
https://blog.sina.com.cn/s/blog_6943970c0102zitd.html	沈雁.1985-精丫歌林】【WAV+CUE】
https://blog.sina.com.cn/s/blog_6943970c0102zitb.html	梁钊锋.2018-闪亮的青春（EP）【寰亚】【FLAC分轨】
https://blog.sina.com.cn/s/blog_6943970c0102zita.html	果味VC.2011-From.Jupiter.3（EP）【华谊兄弟】【WAV+CUE】
https://blog.sina.com.cn/s/blog_6943970c0102zit8.html	群星.2011-香港影视传奇6CD【EMI百代】【WAV+CUE】
https://blog.sina.com.cn/s/blog_6943970c0102zit0.html	群星.2011-新水浒传电视剧原声【广东音像】【WAV+CUE】
https://blog.sina.com.cn/s/blog_6943970c0102zisz.html	JPM.2012-365（时尚进化版）【SONY】【FLAC分轨】
https://blog.sina.com.cn/s/blog_6943970c0102zisy.html	侯湘婷.2001-爱之旅【维京】【WAV+CUE】
https://blog.sina.com.cn/s/blog_6943970c0102zisw.html	黄雅珉.1994-谁能让我再掉眼泪【EMI百代】【WAV+CUE】
https://blog.sina.com.cn/s/blog_6943970c0102zisv.html	城市少女.1986-拉手（TP版）【宝丽金】【WAV+CUE】
https://blog.sina.com.cn/s/blog_6943970c0102ziss.html	张栋梁.2009-沉默的瞬间【华纳】【WAV+CUE】
https://blog.sina.com.cn/s/blog_6943970c0102zisr.html	邓紫棋.2019-摩天动物园【GNation】【WAV+CUE】
https://blog.sina.com.cn/s/blog_6943970c0102zisp.html	胡夏.2010-胡，爱夏【SONY】【WAV+CUE】
https://blog.sina.com.cn/s/blog_6943970c0102zisn.html	孙悦.1999-快乐指南【广州音像】【WAV+CUE】
https://blog.sina.com.cn/s/blog_6943970c0102zisk.html	群星.1997-你爱不爱我【中唱】【WAV+CUE】
https://blog.sina.com.cn/s/blog_6943970c0102zisj.html	萧敬腾.2012-MR.JAZZ（英专）【华纳】【WAV+CUE】
https://blog.sina.com.cn/s/blog_6943970c0102zisb.html	拜金小姐.2004-拜金小姐【荒岛网路】【WAV+CUE】
https://blog.sina.com.cn/s/blog_6943970c0102zis7.html	万能青年旅店.2020-冀西南林路行【FLAC分轨】
https://blog.sina.com.cn/s/blog_6943970c0102zis5.html	吴宗宪.2009-阿宪的歌2CD（南方金点系列）【南方】【WAV+CUE】
https://blog.sina.com.cn/s/blog_6943970c0102zis3.html	黄龄.2007-痒【天韵文化】【WAV+CUE】
https://blog.sina.com.cn/s/blog_6943970c0102zis0.html	彭佳慧.2022-我在客厅做的梦【SONY】【FLAC分轨】
https://blog.sina.com.cn/s/blog_6943970c0102zirw.html	许怀欣.2006-开窍【金牌娱乐】【WAV+CUE】
https://blog.sina.com.cn/s/blog_6943970c0102ziru.html	许廷铿.2021-2021【自许纪录】【FLAC分轨】
https://blog.sina.com.cn/s/blog_6943970c0102zirt.html	厉娜.2017-MY.WAY（EP）【太合麦田】【FLAC分轨】
https://blog.sina.com.cn/s/blog_6943970c0102zirq.html	邰肇玫.1980-奔放奔放（喜玛拉雅复刻版）【光美】【WAV+CUE】
https://blog.sina.com.cn/s/blog_6943970c0102ziro.html	容祖儿.2009-A.TIME.FOR.US【英皇娱乐】【WAV+CUE】
https://blog.sina.com.cn/s/blog_6943970c0102zirk.html	尹光.1981-金曲（2017新世纪复刻版）【风格】【WAV+CUE】
https://blog.sina.com.cn/s/blog_6943970c0102zirj.html	黄大军.1993-纠缠一辈子【蓝与白】【WAV+CUE】
https://blog.sina.com.cn/s/blog_6943970c0102zirh.html	黄绮珊.2021-小霞2.0【SONY】【FLAC分轨】
https://blog.sina.com.cn/s/blog_6943970c0102zirg.html	华纳群星.1993-华纳旧朋友精丫华纳】【WAV+CUE】
https://blog.sina.com.cn/s/blog_6943970c0102zirf.html	皇后皮箱.2010-LIKEISAID【喜玛拉雅】【WAV+CUE】
https://blog.sina.com.cn/s/blog_6943970c0102zird.html	林依轮.2001-向快乐出发【天中文化】【WAV+CUE】
https://blog.sina.com.cn/s/blog_6943970c0102zira.html	蔡恩雨.2018-Burn【上行娱乐】【FLAC分轨】
https://blog.sina.com.cn/s/blog_6943970c0102zir7.html	郭静.2015-致纯静新歌+精选2CD【福茂】【WAV+CUE】
https://blog.sina.com.cn/s/blog_6943970c0102zir6.html	群星.1991-东方不败电影音乐专辑【BMG】【WAV+CUE】
https://blog.sina.com.cn/s/blog_6943970c0102zir5.html	ASOS.2001-变T少女【擎天娱乐】【FLAC分轨】
https://blog.sina.com.cn/s/blog_6943970c0102zir2.html	萧敬腾.2021-隔离套房2827【华纳】【FLAC分轨】
https://blog.sina.com.cn/s/blog_6943970c0102zir1.html	群星.2009-原班情歌2CD【SONY】【WAV+CUE】
https://blog.sina.com.cn/s/blog_6943970c0102ziqy.html	千百惠.1991-绕梁真情歌2CD【南方】【WAV+CUE】
https://blog.sina.com.cn/s/blog_6943970c0102ziqw.html	邵夷贝.2018-此刻明白【香蕉计划】【FLAC分轨】
https://blog.sina.com.cn/s/blog_6943970c0102ziqt.html	黄绮珊.2015-小霞【SONY】【WAV+CUE】
https://blog.sina.com.cn/s/blog_6943970c0102ziqs.html	群星.2008-梅艳芳菲电视原声大碟【傲旗音乐】【WAV+CUE】
https://blog.sina.com.cn/s/blog_6943970c0102ziqr.html	黄安.2012-肯定句【星外星】【WAV+CUE】
https://blog.sina.com.cn/s/blog_6943970c0102ziqk.html	郭炳坚.1973-歌星之歌（2014新世纪复刻版）【丽风】【WAV+CUE】
https://blog.sina.com.cn/s/blog_6943970c0102ziqj.html	苏运莹.2021-苏运莹【梦想当然】【FLAC分轨】
https://blog.sina.com.cn/s/blog_6943970c0102ziqh.html	陈小春.2001-抱一抱【BMG】【WAV+CUE】
https://blog.sina.com.cn/s/blog_6943970c0102ziqf.html	苗子杰.1994-小姐小姐你真水【天将唱片】【WAV+CUE】
https://blog.sina.com.cn/s/blog_6943970c0102ziqe.html	柯智棠.2015-你不真的想流浪【SONY】【FLAC分轨】
https://blog.sina.com.cn/s/blog_6943970c0102ziqb.html	黄宇曛.2010-同名专辑Shine【SONY】【WAV+CUE】
https://blog.sina.com.cn/s/blog_6943970c0102ziq8.html	许廷铿.2015-WATERMARK【星梦娱乐】【WAV+CUE】
https://blog.sina.com.cn/s/blog_6943970c0102ziq6.html	姚苏蓉.1990-魂萦旧梦【SONY】【WAV+CUE】
https://blog.sina.com.cn/s/blog_6943970c0102ziq5.html	梁立.1996-不假不真【波丽佳音】【WAV+CUE】
https://blog.sina.com.cn/s/blog_6943970c0102ziq4.html	吕珊.2002-至爱十二2CD【ROCK】【WAV+UCE】
https://blog.sina.com.cn/s/blog_6943970c0102ziq2.html	陈明.2004-让爱情优先【京文】【WAV+CUE】
https://blog.sina.com.cn/s/blog_6943970c0102ziq1.html	周予天.2021-IDoL【SONY】【FLAC分轨】
https://blog.sina.com.cn/s/blog_6943970c0102zipv.html	周吉佩.2008-Getting.Start!（EP）【英皇娱乐】【WAV+CUE】
https://blog.sina.com.cn/s/blog_6943970c0102zipu.html	群星.2016-民谣地图·拾众而歌【众乐纪】【FLAC分轨】
https://blog.sina.com.cn/s/blog_6943970c0102zipp.html	马浚伟.2018-生前约死后舞台剧原声带【环球】【FLAC分轨】
https://blog.sina.com.cn/s/blog_6943970c0102zipn.html	赖冰霞.2006-金嗓典藏辑2IN1（南方金点系列）【南方】【WAV+CUE】
https://blog.sina.com.cn/s/blog_6943970c0102zipm.html	邱泽.2004-Remember全记忆精丫擎天娱乐】【FLAC分轨】
https://blog.sina.com.cn/s/blog_6943970c0102zipk.html	小柯.2002-小柯2002【京文】【WAV+CUE】
https://blog.sina.com.cn/s/blog_6943970c0102zipj.html	黄丽玲.2019-A-Lin原声带【SONY】【FLAC分轨】
https://blog.sina.com.cn/s/blog_6943970c0102zipe.html	萧敬腾.2009-爱的时刻自选辑【华纳】【WAV+CUE】
https://blog.sina.com.cn/s/blog_6943970c0102zipb.html	群星.2017-深夜食堂电视原声带【华纳】【FLAC分轨】
https://blog.sina.com.cn/s/blog_6943970c0102zipa.html	群星.1994-徐沛东金曲精丫中唱】【FLAC+CUE】
https://blog.sina.com.cn/s/blog_6943970c0102zip9.html	罗志祥.2013-狮子吼【SONY】【WAV+CUE】
https://blog.sina.com.cn/s/blog_6943970c0102zip6.html	王小洋.2021-再见练习曲【王小熊猫工作室】【FLAC分轨】
https://blog.sina.com.cn/s/blog_6943970c0102zip5.html	文佩玲.1990-斗气【EMI百代】【WAV+CUE】
https://blog.sina.com.cn/s/blog_6943970c0102zip4.html	容祖儿.2009-很忙（国专）【英皇娱乐】【WAV+CUE】
https://blog.sina.com.cn/s/blog_6943970c0102zip2.html	群星.2015-势在必行3-心时代最终章【福茂】【FLAC分轨】
https://blog.sina.com.cn/s/blog_6943970c0102zip1.html	安心亚.2020-爱得起【美妙音乐】【FLAC分轨】
https://blog.sina.com.cn/s/blog_6943970c0102zioz.html	草蜢.1991-LONELY（2022蜚声环球系列）【环球】【WAV+CUE】
https://blog.sina.com.cn/s/blog_6943970c0102zioy.html	孙悦.1998-好人好梦（情歌对唱合辑）【嘉鹏】【WAV+CUE】
https://blog.sina.com.cn/s/blog_6943970c0102ziox.html	陶晶莹.2005-走路去纽约【海蝶】【WAV+CUE】
https://blog.sina.com.cn/s/blog_6943970c0102ziov.html	郑秀文.1999-精精精选47首2CD【华星】【WAV+CUE】
https://blog.sina.com.cn/s/blog_6943970c0102ziou.html	黄明昊.2020-18【乐华娱乐】【FLAC分轨】
https://blog.sina.com.cn/s/blog_6943970c0102ziot.html	李建復.1990-夸父追日【滚石】【WAV+CUE】
https://blog.sina.com.cn/s/blog_6943970c0102zios.html	王芷蕾.1992-怀旧老歌精粹【瑞华】【WAV+CUE】
https://blog.sina.com.cn/s/blog_6943970c0102zior.html	黄翊.2018-A.SECOND.CHANCE【瑞成】【FLAC分轨】
https://blog.sina.com.cn/s/blog_6943970c0102zioo.html	李琦.2015-宅男【当然娱乐】【FLAC分轨】
https://blog.sina.com.cn/s/blog_6943970c0102ziok.html	薛凯琪.2022-请君入梦（EP）【华纳】【FLAC分轨】
https://blog.sina.com.cn/s/blog_6943970c0102zioi.html	群星.2022-点燃我，温暖我影视原声专辑【炎乐传媒】【FLAC分轨】
https://blog.sina.com.cn/s/blog_6943970c0102zioh.html	崔萍.1972-雨夜的街灯（2015环球复刻版）【EMI百代】【WAV+CUE】
https://blog.sina.com.cn/s/blog_6943970c0102ziof.html	甄妮.1989-精装甄妮【SONY】【WAV+CUE】
https://blog.sina.com.cn/s/blog_6943970c0102zioc.html	郭仪珍.1991-不朽金曲【快乐】【WAV+CUE】
https://blog.sina.com.cn/s/blog_6943970c0102ziob.html	许钧.2016-万松岭【梦想当然】【WAV+CUE】
https://blog.sina.com.cn/s/blog_6943970c0102zioa.html	张远.2022-丧·燃【福气文化】【FLAC分轨】
https://blog.sina.com.cn/s/blog_6943970c0102zio9.html	林志颖.1997-我仍然是我【丰华】【WAV+CUE】
https://blog.sina.com.cn/s/blog_6943970c0102zio8.html	法爱.1998-飞【音商行】【WAV+CUE】
https://blog.sina.com.cn/s/blog_6943970c0102zio7.html	陈奂仁.2018-Afterthought【地球娱乐】【FLAC分轨】
https://blog.sina.com.cn/s/blog_6943970c0102zio4.html	袁娅维.2022-TRIP【华纳】【FLAC分轨】
https://blog.sina.com.cn/s/blog_6943970c0102zio1.html	薛之谦.2008-深深爱过你【上腾娱乐】【WAV+CUE】
https://blog.sina.com.cn/s/blog_6943970c0102zio0.html	郭静.2008-下一个天亮【福茂】【WAV+CUE】
https://blog.sina.com.cn/s/blog_6943970c0102ziny.html	许廷铿.2020-Negative【华纳】【FLAC分轨】
https://blog.sina.com.cn/s/blog_6943970c0102zinw.html	李为.1990-疼你疼到你错【派森】【WAV+CUE】
https://blog.sina.com.cn/s/blog_6943970c0102zinv.html	容祖儿.2000-不容错失（EP）【英皇娱乐】【WAV+CUE】
https://blog.sina.com.cn/s/blog_6943970c0102zinu.html	李亚明.1986-魅力十足（LP版）【拍谱】【WAV+CUE】
https://blog.sina.com.cn/s/blog_6943970c0102zins.html	苏珮卿.2017-我们都是寂寞的【SONY】【WAV+CUE】
https://blog.sina.com.cn/s/blog_6943970c0102zinq.html	刘德华.2020-宝丽金伍拾24K金碟系列5CD【宝丽金】【WAV+CUE】
https://blog.sina.com.cn/s/blog_6943970c0102zinp.html	李进才.2011-难忘经典组曲（南方金点系列）2CD【南方】【WAV+CUE】
https://blog.sina.com.cn/s/blog_6943970c0102zinn.html	农夫.2008-富甲天下【东亚】【WAV+CUE】
https://blog.sina.com.cn/s/blog_6943970c0102zinl.html	刘力扬.2017-库仑定律【摩登天空】【WAV分轨】
https://blog.sina.com.cn/s/blog_6943970c0102zink.html	刘德华.1991-爱不完（2022蜚声环球限量版）【环球】【WAV+CUE】
https://blog.sina.com.cn/s/blog_6943970c0102zinj.html	亚龙大.1997-ACTION.FIGURES【D.I.Y】【环球】【WAV+CUE】
https://blog.sina.com.cn/s/blog_6943970c0102zinf.html	潘安邦.2013-长情民歌（南方金点系列）2CD【南方【WAV+CUE】
https://blog.sina.com.cn/s/blog_6943970c0102zind.html	罗文沈殿霞.1972-NO.1（LP版）【超声唱片】【WAV+CUE】
https://blog.sina.com.cn/s/blog_6943970c0102zinc.html	梁球.1990-思忆【华纳】【WAV+CUE】
https://blog.sina.com.cn/s/blog_6943970c0102zinb.html	白安.2018-1990s【相信音乐】【FLAC分轨】
https://blog.sina.com.cn/s/blog_6943970c0102zina.html	袁咏琳.2015-Fight.For.Love【SONY】【FLAC分轨】
https://blog.sina.com.cn/s/blog_6943970c0102zin7.html	潘秀琼.2007-复刻珍藏金曲集3CD【环星】【WAV+CUE】
https://blog.sina.com.cn/s/blog_6943970c0102zin6.html	李明珠.1988-ON.HOLIDAY（2010环球复黑王）【宝丽金】【WAV+CUE】
https://blog.sina.com.cn/s/blog_6943970c0102zin4.html	李茂山.1987-生日快乐·曾经爱过（2011黑胶雷射小碟王复刻系列）【…
https://blog.sina.com.cn/s/blog_6943970c0102zin3.html	罗敏庄.2012-我做到真SING情【新世纪】【WAV+CUE】
https://blog.sina.com.cn/s/blog_6943970c0102zin1.html	李明德.1992-坚持【全美】【WAV+CUE】
https://blog.sina.com.cn/s/blog_6943970c0102zin0.html	陈零九.2017-敢不敢【滚石】【FLAC分轨】
https://blog.sina.com.cn/s/blog_6943970c0102zimy.html	陈予新.2002-满天都是陈予新【维京】【WAV+CUE】
https://blog.sina.com.cn/s/blog_6943970c0102zimw.html	群星.2009-永恒金曲118系列5CD【丽风】【WAV+CUE】
https://blog.sina.com.cn/s/blog_6943970c0102zimv.html	旅行团.2008-来福胶泥【摩登天空】【WAV+CUE】
https://blog.sina.com.cn/s/blog_6943970c0102zimu.html	林依轮.1995-火火的歌谣【新时代】【WAV+CUE】
https://blog.sina.com.cn/s/blog_6943970c0102zimt.html	群星.2022-她们的名字电视原声带【白米范】【FLAC分轨】
https://blog.sina.com.cn/s/blog_6943970c0102zimr.html	梁珈瑜.2013-ShowK【新世纪】【FLAC分轨】
https://blog.sina.com.cn/s/blog_6943970c0102zimq.html	毕书尽.2014-Action.Bii【福茂】【FLAC分轨】
https://blog.sina.com.cn/s/blog_6943970c0102zimp.html	黎明.1991-是爱是缘（2022蜚声环球系列）【环球】【WAV+CUE】
https://blog.sina.com.cn/s/blog_6943970c0102zimo.html	崔苔菁.1976-浪花电影原声带全部插曲（2015梦田复刻版）【大联机构…
https://blog.sina.com.cn/s/blog_6943970c0102ziml.html	恬妞.2007-恬妞全集1979－1984【东尼机构】【WAV+CUE】
https://blog.sina.com.cn/s/blog_6943970c0102zimk.html	王铮亮.2022-还是爱着【少城时代】【FLAC分轨】
https://blog.sina.com.cn/s/blog_6943970c0102zimj.html	孔令奇.2013-悬浮记忆【金牌大风】【FLAC分轨】
https://blog.sina.com.cn/s/blog_6943970c0102zimh.html	Zarahn.2007-怪誕城之夜（EP）【华纳】【FLAC分轨】
https://blog.sina.com.cn/s/blog_6943970c0102zimg.html	川岛茉树代.2000-MAKYO【福茂】【FLAC分轨】
https://blog.sina.com.cn/s/blog_6943970c0102zimf.html	张恒.1995-天堂里有没有车来车往【WAV+CUE】
https://blog.sina.com.cn/s/blog_6943970c0102zime.html	林志美.2006-原美主义【柏菲】【WAV+CUE】
https://blog.sina.com.cn/s/blog_6943970c0102zimb.html	陈凯彤.2015-A.LITTLE.BLISS（EP）【英皇】【FLAC分轨】
https://blog.sina.com.cn/s/blog_6943970c0102zim9.html	罗文.1978-死亡游戏（LP版）【娱乐唱片】【WAV+CUE】
https://blog.sina.com.cn/s/blog_6943970c0102zim8.html	余天.2000-天生多情·国语情【大信唱片】【WAV+CUE】
https://blog.sina.com.cn/s/blog_6943970c0102zim7.html	罗志祥.2012-有我在【金牌大风】【WAV+CUE】
https://blog.sina.com.cn/s/blog_6943970c0102zim2.html	唐磊.2006-唐磊【点睛文化】【FLAC+CUE】
https://blog.sina.com.cn/s/blog_6943970c0102zim1.html	金瑞瑶.1984-好想你（飞跃复刻版）【歌林】【WAV+CUE】
https://blog.sina.com.cn/s/blog_6943970c0102zilz.html	群星.1988-京华烟云电影原声带【滚石】【WAV+CUE】.rar
https://blog.sina.com.cn/s/blog_6943970c0102zily.html	谭咏麟.1991-浪漫经典第二辑（2022蜚声环球系列）【环球】【WAV+CU…
https://blog.sina.com.cn/s/blog_6943970c0102zilx.html	吴雨霏.2010-KEEP.BREATHING【金牌大风】【WAV+CUE】
https://blog.sina.com.cn/s/blog_6943970c0102zilw.html	19乐团.2011-19【亚神音乐】【WAV+CUE】
https://blog.sina.com.cn/s/blog_6943970c0102zils.html	李丽珊.2019-GROWWITHME（EP）【新世纪】【FLAC分轨】
https://blog.sina.com.cn/s/blog_6943970c0102zilr.html	彭坦.2007-少年故事【太合麦田】【WAV+CUE】
https://blog.sina.com.cn/s/blog_6943970c0102ziln.html	周汤豪.2019-WHATALIFE（EP）【SONY】【FLAC分轨】
https://blog.sina.com.cn/s/blog_6943970c0102zilm.html	薰妮.1985-玻璃墙上的一吻（2001年永恒真存版）【永恒】【WAV+CUE…
https://blog.sina.com.cn/s/blog_6943970c0102zilk.html	蜜蜂少女队.2017-GPS密封令【环球】【FLAC分轨】
https://blog.sina.com.cn/s/blog_6943970c0102zili.html	林一峰.2022-Transform.Volume.Two【LYFMUSIC】【FLAC分轨】
https://blog.sina.com.cn/s/blog_6943970c0102zilh.html	林一峰.2022-Transform.Volume.One【LYFMUSIC】【FLAC分轨】
https://blog.sina.com.cn/s/blog_6943970c0102zile.html	汤旭.2012-云速爱【星外星】【WAV+CUE】
https://blog.sina.com.cn/s/blog_6943970c0102zilc.html	张赫宣.2013－宣言【海蝶】【WAV+CUE】
https://blog.sina.com.cn/s/blog_6943970c0102zilb.html	安心亚.2014-在一起【美妙音乐】【FLAC分轨】
https://blog.sina.com.cn/s/blog_6943970c0102zil6.html	陈国华.2009-为你写一首幸福的歌【擎天娱乐】【WAV+CUE】
https://blog.sina.com.cn/s/blog_6943970c0102zil5.html	吕珊.1987-吕珊（2006经典系列复刻版）【SONY】【WAV+CUE】
https://blog.sina.com.cn/s/blog_6943970c0102zil4.html	杜丽莎.1985-何必放弃（LP版）【TVR】【WAV+CUE】
https://blog.sina.com.cn/s/blog_6943970c0102zil3.html	邓瑞霞.1998-情牵广东金曲CD1【南方】【WAV+CUE】
https://blog.sina.com.cn/s/blog_6943970c0102zil1.html	柯以敏.1997-像恋人一样（EP）【SONY】【WAV+CUE】
https://blog.sina.com.cn/s/blog_6943970c0102zikx.html	群星.2018-摇滚唐朝三十年演义我心中的唐朝【科文音像】【WAV+CUE…
https://blog.sina.com.cn/s/blog_6943970c0102zikv.html	TANK.2022-倔強的树【光影岁月文化】【FLAC分轨】
https://blog.sina.com.cn/s/blog_6943970c0102ziks.html	丁当.2016-当我的好朋友【相信音乐】【WAV+CUE】
https://blog.sina.com.cn/s/blog_6943970c0102zikr.html	李岚风.2008-无名的情歌【瑞华】【WAV+CUE】
https://blog.sina.com.cn/s/blog_6943970c0102ziko.html	林美音.2015-柔情小调1【瑞华】【WAV+CUE】
https://blog.sina.com.cn/s/blog_6943970c0102zikn.html	戴佩妮.2022-被动的观众【地球国际】【FLAC分轨】
https://blog.sina.com.cn/s/blog_6943970c0102zikm.html	亚龙大.1994-ANODIZE【D.I.Y】【WAV+CUE】
https://blog.sina.com.cn/s/blog_6943970c0102zikl.html	群星.1976-射雕英雄传（LP版）【大联机构】【WAV+CUE】
https://blog.sina.com.cn/s/blog_6943970c0102zikk.html	周慧敏.1990-创造未来3寸CD（2015新世纪复刻版）【艺视唱片】【WAV…
https://blog.sina.com.cn/s/blog_6943970c0102zikj.html	陈明真.2002-变心的翅膀·全精选2CD【上华】【WAV+CUE】
https://blog.sina.com.cn/s/blog_6943970c0102ziki.html	邱泽.2003-不懂【擎天娱乐】【FLAC分轨】
https://blog.sina.com.cn/s/blog_6943970c0102zikg.html	邓智彰.1995-陪我走过新歌+精丫瑞华】【WAV+CUE】
https://blog.sina.com.cn/s/blog_6943970c0102zikf.html	傅颖.2009－Dearest（EP）【金牌大风】【FLAC分轨】
https://blog.sina.com.cn/s/blog_6943970c0102zike.html	江淑娜.2010-不爱了·请你记得我的好【福茂】【WAV+CUE】
https://blog.sina.com.cn/s/blog_6943970c0102zikd.html	雷光夏.2003-时间的密语【SONY】【WAV+CUE】
https://blog.sina.com.cn/s/blog_6943970c0102zikc.html	群星.2014-独家试唱【星娱乐】【FLAC分轨】
https://blog.sina.com.cn/s/blog_6943970c0102zika.html	戴荃.2021-侠客行【海蝶】【WAV+CUE】
https://blog.sina.com.cn/s/blog_6943970c0102zik9.html	郑秀文.2003-完全拥有2CD【华纳】【WAV+CUE】
https://blog.sina.com.cn/s/blog_6943970c0102zik8.html	郑少秋关菊英.1977-江山美人（1996复刻版）【文志】【WAV+CUE】
https://blog.sina.com.cn/s/blog_6943970c0102zik6.html	徐小凤.1991-文明泪（2022蜚声环球限量版）【环球】【WAV+CUE】
https://blog.sina.com.cn/s/blog_6943970c0102zik5.html	罗志祥.2011-独一无二【金牌大风】【WAV+CUE】
https://blog.sina.com.cn/s/blog_6943970c0102zik4.html	洪卓立.2011-透视【英皇娱乐】【WAV+CUE】
https://blog.sina.com.cn/s/blog_6943970c0102zik3.html	群星.1994-伴我同行电影原声带【美亚】【WAV+CUE】
https://blog.sina.com.cn/s/blog_6943970c0102zik2.html	王海玲.2002-别忘了我是谁【上扬】【WAV+CUE】
https://blog.sina.com.cn/s/blog_6943970c0102zik1.html	雷佳.2006-蒲公英的天空【瑞鸣】【WAV+CUE】
https://blog.sina.com.cn/s/blog_6943970c0102zik0.html	游鸿明.2022-时光如雨（EP）【讯飞音乐】【FLAC分轨】
https://blog.sina.com.cn/s/blog_6943970c0102zijz.html	周柏豪.2017-ONESTEP.CLOSER【华纳】【WAV+CUE】
https://blog.sina.com.cn/s/blog_6943970c0102zijy.html	满文军.2015-到时候【天浩盛世】【WAV+CUE】
https://blog.sina.com.cn/s/blog_6943970c0102zijx.html	群星.2009－情歌101【华纳】【WAV+CUE】
https://blog.sina.com.cn/s/blog_6943970c0102zijw.html	群星.2011-爱情101【华纳】【WAV+CUE】
https://blog.sina.com.cn/s/blog_6943970c0102ziju.html	金玟岐.2015-完美世界【科文音像】【WAV+CUE】
https://blog.sina.com.cn/s/blog_6943970c0102zijs.html	袁咏琳.2011-2.Be.Different【杰威尔】【FLAC+CUE】
https://blog.sina.com.cn/s/blog_6943970c0102zijq.html	欧阳菲菲.1988-热情的沙漠（再版）【WAV+CUE】
https://blog.sina.com.cn/s/blog_6943970c0102zijp.html	欧阳娜娜.2020-NANA（3EP）【孟驮文化】【FLAC分轨】
https://blog.sina.com.cn/s/blog_6943970c0102zijn.html	王菀之.2009-ON.WINGS.OF.TIME【东亚】【WAV+CUE】
https://blog.sina.com.cn/s/blog_6943970c0102zijl.html	姚苏蓉.1989-旧情绵绵【SONY】【WAV+CUE】
https://blog.sina.com.cn/s/blog_6943970c0102zijk.html	达明一派.1991-回想（2022蜚声环球系列）【环球】【WAV+CUE】
https://blog.sina.com.cn/s/blog_6943970c0102ziji.html	群星.2010-艋舺电影原声大碟【美妙音乐】【WAV+CUE】
https://blog.sina.com.cn/s/blog_6943970c0102zijh.html	安又琪.2006-谈情说爱【艾回】【WAV+CUE】
https://blog.sina.com.cn/s/blog_6943970c0102zijb.html	赵英俊.2020-以电影的名义歌唱【奔跑怪物】【APE分轨】
https://blog.sina.com.cn/s/blog_6943970c0102zija.html	崔苔菁.1972-何日再吻君（2015梦田复刻版）【大联机构】【WAV+CUE…
https://blog.sina.com.cn/s/blog_6943970c0102zij8.html	罗文.1977-家变（2010娱乐50周年金碟版）【娱乐唱片】【WAV+CUE】
https://blog.sina.com.cn/s/blog_6943970c0102zij6.html	殷正洋.1994-等一个人【巨石】【WAV+CUE】
https://blog.sina.com.cn/s/blog_6943970c0102zij5.html	安心亚.2011-恶女【美妙音乐】【FLAC分轨】
https://blog.sina.com.cn/s/blog_6943970c0102zij4.html	群星.2014-神雕侠侣电视剧原声带【天牧瑞佳】【FLAC分轨】
https://blog.sina.com.cn/s/blog_6943970c0102zij3.html	同恩.2006-不准哭【丰华】【WAV+CUE】
https://blog.sina.com.cn/s/blog_6943970c0102zij1.html	农夫.2010-奇迹2CD【东亚】【WAV+CUE】
https://blog.sina.com.cn/s/blog_6943970c0102zij0.html	李克勤.1991-雨中街头剧（2022蜚声环球系列）【环球】【WAV+CUE】
https://blog.sina.com.cn/s/blog_6943970c0102ziix.html	陈珊妮.1996-四季末的唱游【友善的狗】【WAV+CUE】
https://blog.sina.com.cn/s/blog_6943970c0102ziiw.html	张恒远.2020-用眼泪微笑（EP）【灿星】【WAV分轨】
https://blog.sina.com.cn/s/blog_6943970c0102ziir.html	刘锡明.2018-前程锦绣【太平洋影音】【WAV+CUE】
https://blog.sina.com.cn/s/blog_6943970c0102ziiq.html	群星.2012-天涯明月刀电视原声大碟【WAV+CUE】
https://blog.sina.com.cn/s/blog_6943970c0102ziip.html	米志宏.1994-绝对真心【波丽佳音】【WAV+CUE】
https://blog.sina.com.cn/s/blog_6943970c0102ziio.html	李之勤.1992-想你的夜【飞碟】【WAV+CUE】
https://blog.sina.com.cn/s/blog_6943970c0102ziin.html	宝丽金群星.1994-绝佳经典国语金曲精丫宝丽金】【WAV+CUE】
https://blog.sina.com.cn/s/blog_6943970c0102ziim.html	马条.2016-篝火【FLAC分轨】
https://blog.sina.com.cn/s/blog_6943970c0102ziik.html	罗志祥.2012-舞极限【金牌大风】【WAV+CUE】
https://blog.sina.com.cn/s/blog_6943970c0102ziij.html	花粥.2020－神的口袋【FLAC分轨】
https://blog.sina.com.cn/s/blog_6943970c0102ziih.html	Swing.2009－武当【环球】【FLAC分轨】
https://blog.sina.com.cn/s/blog_6943970c0102ziig.html	群星.2009-UNI-POWER合唱造大力量【环球】【WAV+CUE】
https://blog.sina.com.cn/s/blog_6943970c0102ziie.html	瞿颖.2005-连锁反应【FLAC+CUE】
https://blog.sina.com.cn/s/blog_6943970c0102ziid.html	群星.1998-花木兰电影原声大碟【迪斯尼】【WAV+CUE】
https://blog.sina.com.cn/s/blog_6943970c0102ziia.html	棒棒堂.2011-电司【金牌大风】【WAV+CUE】
https://blog.sina.com.cn/s/blog_6943970c0102zii8.html	周影.1991-还仍然想我吗（2022蜚声环球系列）【环球】【WAV+CUE】
https://blog.sina.com.cn/s/blog_6943970c0102zii7.html	郭富城.1995-我的开始在这里【飞碟】【WAV+CUE】
https://blog.sina.com.cn/s/blog_6943970c0102zii6.html	布瑞吉.2022-奔跑孩子【种梦音乐】【FLAC分轨】
https://blog.sina.com.cn/s/blog_6943970c0102zii5.html	萧丽珠.2002-遇见真情2CD【歌林】【WAV+CUE】
https://blog.sina.com.cn/s/blog_6943970c0102zii4.html	罗忆诗.2019-迷宫【布谷鸟】【FLAC分轨】
https://blog.sina.com.cn/s/blog_6943970c0102zii2.html	群星.2018-延禧攻略电视原声带【东阳欢娱】【FLAC分轨】
https://blog.sina.com.cn/s/blog_6943970c0102zii1.html	陈伟联.2007-i伟联【华纳】【WAV+CUE】
https://blog.sina.com.cn/s/blog_6943970c0102zii0.html	黄丽玲.2017-黄丽玲【SONY】【WAV+CUE】
https://blog.sina.com.cn/s/blog_6943970c0102zihz.html	关正杰.2002-星声传集·关正杰【EMI百代】【WAV+CUE】
https://blog.sina.com.cn/s/blog_6943970c0102zihx.html	尤长靖.2020-我是尤长靖【香蕉娱乐】【FLAC分轨】
https://blog.sina.com.cn/s/blog_6943970c0102zihw.html	陈慧琳.2005-我是阳光的（国）【正东】【WAV+CUE】
https://blog.sina.com.cn/s/blog_6943970c0102zihu.html	潘美辰.1997-音乐爱情事件【波丽佳音】【WAV+CUE】
https://blog.sina.com.cn/s/blog_6943970c0102ziht.html	刘德华.1991-不可不信...缘（2022蜚声环球限量版）【环球】【WAV+C…
https://blog.sina.com.cn/s/blog_6943970c0102zihr.html	文章.2000-出道日LIVE全记录CD1【擎天娱乐】【WAV+CUE】
https://blog.sina.com.cn/s/blog_6943970c0102ziho.html	群星.2021-神之乡戏剧原创音乐专辑【福茂】【FLAC分轨】
https://blog.sina.com.cn/s/blog_6943970c0102zihn.html	刘力扬.2019-Neon.Lit虹【摩登天空】【FLAC分轨】
https://blog.sina.com.cn/s/blog_6943970c0102zihm.html	小虫.1985-计程车（TP版）【新丽声】【WAV+CUE】
https://blog.sina.com.cn/s/blog_6943970c0102zihj.html	王俪婷.2005-A.GIRL.MEETS.BOSSA.NOVA【S2S】【WAV+CUE】
https://blog.sina.com.cn/s/blog_6943970c0102zihi.html	谢天笑.2017-那不是我【摩登天空】【WAV+CUE】
https://blog.sina.com.cn/s/blog_6943970c0102zihg.html	何洁.2022-桔梗【SONY】【FLAC分轨】
https://blog.sina.com.cn/s/blog_6943970c0102zihf.html	余天.2001-国语珍藏金曲6CD【吉马唱片】【WAV+CUE】
https://blog.sina.com.cn/s/blog_6943970c0102zihc.html	姚苏蓉.1987-一千零一夜【SONY】【WAV+CUE】
https://blog.sina.com.cn/s/blog_6943970c0102zihb.html	Beyond.1991-Deliberate犹豫（2022蜚声环球系列）【环球】【WAV+CU…
https://blog.sina.com.cn/s/blog_6943970c0102zih7.html	盘尼西林.2022-浮生若梦【智慧大狗】【FLAC分轨】
https://blog.sina.com.cn/s/blog_6943970c0102zih6.html	甄妮.1981-冲击（LP版）【SONY】【WAV+CUE】
https://blog.sina.com.cn/s/blog_6943970c0102zih4.html	群星.2010-下一站,幸福电视原声带【相信音乐】【WAV+CUE】
https://blog.sina.com.cn/s/blog_6943970c0102zih2.html	陈慧娴.1998-32首选2CD【宝丽金】【WAV+CUE】
https://blog.sina.com.cn/s/blog_6943970c0102zigy.html	丁当.2008-我爱上的【相信音乐】【WAV+CUE】
https://blog.sina.com.cn/s/blog_6943970c0102zigt.html	黄贝玲.1997-如果那就是爱【快乐唱片】【WAV+CUE】
https://blog.sina.com.cn/s/blog_6943970c0102zigs.html	李亚明.1984-透明人（LP版）【拍谱】【WAV+CUE】
https://blog.sina.com.cn/s/blog_6943970c0102zigq.html	EMI群星.1992-电视金曲巡礼VOL.2【EMI百代】【WAV+CUE】
https://blog.sina.com.cn/s/blog_6943970c0102zigp.html	EMI群星.1988-电视金曲巡礼【EMI百代】【WAV+CUE】
https://blog.sina.com.cn/s/blog_6943970c0102zigo.html	刘维.2020-小小星球【爱贝克斯】【WAV+CUE】
https://blog.sina.com.cn/s/blog_6943970c0102zign.html	农夫.2006-音乐大亨【COLORMUSIC】【WAV+CUE】
https://blog.sina.com.cn/s/blog_6943970c0102zigl.html	群星.1999-上华世纪国语总冠军4CD【WAV+CUE】
https://blog.sina.com.cn/s/blog_6943970c0102zigh.html	张敬轩.2007-酷爱【环球】【WAV+CUE】
https://blog.sina.com.cn/s/blog_6943970c0102zigg.html	刘瑞琦.2020-时光机（EP）【FLAC分轨】
https://blog.sina.com.cn/s/blog_6943970c0102zige.html	陈司翰.2002-Listen（EP）【EMI百代】【FLAC分轨】
https://blog.sina.com.cn/s/blog_6943970c0102zigd.html	罗敏庄.1997-一颗恨嫁的心【华纳】【WAV+CUE】
https://blog.sina.com.cn/s/blog_6943970c0102zigc.html	群星.1992-真开心4CD【宝丽金】【WAV+CUE】
https://blog.sina.com.cn/s/blog_6943970c0102zigb.html	草蜢.1992-MAKE.SOME.NOISE（2022蜚声环球限量版）【环球】【WAV+C…
https://blog.sina.com.cn/s/blog_6943970c0102ziga.html	群星.2005-终极一班电视原声带【华研国际】【FLAC分轨】
https://blog.sina.com.cn/s/blog_6943970c0102zig8.html	毕书尽.2016-IM.Bii.TO.THE.DOUBLE.i【福茂】【FLAC分轨】
https://blog.sina.com.cn/s/blog_6943970c0102zig6.html	胡兵.2006-全新胡兵【环球】【FLAC分轨】
https://blog.sina.com.cn/s/blog_6943970c0102zig4.html	黑豹乐队.2020－迹遇（EP）【风华秋实】【WAV分轨】
https://blog.sina.com.cn/s/blog_6943970c0102zig3.html	区瑞强刘卓威.2022-仍弦是你HDCD【天艺】【WAV+CUE】
https://blog.sina.com.cn/s/blog_6943970c0102zig1.html	陈山河.1993-河堤上的傻瓜【喜玛拉雅】【WAV+CUE】
https://blog.sina.com.cn/s/blog_6943970c0102zifx.html	严爵.2015-一直给【相信音乐】【WAV+CUE】
https://blog.sina.com.cn/s/blog_6943970c0102zifv.html	严爵.2013-好的情人【相信音乐】【WAV+CUE】
https://blog.sina.com.cn/s/blog_6943970c0102zifu.html	郭品超.2004-我不像我【华纳】【FLAC分轨】
https://blog.sina.com.cn/s/blog_6943970c0102zift.html	钟舒漫.2008-Castle【英皇娱乐】【WAV+CUE】
https://blog.sina.com.cn/s/blog_6943970c0102zifs.html	李圣杰,2022-Face.II（EP）【华纳】【FLAC分轨】
https://blog.sina.com.cn/s/blog_6943970c0102zifq.html	草蜢1995-三人主义演唱会【宝丽金】【WAV+CUE】
https://blog.sina.com.cn/s/blog_6943970c0102zifo.html	草蜢1995-三人主义演唱会2CD【宝丽金】【WAV+CUE】
https://blog.sina.com.cn/s/blog_6943970c0102zifm.html	林一峰.2022-Transform.Volume.One【LYFMUSIC】【FLAC分轨】
https://blog.sina.com.cn/s/blog_6943970c0102zifl.html	蔡琴.2008-金声回忆录101【环星】【WAV+CUE】
https://blog.sina.com.cn/s/blog_6943970c0102zifj.html	柯以敏.2014-关心【华特音乐】【WAV+CUE】
https://blog.sina.com.cn/s/blog_6943970c0102zifi.html	蓝心湄.1997-糖果【SONY】【WAV+CUE】
https://blog.sina.com.cn/s/blog_6943970c0102zife.html	群星.1976-逼上梁山（LP版）【文志】【WAV+CUE】
https://blog.sina.com.cn/s/blog_6943970c0102zifc.html	方丽盈.1991-不要走【艺视唱片】【WAV+CUE】
https://blog.sina.com.cn/s/blog_6943970c0102zifb.html	罗志祥.2010-罗生门（引进版）【金牌大风】【WAV+CUE】
https://blog.sina.com.cn/s/blog_6943970c0102zif9.html	李心洁.1999-裙摆摇揖滚石】【WAV+CUE】
https://blog.sina.com.cn/s/blog_6943970c0102zif7.html	山鹰组合.1994-走出大凉山离开家的孩子【太平洋影音】【WAV+CUE】
https://blog.sina.com.cn/s/blog_6943970c0102zif4.html	罗文.1978-小李飞刀（1998娱乐复刻版）【娱乐唱片】【WAV+CUE】
https://blog.sina.com.cn/s/blog_6943970c0102zif3.html	蔡依林.2018-UGLY.BEAUTY【SONY】【WAV+CUE】
https://blog.sina.com.cn/s/blog_6943970c0102zif0.html	阿悄.2013-世界上另外的自己【海蝶】【WAV+CUE】
https://blog.sina.com.cn/s/blog_6943970c0102ziey.html	ASOS.1996-颠覆歌【神采】【WAV+CUE】
https://blog.sina.com.cn/s/blog_6943970c0102ziev.html	王菀之.2006-诗情画意【环球】【WAV+CUE】
https://blog.sina.com.cn/s/blog_6943970c0102zieu.html	周定纬.2008-SoWhat（EP）【华研国际】【FLAC分轨】
https://blog.sina.com.cn/s/blog_6943970c0102ziet.html	张敬轩.2008-URBANEMOTIONS【环球】【WAV+CUE】
https://blog.sina.com.cn/s/blog_6943970c0102zies.html	许冠杰.1982-十年代表作【宝丽金】【WAV+CUE】
https://blog.sina.com.cn/s/blog_6943970c0102zier.html	邱胜翊.2017-Attention!（EP）【华研国际】【WAV分轨】
https://blog.sina.com.cn/s/blog_6943970c0102zieq.html	甄妮.1985-为你而歌（新力经典复刻系列）【SONY】【WAV+CUE】
https://blog.sina.com.cn/s/blog_6943970c0102ziep.html	邱心仪.1993-放学【天王唱片】【WAV+CUE】
https://blog.sina.com.cn/s/blog_6943970c0102zieo.html	新国民美少女.1996-相爱【滚石】【WAV+CUE】
https://blog.sina.com.cn/s/blog_6943970c0102zien.html	群星.1993-开始就有希望【福茂】【WAV+CUE】
https://blog.sina.com.cn/s/blog_6943970c0102ziem.html	罗皙.1990-世纪末爱情印象【名冠】【WAV+CUE】
https://blog.sina.com.cn/s/blog_6943970c0102ziel.html	蔡国权.1992-听说爱会是精彩（2022蜚声环球限量版）【环球】【WAV+…
https://blog.sina.com.cn/s/blog_6943970c0102ziek.html	歌莉雅.2018-Touching（国）【环星唱片】【WAV+CUE】
https://blog.sina.com.cn/s/blog_6943970c0102ziej.html	凤飞飞.1977-招牌歌曲专辑（2008华纳复刻版）【东尼机构】【WAV+CU…
https://blog.sina.com.cn/s/blog_6943970c0102zieg.html	郑少秋.1976-天涯孤客（1997复刻版）【文志】【WAV+CUE】
https://blog.sina.com.cn/s/blog_6943970c0102ziec.html	群星.2021-我没谈完的那场恋爱电影原声带【完美青春】【FLAC分轨】
https://blog.sina.com.cn/s/blog_6943970c0102zieb.html	潘裕文.2012-听克拉克说【亚神】【FLAC分轨】
https://blog.sina.com.cn/s/blog_6943970c0102ziea.html	家家.2016-还是想念【相信音乐】【WAV+CUE】
https://blog.sina.com.cn/s/blog_6943970c0102zie9.html	李双泽.2008-唱自己的歌【野火乐集】【WAV+CUE】
https://blog.sina.com.cn/s/blog_6943970c0102zie5.html	邓丽欣.2008-THE.RED.ALBUM【金牌大风】【WAV+CUE】
https://blog.sina.com.cn/s/blog_6943970c0102zie4.html	陈零九.2017-敢不敢【滚石】【FLAC分轨】
https://blog.sina.com.cn/s/blog_6943970c0102zie3.html	郑中基.1999-声声爱你新歌精选2CD【环球】【WAV+CUE】
https://blog.sina.com.cn/s/blog_6943970c0102zie0.html	旺福.2013-旺得福【弯的音乐】【WAV+CUE】
https://blog.sina.com.cn/s/blog_6943970c0102zidz.html	崔萍.1967-心声弦韵（2015环球复刻版）【EMI百代】【WAV+CUE】
https://blog.sina.com.cn/s/blog_6943970c0102zidy.html	牛奶@咖啡.2012-你不能爱我（EP）【华谊兄弟】【FLAC分轨】
https://blog.sina.com.cn/s/blog_6943970c0102zidx.html	邱泽.2002-邱泽【擎天娱乐】【FLAC分轨】
https://blog.sina.com.cn/s/blog_6943970c0102zidw.html	麦子杰.2016-源头【星外星】【WAV分轨】
https://blog.sina.com.cn/s/blog_6943970c0102zidr.html	邱诗凌.2018-一克拉【华纳】【FLAC分轨】
https://blog.sina.com.cn/s/blog_6943970c0102zido.html	比莉.1999-傻瓜就是我【上华】【WAV+CUE】
https://blog.sina.com.cn/s/blog_6943970c0102zidn.html	戴娆.1996-心放飞（日版）【乡音唱片】【WAV+CUE】
https://blog.sina.com.cn/s/blog_6943970c0102zidm.html	山鹰组合.2003-忧伤的母语【WAV+CUE】
https://blog.sina.com.cn/s/blog_6943970c0102zidl.html	江淑娜.2014-长情流行金曲（南方金点系列）【南方】【WAV+CUE】
https://blog.sina.com.cn/s/blog_6943970c0102zidj.html	梁心颐.2018-千面兽【禾广娱乐】【FLAC分轨】
https://blog.sina.com.cn/s/blog_6943970c0102zidi.html	陈山河.1992-为你付出【喜玛拉雅】【WAV+CUE】
https://blog.sina.com.cn/s/blog_6943970c0102zidh.html	黄凯芹.2004-百花齐放3CD【环球】【WAV+CUE】
https://blog.sina.com.cn/s/blog_6943970c0102zidg.html	美黛.1998-怀念歌曲专辑（24K金碟版）【瑞华】【WAV+CUE】
https://blog.sina.com.cn/s/blog_6943970c0102zidf.html	陈慧珊.2001-自在【新艺宝】【WAV+CUE】
https://blog.sina.com.cn/s/blog_6943970c0102zidd.html	黄品源.1996-新年快乐【友善的狗】【WAV+CUE】
https://blog.sina.com.cn/s/blog_6943970c0102zidb.html	龙飘飘.1989-龙腔組曲追（复刻版）【快乐唱片】【WAV+CUE】
https://blog.sina.com.cn/s/blog_6943970c0102zida.html	屠洪刚.1999-精忠报国【国际文化】【WAV+CUE】
https://blog.sina.com.cn/s/blog_6943970c0102zid8.html	群星.1976-跳灰电影原声大碟（2002复刻版）【文志】【WAV+CUE】
https://blog.sina.com.cn/s/blog_6943970c0102zid7.html	李玟.2019-YOU.AND.I经典全纪录2CD【环球】【WAV+CUE】
https://blog.sina.com.cn/s/blog_6943970c0102zid6.html	刘锡明.1995-等爱的人（国专）【奇花音乐】【WAV+CUE】
https://blog.sina.com.cn/s/blog_6943970c0102zid2.html	毛宁.1999-六楼公寓【SONY】【WAV+CUE】
https://blog.sina.com.cn/s/blog_6943970c0102zid1.html	罗文.1998-首度开锣【BMG】【WAV+CUE】
https://blog.sina.com.cn/s/blog_6943970c0102zid0.html	王雅文.1986-夜之节拍（2015新世纪三吋CD复刻版）【星岛全音】【WA…
https://blog.sina.com.cn/s/blog_6943970c0102zicy.html	黎明.1991-亲近你（2022蜚声环球系列）【环球】【WAV+CUE】
https://blog.sina.com.cn/s/blog_6943970c0102zicx.html	Zarahn.2007-12AAcoustic【华纳】【FLAC分轨】
https://blog.sina.com.cn/s/blog_6943970c0102zicw.html	吴雨霏.2007-INCONTROL【金牌大风】【WAV+CUE】
https://blog.sina.com.cn/s/blog_6943970c0102zicu.html	罗志祥.2008-潮男正传（引进版）【金牌大风】【WAV+CUE】
https://blog.sina.com.cn/s/blog_6943970c0102zics.html	叶丽仪.1987-快乐系时候（LP版）【EMI百代】【WAV+CUE】
https://blog.sina.com.cn/s/blog_6943970c0102zicp.html	柯有伦.2009-One.Day（全创作专辑）【SONY】【FLAC分轨】
https://blog.sina.com.cn/s/blog_6943970c0102zico.html	方季惟.1995-简单快乐【金点】【WAV+CUE】
https://blog.sina.com.cn/s/blog_6943970c0102zic9.html	白嘉莉.1976-你知我知（LP版）【海山】【WAV+CUE】
https://blog.sina.com.cn/s/blog_6943970c0102zic8.html	李之勤.1990-想你会想我吗【飞碟】【WAV+CUE】
https://blog.sina.com.cn/s/blog_6943970c0102zic7.html	BEYOND.1998-这里那里（国）【滚石】【WAV+CUE】
https://blog.sina.com.cn/s/blog_6943970c0102zic5.html	满文军.2001-爱无界【SONY】【WAV+CUE】
https://blog.sina.com.cn/s/blog_6943970c0102zic3.html	陈之财.1993-生命的晴天【音乐集团】【WAV+CUE】
https://blog.sina.com.cn/s/blog_6943970c0102zic2.html	宝丽金群星.1986-宝丽金十五周年特辑（2007环球复黑王）【宝丽金】…
https://blog.sina.com.cn/s/blog_6943970c0102zic0.html	鲍正芳.2005-芳龄17（2005喜玛拉雅复刻版）【歌林】【WAV+CUE】
https://blog.sina.com.cn/s/blog_6943970c0102ziby.html	包娜娜.1974-大地春暖【银河唱片】【FLAC分轨】
https://blog.sina.com.cn/s/blog_6943970c0102zibw.html	伊能静.1994-圣女传说（2013复刻版）【华纳】【WAV+CUE】
https://blog.sina.com.cn/s/blog_6943970c0102zibt.html	群星.1999-宝莲灯电影原声音乐【SONY】【WAV+CUE】
https://blog.sina.com.cn/s/blog_6943970c0102zibs.html	利绮.1999-体贴【环球】【WAV+CUE】
https://blog.sina.com.cn/s/blog_6943970c0102zibr.html	关正杰.1979-变色龙（新世纪复刻版）【皇声】【WAV+CUE】
https://blog.sina.com.cn/s/blog_6943970c0102zibq.html	旺福.2010-飞向你飞向我【相信音乐】【WAV+CUE】
https://blog.sina.com.cn/s/blog_6943970c0102zibp.html	罗文.2003-绝响·我把声音留在一九六九【EMI百代】【WAV+CUE】
https://blog.sina.com.cn/s/blog_6943970c0102zibo.html	范晓萱.2012-MissD.D【吃草的鱼】【FLAC分轨】
https://blog.sina.com.cn/s/blog_6943970c0102zibn.html	群星.2005-迪士尼乐园开幕纪念大碟【SONYBMG】【WAV+CUE】
https://blog.sina.com.cn/s/blog_6943970c0102zibl.html	谭咏麟.1985-暴风女神LORELEI（2016蜚声环球系列）【环球】【WAV+C…
https://blog.sina.com.cn/s/blog_6943970c0102zibk.html	方丽盈.1990-伤感雨天【永恒唱片】【WAV+CUE】
https://blog.sina.com.cn/s/blog_6943970c0102zibh.html	夏韶声.1987-COLLECTION（2011华纳金唱片复刻王）【华纳】【WAV+CU…
https://blog.sina.com.cn/s/blog_6943970c0102ziba.html	裘海正.2006-最富磁性女歌手绝版2CD【EQMUSIC】【WAV+CUE】
https://blog.sina.com.cn/s/blog_6943970c0102zib9.html	袁惟仁.2005-你不知道的我【海蝶】【WAV+CUE】
https://blog.sina.com.cn/s/blog_6943970c0102zib7.html	高凌风.2007-DANGEROUS【巨人唱片】【WAV+CUE】
https://blog.sina.com.cn/s/blog_6943970c0102zib6.html	关淑怡.1991-恋一世的爱（2022蜚声环球系列）【环球】【WAV+CUE】
https://blog.sina.com.cn/s/blog_6943970c0102zib5.html	海鸣威.2007-Dance.Dance.Dance【英皇娱乐】【WAV+CUE】
https://blog.sina.com.cn/s/blog_6943970c0102zib4.html	群星.1978-新大丈夫（LP版）【WAV+CUE】
https://blog.sina.com.cn/s/blog_6943970c0102zib1.html	梁珈瑜.2010-奕．夢如．歌【新世纪】【FLAC分轨】
https://blog.sina.com.cn/s/blog_6943970c0102zib0.html	好妹妹.2014-说时依旧【春生工作室】【WAV+CUE】
https://blog.sina.com.cn/s/blog_6943970c0102ziay.html	邵夷贝.2015-新青年【乐童音乐】【WAV+CUE】
https://blog.sina.com.cn/s/blog_6943970c0102ziaw.html	咏诗.2017-原來天使在身边【星娱乐】【WAV+CUE】
https://blog.sina.com.cn/s/blog_6943970c0102ziav.html	杨烈.1992-爱到不醉不归【万星传播】【WAV+CUE】
https://blog.sina.com.cn/s/blog_6943970c0102ziau.html	郑少秋.1980-名剑·轮流传（2004复刻版）【娱乐唱片】【WAV+CUE】
https://blog.sina.com.cn/s/blog_6943970c0102ziat.html	薛之谦.2022-无数【潮石音乐】【FLAC分轨】
https://blog.sina.com.cn/s/blog_6943970c0102ziar.html	沙葱.2010-值得【带菌手术工作室】【WAV+CUE】
https://blog.sina.com.cn/s/blog_6943970c0102ziaq.html	林竹君.1970-爱的礼物（1993复刻版）【文志】【WAV+CUE】
https://blog.sina.com.cn/s/blog_6943970c0102ziap.html	黎明.1999-IF.I.CAN.SEE.YOU.AGAIN（日本版）【SME】【WAV+CUE】
https://blog.sina.com.cn/s/blog_6943970c0102ziao.html	雷光夏.2003-2003逝精选集【华纳】【WAV+CUE】
https://blog.sina.com.cn/s/blog_6943970c0102zian.html	爱慧娜.1989-狂热的爱情（TP版）【白云唱片】【WAV+CUE】
https://blog.sina.com.cn/s/blog_6943970c0102ziam.html	黄贯中.2011-A小调协奏曲【环球】【WAV+CUE】
https://blog.sina.com.cn/s/blog_6943970c0102ziaj.html	许冠杰.1998-打工仔心声【宝丽金】【WAV+CUE】
https://blog.sina.com.cn/s/blog_6943970c0102ziai.html	关喆.2017-足矣【华纳】【WAV+CUE】
https://blog.sina.com.cn/s/blog_6943970c0102ziah.html	ECHO.1991-JAJA.JAMMIN.ON.A.GROOVY.WAVE（REMIX）【丰艺】【WAV+C…
https://blog.sina.com.cn/s/blog_6943970c0102ziaf.html	李玟.1994-爱就要趁现在【现代派】【WAV+CUE】
https://blog.sina.com.cn/s/blog_6943970c0102ziae.html	旺福.2009-旺福爱你【相信音乐】【WAV+CUE】
https://blog.sina.com.cn/s/blog_6943970c0102zia8.html	梅艳芳.1988-WELL.BE.TOGETHER（EP）【华星】【WAV+CUE】
https://blog.sina.com.cn/s/blog_6943970c0102zia5.html	陈慧娴.2011-音乐大全101【环球】【WAV+CUE】
https://blog.sina.com.cn/s/blog_6943970c0102zia3.html	蔡淳佳.2017-我是我【诚利千代】【FLAC分轨】
https://blog.sina.com.cn/s/blog_6943970c0102zia2.html	Hush.2015-机会与命运【SONY】【WAV+CUE】
https://blog.sina.com.cn/s/blog_6943970c0102zia1.html	银霞.1980-西风的故乡（喜玛拉雅复刻版）【海山】【WAV+CUE】
https://blog.sina.com.cn/s/blog_6943970c0102zi9z.html	郑宜农.2017-Pluto冥王星【相信音乐】【FLAC分轨】
https://blog.sina.com.cn/s/blog_6943970c0102zi9y.html	大张伟.2011-大张旗鼓【金牌大风】【WAV+CUE】
https://blog.sina.com.cn/s/blog_6943970c0102zi9x.html	群星.1978-雪山飞狐（LP版）【永恒】【WAV+CUE】
https://blog.sina.com.cn/s/blog_6943970c0102zi9v.html	甄妮.1972-誓言（南方复刻版）【东尼机构】【WAV+CUE】
https://blog.sina.com.cn/s/blog_6943970c0102zi9s.html	比莉.1990-心肠【EMI百代】【WAV+CUE】
https://blog.sina.com.cn/s/blog_6943970c0102zi9r.html	林子祥.1983-林子祥歌集（2016蜚声百代系列）【环球】【WAV+CUE】
https://blog.sina.com.cn/s/blog_6943970c0102zi9q.html	许茹芸.2009-爱旅行1公里【种子音乐】【WAV+CUE】
https://blog.sina.com.cn/s/blog_6943970c0102zi9p.html	杨培安.2011-希望的种子【擎天娱乐】【FLAC分轨】
https://blog.sina.com.cn/s/blog_6943970c0102zi9k.html	张敬轩.2006-春·夏·秋·冬（引进版）【环球】【WAV+CUE】
https://blog.sina.com.cn/s/blog_6943970c0102zi9j.html	陈美龄.2008-世界和平的歌声【娱乐唱片】【WAV+CUE】
https://blog.sina.com.cn/s/blog_6943970c0102zi9h.html	群星.1978-文志群英会（LP版）【文志】【WAV+CUE】
https://blog.sina.com.cn/s/blog_6943970c0102zi9e.html	徐立.2009-存爱【天浩盛世】【WAV+CUE】
https://blog.sina.com.cn/s/blog_6943970c0102zi9c.html	周杰伦.2007-我很忙【杰威尔】【WAV+CUE】
https://blog.sina.com.cn/s/blog_6943970c0102zi9a.html	泰迪罗宾.1981-这是爱（LP版）【宝丽金】【WAV+CUE】
https://blog.sina.com.cn/s/blog_6943970c0102zi99.html	邓丽君.1993-漫步人生路（2016蜚环球系列）【环球】【WAV+CUE】
https://blog.sina.com.cn/s/blog_6943970c0102zi97.html	陈柏宇.2013-THE.NEXT.MOMENT【SONY】【WAV+CUE】
https://blog.sina.com.cn/s/blog_6943970c0102zi95.html	MP魔幻力量.2014-战神【相信音乐】【FLAC分轨】
https://blog.sina.com.cn/s/blog_6943970c0102zi93.html	周柏豪.2015-WHITE（数字版）【华纳】【WAV+CUE】
https://blog.sina.com.cn/s/blog_6943970c0102zi92.html	张艺兴.2017-SHEEP（数字版）【WAV+CUE】
https://blog.sina.com.cn/s/blog_6943970c0102zi91.html	钱幽兰.1986-就在那一秒·未完成的梦（喜玛拉雅复刻版）【乡城】【W…
https://blog.sina.com.cn/s/blog_6943970c0102zi8y.html	江映蓉.2013-发生秀FashionShow（EP）【天娱传媒】【FLAC分轨】
https://blog.sina.com.cn/s/blog_6943970c0102zi8w.html	泳儿.2011-半公开的秘密（国）【英皇娱乐】【WAV+CUE】
https://blog.sina.com.cn/s/blog_6943970c0102zi8t.html	刘秋仪.1993-阿里巴巴（引进版）【海洋音像】【WAV+CUE】
https://blog.sina.com.cn/s/blog_6943970c0102zi8q.html	黄贯中.2006-狂人习作【环球】【WAV+CUE】
https://blog.sina.com.cn/s/blog_6943970c0102zi8o.html	屠洪刚.1997-中国功夫【白天鹅】【WAV+CUE】
https://blog.sina.com.cn/s/blog_6943970c0102zi8n.html	群星.2005-谁是崔饯向崔健致敬翻唱专辑【文采】【WAV+CUE】
https://blog.sina.com.cn/s/blog_6943970c0102zi8m.html	翁虹.1997-我敢【金点】【WAV+CUE】
https://blog.sina.com.cn/s/blog_6943970c0102zi8i.html	罗时丰.1987-第一次来访的春雨（2011复刻版）【瑞华】【WAV+CUE】
https://blog.sina.com.cn/s/blog_6943970c0102zi8h.html	方季惟.1988-海的女儿【蓝与白】【WAV+CUE】
https://blog.sina.com.cn/s/blog_6943970c0102zi8g.html	高凌风.1983-在一个地球上（LP版）【综一】【WAV+CUE】
https://blog.sina.com.cn/s/blog_6943970c0102zi8c.html	黄韵玲.2008-珍藏版2CD【EQMUSIC】【WAV+CUE】
https://blog.sina.com.cn/s/blog_6943970c0102zi8a.html	冼佩瑾.2015-为什么要乖【阿尔发】【FLAC分轨】
https://blog.sina.com.cn/s/blog_6943970c0102zi89.html	陈妃平王子鸣.1997-真心和你一起过【天地人】【FLAC+CUE】
https://blog.sina.com.cn/s/blog_6943970c0102zi88.html	叶振棠叶丽仪.1987-双叶金曲特辑（2007新世纪复黑限量版）【EMI百…
https://blog.sina.com.cn/s/blog_6943970c0102zi87.html	群星.2002-麻辣鲜师电视原声带【艾回】【WAV+CUE】
https://blog.sina.com.cn/s/blog_6943970c0102zi85.html	黄义达.2009-写给自己的歌（新索引进版）【SONY】【WAV+CUE】
https://blog.sina.com.cn/s/blog_6943970c0102zi82.html	叶树茵.1994-非常属于我【心地音乐】【WAV+CUE】
https://blog.sina.com.cn/s/blog_6943970c0102zi81.html	周国贤.2015-We.Fight.Like.Kids（EP）【VAGUEEYES】【FLAC分轨】
https://blog.sina.com.cn/s/blog_6943970c0102zi80.html	陈楚生SPY.C.2017-侦探C【好有感觉音乐】【WAV+CUE】
https://blog.sina.com.cn/s/blog_6943970c0102zi7z.html	叶佳修.1992-国语精选辑【先锋创意】【WAV+CUE】
https://blog.sina.com.cn/s/blog_6943970c0102zi7x.html	周传雄.2006-快乐练习曲【环球】【WAV+CUE】
https://blog.sina.com.cn/s/blog_6943970c0102zi7w.html	杜丽莎.1983-THE.MAGIC.OF.TERESA.CARPIO（LP版）【TVR】【WAV+CUE…
https://blog.sina.com.cn/s/blog_6943970c0102zi7u.html	卢冠廷.1985-第一阶段（2014蜚声百代系列）【环球】【WAV+CUE】
https://blog.sina.com.cn/s/blog_6943970c0102zi7s.html	林良乐.1987-畅销精选辑2辑【乡城】【WAV+CUE】
https://blog.sina.com.cn/s/blog_6943970c0102zi7r.html	关喆.2009-永远的永远【爱贝克思】【WAV+CUE】
https://blog.sina.com.cn/s/blog_6943970c0102zi7o.html	阎奕格.2017-我有我自己【华研国际】【WAV+CUE】
https://blog.sina.com.cn/s/blog_6943970c0102zi7n.html	RUBBERBAND.2008-APOLLO18【金牌娱乐】【WAV+CUE】
https://blog.sina.com.cn/s/blog_6943970c0102zi7k.html	罗文.1979-好歌献给您（2016年蜚声百代系列）【环球】【WAV+CUE】
https://blog.sina.com.cn/s/blog_6943970c0102zi7i.html	阿云嘎.2016-希拉草原【内蒙古文化】【FLAC分轨】
https://blog.sina.com.cn/s/blog_6943970c0102zi7e.html	韦礼安.2012-有人在等【福茂】【WAV+CUE】
https://blog.sina.com.cn/s/blog_6943970c0102zi7d.html	群星.1999-千禧精选2CD【娱乐唱片】【WAV+CUE】
https://blog.sina.com.cn/s/blog_6943970c0102zi7c.html	黄湘怡.2001-等（引进版）【SONY】【FLAC分轨】
https://blog.sina.com.cn/s/blog_6943970c0102zi77.html	郭小霖.1989-梦中见【SONY】【WAV+CUE】
https://blog.sina.com.cn/s/blog_6943970c0102zi76.html	陈妃平.1997-老朋友,你是否记得【天地人】【FLAC+CUE】
https://blog.sina.com.cn/s/blog_6943970c0102zi75.html	凡人二重唱.1994-心甘情愿【歌林】【WAV+CUE】
https://blog.sina.com.cn/s/blog_6943970c0102zi74.html	郁可唯.2011-微加幸福（引进版）【滚石】【WAV+CUE】
https://blog.sina.com.cn/s/blog_6943970c0102zi73.html	恺乐.2016-久等了（EP）【SONY】【FLAC分轨】
https://blog.sina.com.cn/s/blog_6943970c0102zi71.html	苏来.1998-大火【喜玛拉雅】【WAV+CUE】
https://blog.sina.com.cn/s/blog_6943970c0102zi70.html	小雪.2000-Innovation（EP）【BMA】【WAV+CUE】
https://blog.sina.com.cn/s/blog_6943970c0102zi6x.html	关心妍.2006-JADE.LOVES...【BMA】【WAV+CUE】
https://blog.sina.com.cn/s/blog_6943970c0102zi6t.html	光良.2010-太天真（EP）【星娱音乐】【WAV+CUE】
https://blog.sina.com.cn/s/blog_6943970c0102zi6s.html	姚苏容.1967-AGOGO（2004海山复黑版）【海山】【WAV+CUE】
https://blog.sina.com.cn/s/blog_6943970c0102zi6r.html	邓丽君.1982-难忘的TeresaTeng（2016蜚声环球系列）【环球】【WAV+…
https://blog.sina.com.cn/s/blog_6943970c0102zi6q.html	欧得洋.2009-起飞（EP）【乐尔唱片】【WAV+CUE】
https://blog.sina.com.cn/s/blog_6943970c0102zi6p.html	邓瑞霞.2005-粤语名曲顺流逆流【南方】【WAV+CUE】
https://blog.sina.com.cn/s/blog_6943970c0102zi6n.html	泳儿.2009-私人珍藏（国）【英皇娱乐】【WAV+CUE】
https://blog.sina.com.cn/s/blog_6943970c0102zi6k.html	曹方.2012-浅彩虹（EP）【NOVE文化】【WAV+CUE】
https://blog.sina.com.cn/s/blog_6943970c0102zi6d.html	井柏然.2011-井柏然同名专辑【种子音乐】【FLAC分轨】
https://blog.sina.com.cn/s/blog_6943970c0102zi6b.html	陈勋.1991-靠自己的梦飞行【滚石】【WAV+CUE】
https://blog.sina.com.cn/s/blog_6943970c0102zi6a.html	王焱.1993-红腰带【中唱】【FLAC分轨】
https://blog.sina.com.cn/s/blog_6943970c0102zi69.html	彭健新.1987-我的心（2009年环球复黑王）【宝丽金】【WAV+CUE】
https://blog.sina.com.cn/s/blog_6943970c0102zi68.html	银霞.2009-国语原声精选2辑【乡城】【WAV+CUE】
https://blog.sina.com.cn/s/blog_6943970c0102zi67.html	Zarahn.2006-十二优【华纳】【FLAC分轨】
https://blog.sina.com.cn/s/blog_6943970c0102zi66.html	关正杰卢冠廷区瑞强.1986-蚌的启示（LP版）【EMI百代】【WAV+CUE】
https://blog.sina.com.cn/s/blog_6943970c0102zi65.html	林良乐.1990-冰河【乡城】【WAV+CUE】
https://blog.sina.com.cn/s/blog_6943970c0102zi63.html	倪安东.2013-Friends【华研】【WAV+CUE】
https://blog.sina.com.cn/s/blog_6943970c0102zi62.html	周艳泓.2005-解千愁【西蒙国际】【WAV+CUE】
https://blog.sina.com.cn/s/blog_6943970c0102zi61.html	秦咏.2008-恋歌心曲38首2CD【温拿唱片】【WAV+CUE】
https://blog.sina.com.cn/s/blog_6943970c0102zi60.html	关淑怡.1995-EX.ALL.TIME.FAVOURITES（2017蜚声环球系列）【环球】…
https://blog.sina.com.cn/s/blog_6943970c0102zi5w.html	卢冠廷.2016-BEYOND.IMAGINATION.TOO【环球】【WAV+CUE】
https://blog.sina.com.cn/s/blog_6943970c0102zi5v.html	卢冠廷.2015-BEYONDIMAGINATION（K2HD限量版）【环球】【WAV+CUE】
https://blog.sina.com.cn/s/blog_6943970c0102zi5u.html	欧阳靖陈奂仁.2010-买一送一【BBS】【WAV+CUE】
https://blog.sina.com.cn/s/blog_6943970c0102zi5t.html	郝云.2010-突然想到理想这个词【环球】【WAV+CUE】
https://blog.sina.com.cn/s/blog_6943970c0102zi5q.html	潘珏璋.1996-告別光荣的日子【SONY】【WAV+CUE】
https://blog.sina.com.cn/s/blog_6943970c0102zi5n.html	邰正宵.1997-东方之珠新纪元（精选）【新艺宝】【WAV+CUE】
https://blog.sina.com.cn/s/blog_6943970c0102zi5m.html	陈美玲.1986-爱的漩涡【EMI百代】【WAV+CUE】
https://blog.sina.com.cn/s/blog_6943970c0102zi5i.html	陈奂仁.2016-不求人大乐队【地球娱乐】【FLAC分轨】
https://blog.sina.com.cn/s/blog_6943970c0102zi5h.html	陈秀雯.1985-YAYA笑坏人【CBS新力】【WAV+CUE】
https://blog.sina.com.cn/s/blog_6943970c0102zi5f.html	林为音.2017-爱若心伤【华特】【WAV+CUE】
https://blog.sina.com.cn/s/blog_6943970c0102zi5c.html	江映蓉.2011-女人帮（EP）【天娱传媒】【FLAC分轨】
https://blog.sina.com.cn/s/blog_6943970c0102zi5b.html	范逸臣.2008-无乐不作新歌+精选2CD【丰华】【WAV+CUE】
https://blog.sina.com.cn/s/blog_6943970c0102zi5a.html	谭咏麟.1985-爱情陷阱（2015蜚声环球系列）【环球】【WAV+CUE】
https://blog.sina.com.cn/s/blog_6943970c0102zi59.html	林芸江念庭.1991-记录片2辑（翻唱辑）【蓝与白】【WAV+CUE】
https://blog.sina.com.cn/s/blog_6943970c0102zi56.html	张震岳.2011-我想要的感觉【滚石】【WAV+CUE】
https://blog.sina.com.cn/s/blog_6943970c0102zi55.html	戴爱玲.2013-想你的距离【SONY】【WAV+CUE】
https://blog.sina.com.cn/s/blog_6943970c0102zi54.html	田路路.2002-经典金曲珍藏版2CD【东尼机构】【WAV+CUE】
https://blog.sina.com.cn/s/blog_6943970c0102zi53.html	ASOS.1994-占领年轻【神采】【WAV+CUE】
https://blog.sina.com.cn/s/blog_6943970c0102zi4x.html	翁倩玉.1973-海鸥·爱的天地电影原声带（2014年新世纪复黑版）【可…
https://blog.sina.com.cn/s/blog_6943970c0102zi4w.html	王筝.2004-春风【钛友文化】【WAV+CUE】
https://blog.sina.com.cn/s/blog_6943970c0102zi4v.html	陈建年.2002-大地【角头音乐】【WAV+CUE】
https://blog.sina.com.cn/s/blog_6943970c0102zi4t.html	郁可唯.2012-失恋事小（引进版）【滚石】【WAV+CUE】
https://blog.sina.com.cn/s/blog_6943970c0102zi4q.html	罗志祥.2006-SPESHOW【艾回】【WAV+CUE】
https://blog.sina.com.cn/s/blog_6943970c0102zi4p.html	樱花.1997-经典金曲【EVBest】【WAV+CUE】
https://blog.sina.com.cn/s/blog_6943970c0102zi4o.html	甄妮.1982-四张机（LP版）【爱波唱片】【WAV+CUE】
https://blog.sina.com.cn/s/blog_6943970c0102zi4n.html	Energy.2005-最后的乐园【环球】【FLAC分轨】
https://blog.sina.com.cn/s/blog_6943970c0102zi4m.html	赵传.2017-你过得还好吗【华纳】【WAV+CUE】
https://blog.sina.com.cn/s/blog_6943970c0102zi4l.html	白光.1992-如果沒有你【EMI百代】【WAV+CUE】
https://blog.sina.com.cn/s/blog_6943970c0102zi4i.html	翁虹.1995-变了模样【金点】【WAV+CUE】
https://blog.sina.com.cn/s/blog_6943970c0102zi4f.html	旺福.2007-青春舞曲【丰华】【WAV+CUE】
https://blog.sina.com.cn/s/blog_6943970c0102zi4e.html	吴倩莲.1995-因为爱，所以等待【EMI百代】【WAV+CUE】
https://blog.sina.com.cn/s/blog_6943970c0102zi48.html	顺子.2000-亚洲金曲精选二千【滚石】【WAV+CUE】
https://blog.sina.com.cn/s/blog_6943970c0102zi46.html	杨丽莎.2010-丽影双双3CD【MVM】【WAV+CUE】
https://blog.sina.com.cn/s/blog_6943970c0102zi44.html	阿添.1992-不倒翁【歌林】【WAV+CUE】
https://blog.sina.com.cn/s/blog_6943970c0102zi43.html	范逸臣.2004-爱情程式【丰华】【WAV+CUE】
https://blog.sina.com.cn/s/blog_6943970c0102zi40.html	陈汝佳.1989-89陈汝佳【广东音像】【WAV+CUE】
https://blog.sina.com.cn/s/blog_6943970c0102zi3x.html	郑智化.1995-烟斗阿兄（EP）【飞碟】【WAV+CUE】
https://blog.sina.com.cn/s/blog_6943970c0102zi3v.html	张伟文.2017-传奇巨声·情牵唱好女人SACD限量版【环星】【WAV+CUE】…
https://blog.sina.com.cn/s/blog_6943970c0102zi3u.html	郑希怡.2005-YumikosSpace想【英皇娱乐】【WAV+CUE】
https://blog.sina.com.cn/s/blog_6943970c0102zi3t.html	张国荣.1988-VIRGINSNOW（2017蜚声环球系列）【环球】【WAV+CUE】
https://blog.sina.com.cn/s/blog_6943970c0102zi3r.html	蛋堡.2015-收敛水【熊社】【FLAC分轨】
https://blog.sina.com.cn/s/blog_6943970c0102zi3q.html	蔡幸娟.1983-精粹集·星星知我心【皇星全音】【WAV+CUE】
https://blog.sina.com.cn/s/blog_6943970c0102zi3m.html	殷正洋.1990-生命是一首澎湃的歌【上扬】【WAV+CUE】
https://blog.sina.com.cn/s/blog_6943970c0102zi3k.html	郑少秋.1979-楚留香(1996年CD版)【娱乐唱片】【WAV+CUE】
https://blog.sina.com.cn/s/blog_6943970c0102zi3f.html	魏如萱.2010-优雅的刺猬【亚神音乐】【WAV+CUE】
https://blog.sina.com.cn/s/blog_6943970c0102zi3e.html	马天宇.2007-宇光十色【EQ唱片】【WAV+CUE】
https://blog.sina.com.cn/s/blog_6943970c0102zi3d.html	林嘉欣.1999-单恋物语【环球】【WAV+CUE】
https://blog.sina.com.cn/s/blog_6943970c0102zi3c.html	杨烈.1984-爱在沸腾（喜玛拉雅复刻版）【钜声】【WAV+CUE】
https://blog.sina.com.cn/s/blog_6943970c0102zi39.html	罗志祥.2005-催眠SHOW（引进版）【艾回】【WAV+CUE】
https://blog.sina.com.cn/s/blog_6943970c0102zi36.html	群星.2009-仙剑奇侠传三电视原声带【金牌大风】【WAV+CUE】
https://blog.sina.com.cn/s/blog_6943970c0102zi34.html	郁可唯.2010-蓝短裤（引进版）【滚石】【WAV+CUE】
https://blog.sina.com.cn/s/blog_6943970c0102zi31.html	何欣穗.2002-她的，发光摇摆【嘉玛音乐】【WAV+CUE】
https://blog.sina.com.cn/s/blog_6943970c0102zi2x.html	邓瑞霞.2008-光辉25风雨同路纪念精品辑【南方】【WAV+CUE】
https://blog.sina.com.cn/s/blog_6943970c0102zi2v.html	陈嘉唯.2008-奇迹Renee【SONY】【WAV+CUE】
https://blog.sina.com.cn/s/blog_6943970c0102zi2u.html	MP魔幻力量.2011-不按牌理出牌【相信音乐】【FLAC分轨】
https://blog.sina.com.cn/s/blog_6943970c0102zi2t.html	柏安妮.1988-开心教堂（2010复黑版）【新艺宝】【WAV+UE】
https://blog.sina.com.cn/s/blog_6943970c0102zi2r.html	何宝生.1992-仲夏情怀【宝艺星】【WAV+CUE】
https://blog.sina.com.cn/s/blog_6943970c0102zi2q.html	陈奂仁.2017-差不多人生【地球娱乐】【FLAC分轨】
https://blog.sina.com.cn/s/blog_6943970c0102zi2o.html	温兆伦.2011-投入生命新曲+精选AQCD【娱乐唱片】【WAV+CUE】
https://blog.sina.com.cn/s/blog_6943970c0102zi2m.html	洪筠惠.1996-太阳放假【友善的狗】【WAV+CUE】
https://blog.sina.com.cn/s/blog_6943970c0102zi2l.html	罗志祥.2004-达人SHOW[（引进版）【艾回】【WAV+CUE】
https://blog.sina.com.cn/s/blog_6943970c0102zi2k.html	飞碟群星.1989-电影街4【飞碟】【WAV+CUE】
https://blog.sina.com.cn/s/blog_6943970c0102zi2j.html	车婉婉.2000-LoveHate【环球】【WAV+CUE】
https://blog.sina.com.cn/s/blog_6943970c0102zi2g.html	刘德华.1991-浪漫情歌篇（2016蜚声百代系列）【环球】【WAV+UCE】
https://blog.sina.com.cn/s/blog_6943970c0102zi2d.html	Energy.2007-天生反骨【环球】【FLAC分轨】
https://blog.sina.com.cn/s/blog_6943970c0102zi2c.html	潘嘉丽.2011-超给丽（EP）【滚石】【FLAC分轨】
https://blog.sina.com.cn/s/blog_6943970c0102zi2b.html	邓健泓.2004-新居入伙【金牌娱乐】【WAV+CUE】
https://blog.sina.com.cn/s/blog_6943970c0102zi2a.html	常宽.1988-二十岁独白·常宽独唱专辑四（TP版）【黄河音像】【WAV+C…
https://blog.sina.com.cn/s/blog_6943970c0102zi28.html	陈之财.1993-不该让你走的时候（TP版）【宝丽金】【WAV+CUE】
https://blog.sina.com.cn/s/blog_6943970c0102zi27.html	叶欢.1994-你让我悲伤又欢喜【飞碟】【WAV+CUE】
https://blog.sina.com.cn/s/blog_6943970c0102zi25.html	韦礼安.2016-硬戳【福茂】【WAV+CUE】
https://blog.sina.com.cn/s/blog_6943970c0102zi24.html	李国祥.1992-浪漫精丫嘉音】【WAV+CUE】
https://blog.sina.com.cn/s/blog_6943970c0102zi23.html	卓依婷.2010-怀念邓丽君之歌2CD【皇星全音】【WAV+CUE】
https://blog.sina.com.cn/s/blog_6943970c0102zi20.html	伍思凯.2008-创作高手音乐圣手2CD【EQMUSIC】【WAV+CUE】
https://blog.sina.com.cn/s/blog_6943970c0102zi1z.html	方力申.2002-一周年（EP）【正东】【WAV+CUE】
https://blog.sina.com.cn/s/blog_6943970c0102zi1y.html	群星.2016-青云志电视原声大碟【FLAC分轨】
https://blog.sina.com.cn/s/blog_6943970c0102zi1x.html	王雅文.1984-陪伴我多一次（2014环球复黑王百代篇）【EMI百代】【W…
https://blog.sina.com.cn/s/blog_6943970c0102zi1w.html	郭峰.1997-精丫京文】【WAV+CUE】
https://blog.sina.com.cn/s/blog_6943970c0102zi1v.html	罗志祥.2003-SHOW.TIME（引进版）【艾回】【WAV+CUE】
https://blog.sina.com.cn/s/blog_6943970c0102zi1r.html	低苦艾.2011-兰州兰州【兵马司】【WAV+CUE】
https://blog.sina.com.cn/s/blog_6943970c0102zi1q.html	孟庭苇.1993-风中有朵雨做的云（环球醇黑版）【上华】【WAV+CUE】
https://blog.sina.com.cn/s/blog_6943970c0102zi1m.html	万沙浪.2012-山地歌王2CD（丽风金典系列）【丽风】【WAV+CUE】
https://blog.sina.com.cn/s/blog_6943970c0102zi1l.html	陈升李正帆.1992-纠缠无言的山丘音乐原著【滚石】【WAV+CUE】
https://blog.sina.com.cn/s/blog_6943970c0102zi1k.html	张学友.2005-百花齐放精选纪念辑4CD【环球】【WAV+CUE】
https://blog.sina.com.cn/s/blog_6943970c0102zi1j.html	谢雨欣.2002-一千年加一千年【英事达】【FLAC+CUE】
https://blog.sina.com.cn/s/blog_6943970c0102zi1i.html	王菲.1995-菲靡靡之音（2015蜚声环球系列）【环球】【WAV+CUE】
https://blog.sina.com.cn/s/blog_6943970c0102zi1f.html	张震岳.2002-等我有一天【魔岩】【WAV+CUE】
https://blog.sina.com.cn/s/blog_6943970c0102zi1e.html	高胜美高胜云.2000-姐妹精髓选集【皇星全音】【WAV+CUE】
https://blog.sina.com.cn/s/blog_6943970c0102zi1d.html	夏玲玲.2002-电视、电影主题曲【保声】【WAV+CUE】
https://blog.sina.com.cn/s/blog_6943970c0102zi1c.html	任贤齐梁汉文.2016-无间道网络剧原声带（EP）【寰亚】【WAV分轨】
https://blog.sina.com.cn/s/blog_6943970c0102zi1b.html	陈坤.2009-谜【银鱼音乐】【WAV+CUE】
https://blog.sina.com.cn/s/blog_6943970c0102zi19.html	吴克群.2008-举世吴双新歌+精选2CD【种子音乐】【WAV+CUE】
https://blog.sina.com.cn/s/blog_6943970c0102zi18.html	陈彼得.1983-嫦娥（飞跃复刻版）【光美】【WAV+CUE】
https://blog.sina.com.cn/s/blog_6943970c0102zi17.html	梦剧院.1988-遍雾遍雨【乐意唱片】【WAV+CUE】
https://blog.sina.com.cn/s/blog_6943970c0102zi16.html	麦玮婷.1985-勾勾小指（喜玛拉雅复刻版）【光美】【WAV+CUE】
https://blog.sina.com.cn/s/blog_6943970c0102zi15.html	群星.1989-调色板特辑（TP版）【北京音像】【WAV+CUE】
https://blog.sina.com.cn/s/blog_6943970c0102zi14.html	胡瓜.1993-天花乱坠【宝丽金】【WAV+CUE】
https://blog.sina.com.cn/s/blog_6943970c0102zi11.html	韩森.1992-变心【新格】【WAV+CUE】
https://blog.sina.com.cn/s/blog_6943970c0102zi10.html	林翠萍.1993－等待你回航（引进版）【风行】【WAV+CUE】
https://blog.sina.com.cn/s/blog_6943970c0102zi0z.html	陈楚生.2010-影之传说【华谊兄弟】【FLAC分轨】
https://blog.sina.com.cn/s/blog_6943970c0102zi0y.html	吴宗宪.1991-当你的背影默默的离开我【FLAC+CUE】
https://blog.sina.com.cn/s/blog_6943970c0102zi0x.html	江蕾.1973-烟雨斜阳（2015新世纪复黑版）【新联机构】【WAV+CUE】
https://blog.sina.com.cn/s/blog_6943970c0102zi0w.html	蔡枫华.2010-金曲精选（蓝光版）【SONY】【WAV+CUE】
https://blog.sina.com.cn/s/blog_6943970c0102zi0v.html	叶瑷菱.1996-相信【BMG博德曼】【WAV+CUE】
https://blog.sina.com.cn/s/blog_6943970c0102zi0u.html	费玉清.2012-只有你【宽宏工作室】【WAV+CUE】
https://blog.sina.com.cn/s/blog_6943970c0102zi0t.html	陈慧娴.1992-归来吧（2022蜚声环球系列）【环球】【WAV+CUE】
https://blog.sina.com.cn/s/blog_6943970c0102zi0s.html	姜昕.2010-温暖的房间（EP）【星外星】【WAV+CUE】
https://blog.sina.com.cn/s/blog_6943970c0102zi0r.html	高胜美高胜云.2005-姐妹柔情精品篇【皇星全音】【WAV+CUE】
https://blog.sina.com.cn/s/blog_6943970c0102zi0q.html	蓝立平.1988-斗鱼（LP版）【高传真】【WAV+CUE】
https://blog.sina.com.cn/s/blog_6943970c0102zi0p.html	曹格.2016-十年曹格「小泄特别企划数字精丫汎亚龙族音乐】【WAV+CU…
https://blog.sina.com.cn/s/blog_6943970c0102zi0o.html	花儿乐队.2006-花天囍世【步升大风】【WAV+CUE】
https://blog.sina.com.cn/s/blog_6943970c0102zi0n.html	高胜美高胜云.2004-姐妹旧韵精华篇【皇星全音】【WAV+CUE】
https://blog.sina.com.cn/s/blog_6943970c0102zi0m.html	辰亦儒.2014-还在夏天呢【华研】【FLAC分轨】
https://blog.sina.com.cn/s/blog_6943970c0102zi0l.html	蔡旻佑.2015-我和我的布拉姆斯【环球】【WAV+CUE】
https://blog.sina.com.cn/s/blog_6943970c0102zi0k.html	王芷蕾.1988-雅歌新韵【宝丽金】【WAV+CUE】
https://blog.sina.com.cn/s/blog_6943970c0102zi0i.html	爱慧娜.1977-可爱的女孩（LP版）【白云唱片】【WAV+CUE】
https://blog.sina.com.cn/s/blog_6943970c0102zi0g.html	黎明.1992-但愿不只是朋友（2022蜚声环球系列）【环球】【WAV+CUE…
https://blog.sina.com.cn/s/blog_6943970c0102zi0e.html	谢天笑.2008-只有一个愿望【京文】【WAV+CUE】
https://blog.sina.com.cn/s/blog_6943970c0102zi0d.html	陈美玲.1989-浪漫情怀【EMI百代】【WAV+CUE】
https://blog.sina.com.cn/s/blog_6943970c0102zi0c.html	仙杜拉.1975-我真心爱哥（LP版）【好市唱片】【WAV+CUE】
https://blog.sina.com.cn/s/blog_6943970c0102zi0b.html	胡月.1986-胡月独唱专辑赶时髦（TP版）【云南音像】【WAV+CUE】
https://blog.sina.com.cn/s/blog_6943970c0102zi0a.html	草蜢.1992-永远爱着你（2022蜚声环球限量版）【环球】【WAV+CUE】
https://blog.sina.com.cn/s/blog_6943970c0102zi08.html	林立.1996-思念是一辈子的事【飞船音乐】【WAV+CUE】
https://blog.sina.com.cn/s/blog_6943970c0102zi07.html	高胜美高胜云.1998-姐妹情缘篇【皇星全音】【WAV+CUE】
https://blog.sina.com.cn/s/blog_6943970c0102zi01.html	李丽蕊.1984-小妹妹日记（2007复黑版）【永恒】【WAV+CUE】
https://blog.sina.com.cn/s/blog_6943970c0102zi00.html	李进才.2007-名曲精选5CD【凯旋】【WAV+CUE】
https://blog.sina.com.cn/s/blog_6943970c0102zhzy.html	马頔.2014-孤岛【摩登天空】【WAV+CUE】
https://blog.sina.com.cn/s/blog_6943970c0102zhzw.html	林峰.2013-A.Time.4.You（新歌+精选）【英皇娱乐】【WAV+CUE】
https://blog.sina.com.cn/s/blog_6943970c0102zhzv.html	郝云.2008-北京【环球】【WAV+CUE】
https://blog.sina.com.cn/s/blog_6943970c0102zhzu.html	吴建豪.2016-#MWHYB音乐不羁【环球】【FLAC分轨】
https://blog.sina.com.cn/s/blog_6943970c0102zhzt.html	周柏豪.2015-ROUNDABOUT【华纳】【WAV+CUE】
https://blog.sina.com.cn/s/blog_6943970c0102zhzs.html	黄义达.2007-完整演出（新索引进版）【SONYBMG】【WAV+CUE】
https://blog.sina.com.cn/s/blog_6943970c0102zhzq.html	温兆伦.1995-说谎（国）【飞碟】【WAV+CUE】
https://blog.sina.com.cn/s/blog_6943970c0102zhzp.html	潘玮柏.2009-零零七【环球】【WAV+CUE】
https://blog.sina.com.cn/s/blog_6943970c0102zhzk.html	飞碟群星.1988-电影街2【飞碟】【WAV+CUE】
https://blog.sina.com.cn/s/blog_6943970c0102zhzi.html	卢冠廷.1986-陪着你走（2014环球复黑王）【EMI百代】【WAV+CUE】
https://blog.sina.com.cn/s/blog_6943970c0102zhzh.html	林心如.2001-趴啦趴嗱【BMG】【WAV+CUE】
https://blog.sina.com.cn/s/blog_6943970c0102zhzg.html	吴思贤.2016-捉迷藏【美妙音乐】【FLAC分轨】
https://blog.sina.com.cn/s/blog_6943970c0102zhzd.html	唐志玮.1996-爱你的我能怎么做【现代派】【WAV+CUE】
https://blog.sina.com.cn/s/blog_6943970c0102zhzb.html	千百惠.2008-金属质感的嗓音2CD【EQMUSIC】【WAV+CUE】
https://blog.sina.com.cn/s/blog_6943970c0102zhza.html	李春波.1994-一封家书（TP版）【中唱】【WAV+CUE】
https://blog.sina.com.cn/s/blog_6943970c0102zhz8.html	陈芬兰.2005-老歌珍藏品1【佳乐唱片】【WAV+CUE】
https://blog.sina.com.cn/s/blog_6943970c0102zhz6.html	叶瑷菱.2001-叶瑷菱三合一【乾坤唱片】【WAV+CUE】
https://blog.sina.com.cn/s/blog_6943970c0102zhz4.html	魏如昀.2008-傻【环球】【FLAC分轨】
https://blog.sina.com.cn/s/blog_6943970c0102zhz3.html	MP魔幻力量.2009-魔幻力量【相信音乐】【FLAC分轨】
https://blog.sina.com.cn/s/blog_6943970c0102zhz2.html	林采欣.2017-声优【种子音乐】【FLAC分轨】
https://blog.sina.com.cn/s/blog_6943970c0102zhz1.html	吴克群.2006-将军令【种子音乐】【WAV+CUE】
https://blog.sina.com.cn/s/blog_6943970c0102zhyz.html	周艳泓.2003-当爱情经过的时候【西蒙国际】【WAV+CUE】
https://blog.sina.com.cn/s/blog_6943970c0102zhyy.html	李亚明.1988-酷【达伟唱片】【WAV+CUE】
https://blog.sina.com.cn/s/blog_6943970c0102zhyx.html	萧丽珠.1988-中国老歌精粹【白云唱片】【WAV+CUE】
https://blog.sina.com.cn/s/blog_6943970c0102zhyw.html	汤宝如.1995-美丽的选择新曲+精丫宝丽金】【WAV+CUE】
https://blog.sina.com.cn/s/blog_6943970c0102zhyv.html	群星.2014-美味人生（中国好歌曲导师原创大碟）【梦想强音】【WAV+…
https://blog.sina.com.cn/s/blog_6943970c0102zhyu.html	群星.2014-新9拍（中国好歌曲导师原创大碟）【梦想强音】【WAV+CUE…
https://blog.sina.com.cn/s/blog_6943970c0102zhyt.html	叶蔻.2012-蔷薇之恋【佳运】【WAV+CUE】
https://blog.sina.com.cn/s/blog_6943970c0102zhyq.html	费翔.1998-念旧【EMI百代】【WAV+CUE】
https://blog.sina.com.cn/s/blog_6943970c0102zhyo.html	李逸.1997-成名经典【丽风】【WAV+CUE】
https://blog.sina.com.cn/s/blog_6943970c0102zhyn.html	刘雅丽.1996-预感【EMI百代】【WAV+CUE】
https://blog.sina.com.cn/s/blog_6943970c0102zhym.html	古天乐.2001-乐天【华星】【WAV+CUE】
https://blog.sina.com.cn/s/blog_6943970c0102zhyl.html	陆毅.2005-毅犹未揪新索】【WAV+CUE】
https://blog.sina.com.cn/s/blog_6943970c0102zhyj.html	群星.1988-西北风1【中唱】【WAV+CUE】
https://blog.sina.com.cn/s/blog_6943970c0102zhyi.html	丽莎.1997-爱的旋律成名经典【丽风】【WAV+CUE】
https://blog.sina.com.cn/s/blog_6943970c0102zhyh.html	神木与瞳.2008-为你而活【环球】【FLAC分轨】
https://blog.sina.com.cn/s/blog_6943970c0102zhyg.html	露云娜.1985-雨中SHALALA（2009年环球复黑版）【宝丽金】【WAV+CUE…
https://blog.sina.com.cn/s/blog_6943970c0102zhye.html	陈良泉.2004-恋恋东方梦2CD【南方】【WAV+CUE】
https://blog.sina.com.cn/s/blog_6943970c0102zhyc.html	李国祥.1993-多一点温柔【嘉音】【WAV+CUE】
https://blog.sina.com.cn/s/blog_6943970c0102zhyb.html	丁爽.2012-不知道你喜不喜欢这样的我【新景象】【WAV+CUE】
https://blog.sina.com.cn/s/blog_6943970c0102zhy8.html	林二汶.2010-When.She.Sings【东亚】【FLAC分轨】
https://blog.sina.com.cn/s/blog_6943970c0102zhy7.html	卢凯彤.2012-你安安静静地躲起来【华纳】【WAV+CUE】
https://blog.sina.com.cn/s/blog_6943970c0102zhy6.html	AT17.2003-KISS。KISS。KISS【东亚】【WAV+CUE】
https://blog.sina.com.cn/s/blog_6943970c0102zhy4.html	柏安妮.1988-新歌+RemixEP（2009环球复黑王）【宝丽金】【WAV+CUE…
https://blog.sina.com.cn/s/blog_6943970c0102zhy3.html	Beyond.1998.07-ACTION（EP）【滚石】【WAV+CUE】
https://blog.sina.com.cn/s/blog_6943970c0102zhy2.html	金城武.1994-可依靠的好朋友【新艺宝】【WAV+CUE】
https://blog.sina.com.cn/s/blog_6943970c0102zhy1.html	许哲佩.2010.马戏团1号【弯的音乐】【FLAC分轨】
https://blog.sina.com.cn/s/blog_6943970c0102zhy0.html	陈凯彤.2016-Out.of.the.Blue（EP）【英皇娱乐】【FLAC分轨】
https://blog.sina.com.cn/s/blog_6943970c0102zhxx.html	喻方君.2007-飞越欢乐舞台II2CD【南方】【WAV+CUE】
https://blog.sina.com.cn/s/blog_6943970c0102zhxw.html	喻方君.2005-飞跃舞台2CD（南方金典系列）【南方】【WAV+CUE】
https://blog.sina.com.cn/s/blog_6943970c0102zhxv.html	爱慧娜.1980-成吉思汗（复刻版）【白云唱片】【WAV+CUE】
https://blog.sina.com.cn/s/blog_6943970c0102zhxt.html	蔡立儿.1992-ONCE.UPON.A.TIME【华纳】【WAV+CUE】
https://blog.sina.com.cn/s/blog_6943970c0102zhxq.html	林芳.1986-超级巨星—劲歌金曲大联唱（TP版）【WAV+CUE】
https://blog.sina.com.cn/s/blog_6943970c0102zhxp.html	后弦.2010-娃娃脸（EP）【天浩盛世】【WAV+CUE】
https://blog.sina.com.cn/s/blog_6943970c0102zhxo.html	方心美.1997-摇摆如火EP（2009环球复黑王）【宝丽金】【WAV+CUE】
https://blog.sina.com.cn/s/blog_6943970c0102zhxm.html	仙杜拉.1974-啼笑因缘（1996复刻版）【娱乐唱片】【WAV+CUE】
https://blog.sina.com.cn/s/blog_6943970c0102zhxl.html	陶喆.2002-黑色柳毒侠客唱片】【WAV+CUE】
https://blog.sina.com.cn/s/blog_6943970c0102zhxk.html	莫艳琳.2008-宅情歌【太合麦田】【FLAC分轨】
https://blog.sina.com.cn/s/blog_6943970c0102zhxh.html	李为.1990-疼你疼到你错【派森】【WAV+CUE】
https://blog.sina.com.cn/s/blog_6943970c0102zhxg.html	何方.1994-放感情【瑞星】【WAV+CUE】
https://blog.sina.com.cn/s/blog_6943970c0102zhxf.html	群星.2006-激励歌曲经典（黑胶雷射小碟王系列）【瑞华】【WAV+CUE…
https://blog.sina.com.cn/s/blog_6943970c0102zhxe.html	张明敏.1984-我们拥有个名字─中国（2005复黑限量版）【永恒】【WAV…
https://blog.sina.com.cn/s/blog_6943970c0102zhxd.html	谢雨欣.2004-欣·天地【新田地】【FLAC+CUE】
https://blog.sina.com.cn/s/blog_6943970c0102zhxc.html	黄可儿.2003-超炫舞曲【南方】【WAV+CUE】
https://blog.sina.com.cn/s/blog_6943970c0102zhxb.html	Soler.2009-Canto【环球】【WAV+CUE】
https://blog.sina.com.cn/s/blog_6943970c0102zhx9.html	叶振棠.1982-忘尽心中情（2020环球复黑王·百代篇）【EMI百代】【WA…
https://blog.sina.com.cn/s/blog_6943970c0102zhx7.html	张艾嘉.1986-你爱我吗？【滚石】【WAV+CUE】
https://blog.sina.com.cn/s/blog_6943970c0102zhx4.html	群星.1990-金嗓子·十八首怀旧金曲【瑞成】【WAV+CUE】
https://blog.sina.com.cn/s/blog_6943970c0102zhx2.html	岳雷.2009-岳雷畅销名曲【金碟】【WAV+CUE】
https://blog.sina.com.cn/s/blog_6943970c0102zhx1.html	马郁.2004-恋人絮语【世纪星空】【WAV+CUE】
https://blog.sina.com.cn/s/blog_6943970c0102zhx0.html	吴建豪.2011-CestLa“V”【环球】【FLAC分轨】
https://blog.sina.com.cn/s/blog_6943970c0102zhwy.html	李龙基.1980-怒剑鸣（复刻版）【EMI百代】【WAV+CUE】
https://blog.sina.com.cn/s/blog_6943970c0102zhwx.html	刘秋仪.1987-走入我梦里（TP引进版）【文志】【WAV+CUE】
https://blog.sina.com.cn/s/blog_6943970c0102zhwu.html	邓丽君.2015-20.Teresa.Teng.East.Meets.West【环星】【FLAC分轨】
https://blog.sina.com.cn/s/blog_6943970c0102zhwr.html	刁寒.1998-天长地久【阳光视界】【WAV+CUE】
https://blog.sina.com.cn/s/blog_6943970c0102zhwq.html	陈洁灵.2006-华纳NO.1系列【华纳】【WAV+CUE】
https://blog.sina.com.cn/s/blog_6943970c0102zhwp.html	林峰.2016-TRAP（EP）【英皇娱乐】【WAV+CUE】
https://blog.sina.com.cn/s/blog_6943970c0102zhwo.html	张伟文.2008-张伟文LPCD45（雨果限量版）【环星】【WAV+CUE】
https://blog.sina.com.cn/s/blog_6943970c0102zhwm.html	刘秋仪.2010-仪薄云天1-5CD【WAV+CUE】
https://blog.sina.com.cn/s/blog_6943970c0102zhwl.html	安那.2017-我叫安那【环球】【WAV分轨】
https://blog.sina.com.cn/s/blog_6943970c0102zhwi.html	群星.2016-欢乐颂电视原声带【正午阳光】【WAV+CUE】
https://blog.sina.com.cn/s/blog_6943970c0102zhwh.html	陈松龄.1993-我爱上了英雄【娱乐唱片】【WAV+CUE】
https://blog.sina.com.cn/s/blog_6943970c0102zhwg.html	陈秀雯.1986-梦幻梦（LP版）【CBS新力】【WAV+CUE】
https://blog.sina.com.cn/s/blog_6943970c0102zhwe.html	李丽蕊.1984-恋曲集（2006复黑限量版）【永恒】【WAV+CUE】
https://blog.sina.com.cn/s/blog_6943970c0102zhwd.html	徐小明.1984-木棉袈裟（TP版）【永恒】【WAV+CUE】
https://blog.sina.com.cn/s/blog_6943970c0102zhwb.html	林灵.1990-挥别温柔的过去式【乡城】【WAV+CUE】
https://blog.sina.com.cn/s/blog_6943970c0102zhwa.html	李代沫.2013-敏感者【当然娱乐】【WAV+CUE】
https://blog.sina.com.cn/s/blog_6943970c0102zhw9.html	陈洁.1980-外婆的澎湖湾（LP版）【歌的丽】【WAV+CUE】
https://blog.sina.com.cn/s/blog_6943970c0102zhw8.html	陈百强.2017-华纳我爱经典系列·陈百强2CD【华纳】【WAV+CUE】
https://blog.sina.com.cn/s/blog_6943970c0102zhw7.html	梁朝伟.1996-难以忘记情歌精丫BMG】【WAV+CUE】
https://blog.sina.com.cn/s/blog_6943970c0102zhw6.html	叶丽仪.1982-千金一刻（LP版）【EMI百代】【WAV+CUE】
https://blog.sina.com.cn/s/blog_6943970c0102zhw5.html	庄学忠.2005-难忘老歌2CD【皇星全音】【WAV+CUE】
https://blog.sina.com.cn/s/blog_6943970c0102zhw3.html	古巨基.1997-心愿【艺能动音】【WAV+CUE】
https://blog.sina.com.cn/s/blog_6943970c0102zhw2.html	ZEN.1997-不熄之火精选18首【华纳】【WAV+CUE】
https://blog.sina.com.cn/s/blog_6943970c0102zhw0.html	廖昌永.2007-怀念【中唱】【WAV+CUE】
https://blog.sina.com.cn/s/blog_6943970c0102zhvw.html	张靓颖.2006-遗落人间的后冠（邓丽君金曲交响演唱会）【华谊兄弟】…
https://blog.sina.com.cn/s/blog_6943970c0102zhvv.html	TWINS.2002-AMAZING.ALBUM【英皇娱乐】【WAV+CUE】
https://blog.sina.com.cn/s/blog_6943970c0102zhvu.html	蓝奕邦.2012-好风光【东亚】【FLAC分轨】
https://blog.sina.com.cn/s/blog_6943970c0102zhvt.html	张柏芝.1999-DESTINATION【环球】【WAV+CUE】
https://blog.sina.com.cn/s/blog_6943970c0102zhvs.html	黄莺莺.1981-呢喃（2010四海极品音色喜玛拉雅复刻版）【四海】【WA…
https://blog.sina.com.cn/s/blog_6943970c0102zhvo.html	林隆璇.1989-愤怒的情歌【巨石】【WAV+CUE】
https://blog.sina.com.cn/s/blog_6943970c0102zhvn.html	薰妮.1978-又见别离愁（1998年永恒真存版）【永恒】【WAV+CUE】
https://blog.sina.com.cn/s/blog_6943970c0102zhvl.html	汤宝如.1922-FIRST.LOVE（2022蜚声环球限量版）【环球】【WAV+CUE…
https://blog.sina.com.cn/s/blog_6943970c0102zhvi.html	唐磊.2007-落花的窗台新歌+精丫华友飞乐】【WAV+CUE】
https://blog.sina.com.cn/s/blog_6943970c0102zhvh.html	李雅微.2008-我们的纪念【大步音乐】【WAV+CUE】
https://blog.sina.com.cn/s/blog_6943970c0102zhvg.html	邓丽君.2001-旷世巨星·邓丽君3CD0【丽歌】【WAV+CUE】
https://blog.sina.com.cn/s/blog_6943970c0102zhve.html	李亚明.1985-鹰族（LP版）【拍谱】【WAV+CUE】
https://blog.sina.com.cn/s/blog_6943970c0102zhvc.html	谭咏麟.1992-我的生命我的爱（2022蜚声环球系列）【环球】【WAV+CU…
https://blog.sina.com.cn/s/blog_6943970c0102zhvb.html	陈之财.1992-最爱你微笑时的表情【风潮】【WAV+CUE】
https://blog.sina.com.cn/s/blog_6943970c0102zhv8.html	林二汶.2012-林二汶【SONY】【FLAC分轨】
https://blog.sina.com.cn/s/blog_6943970c0102zhv5.html	袁野.2011-野.孩子（EP）【金信子】【WAV+CUE】
https://blog.sina.com.cn/s/blog_6943970c0102zhv3.html	古天乐.2000-男朋友【华星】【WAV+CUE】
https://blog.sina.com.cn/s/blog_6943970c0102zhv2.html	群星.1989-怀念巨星的第一次（黄金珍藏版）【歌林】【WAV+CUE】
https://blog.sina.com.cn/s/blog_6943970c0102zhuw.html	林灵.1983-大地儿女（2015喜玛拉雅复刻版）【海山】【WAV+CUE】
https://blog.sina.com.cn/s/blog_6943970c0102zhuv.html	毛阿敏.1989-疯狂歌女（TP版）【电影出版社】【WAV+CUE】
https://blog.sina.com.cn/s/blog_6943970c0102zhuu.html	徐小明.1983-再向虎山行（LP版）【文志】【WAV+CUE】
https://blog.sina.com.cn/s/blog_6943970c0102zhut.html	吴克群.2005-首张个人全创作专辑（庆功升值版）【种子音乐】【WAV+…
https://blog.sina.com.cn/s/blog_6943970c0102zhuq.html	彭羚.巫启贤.1994.11-再见亦是老婆（EP）【EMI百代】【WAV+CUE】
https://blog.sina.com.cn/s/blog_6943970c0102zhul.html	黄清元.1998-金钻名曲珍藏2CD【丽风】【WAV+CUE】
https://blog.sina.com.cn/s/blog_6943970c0102zhuk.html	张明敏.2008-民歌回忆专辑（永恒靓绝24K金碟）【永恒】【WAV+CUE】
https://blog.sina.com.cn/s/blog_6943970c0102zhuj.html	关淑怡.1992-制造迷梦（2022蜚声环球限量版）【环球】【WAV+CUE】
https://blog.sina.com.cn/s/blog_6943970c0102zhui.html	4.In.Love.2001-谁怕谁【BMG】【WAV+CUE】
https://blog.sina.com.cn/s/blog_6943970c0102zhue.html	王铮亮.2005-满满的爱【少城时代】【WAV+CUE】
https://blog.sina.com.cn/s/blog_6943970c0102zhud.html	马怡静.1995-爱在偶然【BMG】【FLAC分轨】
https://blog.sina.com.cn/s/blog_6943970c0102zhua.html	郑怡.1986-行行重行行（2013梦田复刻版）【拍谱】【WAV+CUE】
https://blog.sina.com.cn/s/blog_6943970c0102zhu9.html	游鸿明.2014-最近的【当然娱乐】【WAV+CUE】.
https://blog.sina.com.cn/s/blog_6943970c0102zhu5.html	刘小慧.1991-IN.YOUR.DREAMS（2007年环球复黑王）【宝丽金】【WAV+…
https://blog.sina.com.cn/s/blog_6943970c0102zhu2.html	李茂山.2002-精选特辑2CD（引进版）【乡城】【WAV+CUE】
https://blog.sina.com.cn/s/blog_6943970c0102zhu0.html	张栋梁.2015-怎样的张栋梁To.be…Nicholas.Teo【种子音乐】【FLAC分…
https://blog.sina.com.cn/s/blog_6943970c0102zhtz.html	陈秀雯.1990-白金珍藏版【CBS新力】【WAV+CUE】
https://blog.sina.com.cn/s/blog_6943970c0102zhty.html	杭天琪.1989-入梦（TP版）【中唱】【WAV+CUE】
https://blog.sina.com.cn/s/blog_6943970c0102zhtx.html	黎沸挥.2008-实力派创作歌手2CD【EQ.MUSIC】【WAV+CUE】
https://blog.sina.com.cn/s/blog_6943970c0102zhtw.html	邓瑞霞.1990-情歌恋曲2CD【风行】【WAV+CUE】
https://blog.sina.com.cn/s/blog_6943970c0102zhtv.html	王芷蕾.1982-海角天涯（环球复黑王）【飞羚唱片】【WAV+CUE】
https://blog.sina.com.cn/s/blog_6943970c0102zhtu.html	张继聪.2006-同名专辑【艾回】【WAV+CUE】
https://blog.sina.com.cn/s/blog_6943970c0102zhtt.html	朱少薇.1999-现在就要【福茂】【WAV+CUE】
https://blog.sina.com.cn/s/blog_6943970c0102zhts.html	余天王芷蕾.1975-又是黄昏（2016梦田复黑限量版）【凯联机构】【WA…
https://blog.sina.com.cn/s/blog_6943970c0102zhtr.html	何洁.2007-明明不是Angel【天娱传媒】【WAV+CUE】
https://blog.sina.com.cn/s/blog_6943970c0102zhtp.html	张子丰.2014-1880【MUSICNEXT】【FLAC分轨】
https://blog.sina.com.cn/s/blog_6943970c0102zhto.html	张艾嘉.2004-20.30.40爱得精丫滚石】【WAV+CUE】
https://blog.sina.com.cn/s/blog_6943970c0102zhtm.html	甄楚倩.1989-今天天气呵呵呵（2006经典复刻版）【SONY】【WAV+CUE…
https://blog.sina.com.cn/s/blog_6943970c0102zhtl.html	C.AllStar.2010-Make.It.Happen【寰亚唱片】【WAV+CUE】
https://blog.sina.com.cn/s/blog_6943970c0102zhth.html	群星.1983-新歌ENCORE（LP版）【EMI百代】【WAV+CUE】
https://blog.sina.com.cn/s/blog_6943970c0102zhtf.html	林汉扬.1994-沧海遗珠【现代派】【WAV+CUE】
https://blog.sina.com.cn/s/blog_6943970c0102zhte.html	李偲菘李伟菘.1993-玩耍【滚石】【WAV+CUE】
https://blog.sina.com.cn/s/blog_6943970c0102zhta.html	江志文1993-爱你是我一生唯一的错【上豪】【WAV+CUE】
https://blog.sina.com.cn/s/blog_6943970c0102zht9.html	范玮琪.2001-太阳【福茂】【WAV+CUE】
https://blog.sina.com.cn/s/blog_6943970c0102zht8.html	陈志朋.2012-心在想念【九洲】【WAV+CUE】
https://blog.sina.com.cn/s/blog_6943970c0102zht7.html	陈晓东.2001-我要的只是爱（国专）【环球】【WAV+CUE】
https://blog.sina.com.cn/s/blog_6943970c0102zht5.html	黄莺莺.1980-我只要你的爱（2010年梦田复刻版）【EMI百代】【WAV+C…
https://blog.sina.com.cn/s/blog_6943970c0102zht3.html	李铭顺.1999-李铭顺物语【HYPE】【FLAC分轨】
https://blog.sina.com.cn/s/blog_6943970c0102zht2.html	张德兰.1987-爱您不变（2014新世纪复黑限量版）【永恒】【WAV+CUE…
https://blog.sina.com.cn/s/blog_6943970c0102zht1.html	蔡安荞.1996-唯有我（EP）【BMG】【WAV+CUE】
https://blog.sina.com.cn/s/blog_6943970c0102zhsz.html	薛凯琪.2009-READ.ME【华纳】【WAV+CUE】
https://blog.sina.com.cn/s/blog_6943970c0102zhsy.html	群星.1991-渴望·电视连续剧音乐（TP版）【飞天音像】【WAV+CUE】
https://blog.sina.com.cn/s/blog_6943970c0102zhsx.html	TWINS.2001-TWINS（EP）【英皇娱乐】【WAV+CUE】
https://blog.sina.com.cn/s/blog_6943970c0102zhsv.html	白嘉莉.1971-喝不完的酒（LP版）【海山】【WAV+CUE】
https://blog.sina.com.cn/s/blog_6943970c0102zhsu.html	关正杰.2004-最好就是（精选）【文志】【WAV+CUE】
https://blog.sina.com.cn/s/blog_6943970c0102zhst.html	林淑娟.2008-优质女唱将2CD【EQMUSIC】【WAV+CUE
https://blog.sina.com.cn/s/blog_6943970c0102zhss.html	周艳泓.1994-月亮情人【广州音像】【WAV+CUE】
https://blog.sina.com.cn/s/blog_6943970c0102zhsp.html	华星群星.1989-80年代流行歌集（2019ARM.SHMCD限量版）【华星】【W…
https://blog.sina.com.cn/s/blog_6943970c0102zhsm.html	Sunday.Girls.2001-喜欢你【丰华】【WAV+CUE】
https://blog.sina.com.cn/s/blog_6943970c0102zhsl.html	周柏豪.2014-KEEP.GOING【华纳】【WAV+CUE】
https://blog.sina.com.cn/s/blog_6943970c0102zhsk.html	飞碟群星.1988-电影街2【飞碟】【WAV+CUE】
https://blog.sina.com.cn/s/blog_6943970c0102zhsj.html	郑中基.2000-缘份无边界精选集【环球】【WAV+CUE】
https://blog.sina.com.cn/s/blog_6943970c0102zhsi.html	韩宝仪.2008-ChaCha天后·抒情精典绝版2CD【EQMUSIC】【WAV+CUE】
https://blog.sina.com.cn/s/blog_6943970c0102zhsg.html	陈秀雯.1980-湖海争霸录（2016复黑限量版）【风行】【WAV+CUE】
https://blog.sina.com.cn/s/blog_6943970c0102zhsc.html	群星.1997-再见张炬（怀念专辑）【天蝎文化】【FLAC分轨】.
https://blog.sina.com.cn/s/blog_6943970c0102zhsb.html	关心妍.2012-仍然，关心妍（EP）【星娱乐】【FLAC分轨】
https://blog.sina.com.cn/s/blog_6943970c0102zhs9.html	陈幕童.1991-我愿意【惠聚雷射】【WAV+CUE】
https://blog.sina.com.cn/s/blog_6943970c0102zhs6.html	群星-红星1-6号【太合麦田】【WAV+CUE】
https://blog.sina.com.cn/s/blog_6943970c0102zhs5.html	群星.2009-仙剑奇侠传三电视原声带【金牌大风】【WAV+CUE】
https://blog.sina.com.cn/s/blog_6943970c0102zhs3.html	陈兰丽.1976-小雨丝丝（LP版）【东尼机构】【WAV+CUE】
https://blog.sina.com.cn/s/blog_6943970c0102zhs2.html	罗敏庄.2003-罗敏庄（MQGCD限量版）【WAV+CUE】
https://blog.sina.com.cn/s/blog_6943970c0102zhrz.html	Purple.Heart.1991-超越边界【SERIOUSFUN】【WAV+CUE
https://blog.sina.com.cn/s/blog_6943970c0102zhry.html	游鸿明.1995-爱一回伤一回【威聚】【WAV+CUE】
https://blog.sina.com.cn/s/blog_6943970c0102zhrx.html	Mr.Miss.2016-先生小姐【草台回声】【WAV+CUE】
https://blog.sina.com.cn/s/blog_6943970c0102zhru.html	陈洁灵.1992-我的心【WAV+CUE】
https://blog.sina.com.cn/s/blog_6943970c0102zhrs.html	叶丽仪.1982-难兄难弟（LP版）【EMI百代】【WAV+CUE】
https://blog.sina.com.cn/s/blog_6943970c0102zhrq.html	张学友周治平.1994-天长地久电视剧主题曲（EP）【宝丽金】【WAV+CU…
https://blog.sina.com.cn/s/blog_6943970c0102zhrp.html	余天.2016-精选歌辑【南方】【WAV+CUE】
https://blog.sina.com.cn/s/blog_6943970c0102zhrn.html	爱慧娜.1978-一颗情泪（TP版）【白云唱片】【WAV+CUE】
https://blog.sina.com.cn/s/blog_6943970c0102zhrm.html	郑智化.2007-飞鸟（EP）【斗室文化】【WAV+CUE】
https://blog.sina.com.cn/s/blog_6943970c0102zhrj.html	邓颖芝.2005-Vansie2【SONY】【WAV+CUE】
https://blog.sina.com.cn/s/blog_6943970c0102zhri.html	汪东城.2012-我在等什么【华研】【FLAC分轨】
https://blog.sina.com.cn/s/blog_6943970c0102zhrh.html	飞轮海.2009-越来越爱【华研国际】【WAV+CUE】
https://blog.sina.com.cn/s/blog_6943970c0102zhrg.html	谷行云.2015-Gigi.in.Cuba【环星】【WAV+CUE】
https://blog.sina.com.cn/s/blog_6943970c0102zhrf.html	高人杰.1990-沸腾的浪漫【歌林】【WAV+CUE】
https://blog.sina.com.cn/s/blog_6943970c0102zhrd.html	秦咏.2014-隽永魅力金曲2CD（南方金点系列）【南方】【WAV+CUE】
https://blog.sina.com.cn/s/blog_6943970c0102zhra.html	Swing.2001-On.Fire【英皇娱乐】【FLAC分轨】
https://blog.sina.com.cn/s/blog_6943970c0102zhr7.html	江音.1988-国语专辑代表作【金圆唱片】【WAV+CUE】
https://blog.sina.com.cn/s/blog_6943970c0102zhr6.html	陈美玲.1986-午夜告白（EP）【EMI百代】【WAV+CUE】
https://blog.sina.com.cn/s/blog_6943970c0102zhr3.html	王韫.1994-漫天雪花飘的都是我的爱（TP版）【新时代】【WAV+CUE】
https://blog.sina.com.cn/s/blog_6943970c0102zhr2.html	叶振棠.1981-大侠霍元甲（2017环球复黑王·百代篇）【EMI百代】【WA…
https://blog.sina.com.cn/s/blog_6943970c0102zhr1.html	郑中基.2014-金牌畅销系列2CD【金牌娱乐】【WAV+CUE】
https://blog.sina.com.cn/s/blog_6943970c0102zhr0.html	B2.2002-娥世代【第一唱片】【FLAC分轨】
https://blog.sina.com.cn/s/blog_6943970c0102zhqz.html	黄莺莺.1990-让爱自由【飞碟】【WAV+CUE】
https://blog.sina.com.cn/s/blog_6943970c0102zhqx.html	光泽.2012-光泽首张同名创作专辑【艾回】【FLAC分轨】
https://blog.sina.com.cn/s/blog_6943970c0102zhqv.html	周秉钧.1989-我的爱情没有合约（LP版）【可登】【WAV+CUE】
https://blog.sina.com.cn/s/blog_6943970c0102zhqu.html	陈晓琪.2012-7Years【环星】【FLAC分轨】
https://blog.sina.com.cn/s/blog_6943970c0102zhqs.html	张智霖.1998-有没冇（国专）【滚石】【WAV+CUE】
https://blog.sina.com.cn/s/blog_6943970c0102zhqr.html	陈逸达.1994-不够深情【巨石】【WAV+CUE】
https://blog.sina.com.cn/s/blog_6943970c0102zhqp.html	陈美云.1988-国语金曲精品集【恒音】【WAV+CUE】
https://blog.sina.com.cn/s/blog_6943970c0102zhqn.html	郑融.2005-BEATBEAT【环球】【FLAC分轨】
https://blog.sina.com.cn/s/blog_6943970c0102zhqm.html	阳帆.1983-地久天长【环球】【FLAC分轨】
https://blog.sina.com.cn/s/blog_6943970c0102zhql.html	飞碟群星.1987-电影街1【飞碟】【WAV+CUE】
https://blog.sina.com.cn/s/blog_6943970c0102zhqk.html	戴辛尉.2003-Sun.Glow（EP）【华纳】【WAV+CUE】
https://blog.sina.com.cn/s/blog_6943970c0102zhqi.html	温兆伦.1992-愿倾出心里爱【娱乐唱片】【WAV+CUE】
https://blog.sina.com.cn/s/blog_6943970c0102zhqd.html	薛凯琪.2008-SMILE【华纳】【WAV+CUE】
https://blog.sina.com.cn/s/blog_6943970c0102zhq7.html	刘美君.1990-LOVE.AND.PASSION【BMG】【WAV+CUE】
https://blog.sina.com.cn/s/blog_6943970c0102zhq6.html	蔡立儿.1992-六月的爱人【华纳】【WAV+CUE】
https://blog.sina.com.cn/s/blog_6943970c0102zhq5.html	群星.2007-世纪组合BAND5【环球】【WAV+CUE】
https://blog.sina.com.cn/s/blog_6943970c0102zhq4.html	纪如璟.2003-寂寞的自由【吉神文化】【WAV+CUE】
https://blog.sina.com.cn/s/blog_6943970c0102zhq3.html	侯湘婷.2001-爱之旅【维京】【WAV+CUE】
https://blog.sina.com.cn/s/blog_6943970c0102zhq2.html	杨庆煌.1989-心爱的小镇（TP版）【天下唱片】【WAV+CUE】
https://blog.sina.com.cn/s/blog_6943970c0102zhpz.html	宋筠.1993-我很轻松【新格】【WAV+CUE】
https://blog.sina.com.cn/s/blog_6943970c0102zhpx.html	群星.2014-红星20号（红星音乐20年翻唱致敬专辑）【太合麦田】【FL…
https://blog.sina.com.cn/s/blog_6943970c0102zhpw.html	高凌风.1983-借钱·短发的女孩（LP版）【综一】【WAV+CUE】
https://blog.sina.com.cn/s/blog_6943970c0102zhpv.html	江明学.1989-半生旧爱（三部曲）【爱乐族】【WAV+CUE】
https://blog.sina.com.cn/s/blog_6943970c0102zhpu.html	鲍翠薇.2011-鲍翠薇精选（AQCD限量版）【娱乐唱片】【WAV+CUE】
https://blog.sina.com.cn/s/blog_6943970c0102zhpr.html	关楚耀.2012-占领2CD【环球】【WAV+CUE】
https://blog.sina.com.cn/s/blog_6943970c0102zhpq.html	冯伟棠欧阳佩珊.1977-一见钟情·佳人有约（2015新世纪复黑版）【丽…
https://blog.sina.com.cn/s/blog_6943970c0102zhpp.html	关心妍.2003-JADE3关心...心妍（引进版）【BMA】【WAV+CUE】
https://blog.sina.com.cn/s/blog_6943970c0102zhpn.html	胡慧中.2002-橄榄树【正大国际】【WAV+CUE】
https://blog.sina.com.cn/s/blog_6943970c0102zhpm.html	陈劲.1995-雾气里的昆虫（TP版）【大地】【WAV+CUE】
https://blog.sina.com.cn/s/blog_6943970c0102zhpl.html	官恩娜.2004-Original【EMI百代】【FLAC分轨】
https://blog.sina.com.cn/s/blog_6943970c0102zhpk.html	陆家俊.1993-家烤SONY】【WAV+CUE】
https://blog.sina.com.cn/s/blog_6943970c0102zhpj.html	金玉岚.1994-小女人的告白【宝贝蛋】【WAV+CUE】
https://blog.sina.com.cn/s/blog_6943970c0102zhpg.html	邓小巧.2016-TheStrengthofWeakness（EP）【寰亚】【FLAC分轨】
https://blog.sina.com.cn/s/blog_6943970c0102zhpf.html	杨丽珍.2007-为你守着一盏灯（复黑版）【瑞华】【WAV+CUE】
https://blog.sina.com.cn/s/blog_6943970c0102zhpe.html	黄普光.1995-昨夜的吻【黄金唱片】【WAV+CUE】
https://blog.sina.com.cn/s/blog_6943970c0102zhpd.html	林姗姗.1988-劲草娇花【华纳】【WAV+CUE】
https://blog.sina.com.cn/s/blog_6943970c0102zhpb.html	陈艾湄.1991-在每一个梦里的鬼故事【歌林】【WAV+CUE】
https://blog.sina.com.cn/s/blog_6943970c0102zhp6.html	潘美辰.1995-真实的【波丽佳音】【WAV+CUE】
https://blog.sina.com.cn/s/blog_6943970c0102zhp3.html	沈芳如.1995-女人的心【波丽佳音】【WAV+CUE】
https://blog.sina.com.cn/s/blog_6943970c0102zhp2.html	林淑娟.2004-经典时代金曲集【风格】【WAV+CUE】
https://blog.sina.com.cn/s/blog_6943970c0102zhp1.html	群星.1999-夕德辉黄拉阔创作人音乐会2CD【正东】【WAV+CUE】
https://blog.sina.com.cn/s/blog_6943970c0102zhoz.html	张伟文.1997-仍是一般好16首精选（永恒真存20系列）【永恒】【WAV+…
https://blog.sina.com.cn/s/blog_6943970c0102zhov.html	卫兰.2017-Love.And.Ohter.Things【华纳】【WAV+CUE】
https://blog.sina.com.cn/s/blog_6943970c0102zhou.html	郑秀文.2000-眉飞色舞【华纳】【WAV+CUE】
https://blog.sina.com.cn/s/blog_6943970c0102zhor.html	刘德华.1989-共你伤心过（真存版）【EMI百代】【WAV+CUE】
https://blog.sina.com.cn/s/blog_6943970c0102zhoq.html	林子祥.1986-最爱【华纳】【WAV+CUE】
https://blog.sina.com.cn/s/blog_6943970c0102zhon.html	关淑怡.1995-EXAllTimeFavourites【宝丽金】【WAV+CUE】
https://blog.sina.com.cn/s/blog_6943970c0102zhol.html	周启生.1987-周启生(独醉之后)【华纳】【WAV+CUE】
https://blog.sina.com.cn/s/blog_6943970c0102zhoj.html	TWINS.2005-见习爱神【英皇娱乐】【WAV+CUE】
https://blog.sina.com.cn/s/blog_6943970c0102zhof.html	群星.1980-乡城组曲·青年创作歌曲专辑（2001喜玛拉雅复刻版）【乡…
https://blog.sina.com.cn/s/blog_6943970c0102zhoe.html	麦洁文.1988-Come.On.Rock【新艺宝】【WAV+CUE】
https://blog.sina.com.cn/s/blog_6943970c0102zhoc.html	凤飞飞.1981-三部情曲（2007原味再现发烧系列九）【东尼机构】【WA…
https://blog.sina.com.cn/s/blog_6943970c0102zhoa.html	群星.1991-热门新歌龙虎榜【风格】【WAV+CUE】
https://blog.sina.com.cn/s/blog_6943970c0102zho9.html	张镐哲.2008-传奇经典【环球】【WAV+CUE】
https://blog.sina.com.cn/s/blog_6943970c0102zho8.html	小雪.2000-春天开始爱上小雪（EP）【BMA】【WAV+CUE】
https://blog.sina.com.cn/s/blog_6943970c0102zho7.html	王铮亮.2012-听得到时间【少城时代】【WAV+CUE】
https://blog.sina.com.cn/s/blog_6943970c0102zho6.html	林一峰.2005-这一路走来国语精选专辑【LYFEMusic】【FLAC分轨】
https://blog.sina.com.cn/s/blog_6943970c0102zho5.html	百合二重唱.1991-爱【华星唱片】【WAV+CUE】
https://blog.sina.com.cn/s/blog_6943970c0102zho4.html	陈明真.1990-变心的翅膀【华星】【WAV+CUE】
https://blog.sina.com.cn/s/blog_6943970c0102zho1.html	刘小慧.1992-隔世感觉（2022蜚声环球限量版）【环球】【WAV+CUE】
https://blog.sina.com.cn/s/blog_6943970c0102zho0.html	殷正洋.1986-请你回眸【上扬】【WAV+CUE】
https://blog.sina.com.cn/s/blog_6943970c0102zhny.html	陈美龄.1998-不朽巨星名曲珍藏2CD【迪安唱片】【WAV+CUE】
https://blog.sina.com.cn/s/blog_6943970c0102zhnw.html	周柏豪.2013-8【华纳】【WAV+CUE】
https://blog.sina.com.cn/s/blog_6943970c0102zhnv.html	黄莺莺.1985-柔情（2014环球复刻版）【宝丽金】【WAV+CUE】
https://blog.sina.com.cn/s/blog_6943970c0102zhnu.html	陈慧娴.2008-活出生命演唱会【环球】【WAV+CUE】
https://blog.sina.com.cn/s/blog_6943970c0102zhnt.html	冉肖玲.2018-蓝色的梦（经典珍藏版）【BelieveSas】【WAV+CUE】
https://blog.sina.com.cn/s/blog_6943970c0102zhns.html	应昌佑.2005-Charles同名EP【东亚】【FLAC分轨】
https://blog.sina.com.cn/s/blog_6943970c0102zhnp.html	傅颖.2007-My.Cup.Of.T（EP）【金牌娱乐】【FLAC分轨】
https://blog.sina.com.cn/s/blog_6943970c0102zhno.html	邓丽欣.2007-STEPHILOSOPHY【金牌大风】【WAV+CUE】
https://blog.sina.com.cn/s/blog_6943970c0102zhnn.html	Cookies.2002-Happy.Birthday（EP）【EMI百代】【FLAC分轨】
https://blog.sina.com.cn/s/blog_6943970c0102zhnm.html	区瑞强.1992-陌上归人·回归大处然精选（2011新世纪K2HD限量版）【…
https://blog.sina.com.cn/s/blog_6943970c0102zhnl.html	区瑞强.1992-相识在童年·回归大自然精选II（2013新世纪K2HD限量版…
https://blog.sina.com.cn/s/blog_6943970c0102zhnk.html	吕方.1994-流浪花【华纳】【WAV+CUE】
https://blog.sina.com.cn/s/blog_6943970c0102zhnj.html	陈永淘.2014-细人【WAV+CUE】
https://blog.sina.com.cn/s/blog_6943970c0102zhni.html	飞轮海.2007-终极一家电视原声带【华研国际】【WAV+CUE】
https://blog.sina.com.cn/s/blog_6943970c0102zhnh.html	黄世豪.1991-让你感觉我的心在说爱你【SONY】【WAV+CUE】
https://blog.sina.com.cn/s/blog_6943970c0102zhne.html	杨丽珍.2002-瑞华33回顾典藏系列21·杨丽珍流行篇【瑞华】【WAV+CUE…
https://blog.sina.com.cn/s/blog_6943970c0102zhnd.html	薛之谦.2012-几个薛之谦【上腾娱乐】【WAV+CUE】
https://blog.sina.com.cn/s/blog_6943970c0102zhnc.html	黄伊汶.2001-纯属印象（EP）【环球】【FLAC分轨】
https://blog.sina.com.cn/s/blog_6943970c0102zhna.html	谢安琪.2009-SLOWNESS【新艺宝】【WAV+CUE】
https://blog.sina.com.cn/s/blog_6943970c0102zhn7.html	吴宗宪.1997-留心【SONY】【FLAC分轨】
https://blog.sina.com.cn/s/blog_6943970c0102zhn2.html	谭咏麟.1985-暴风女神LORELEI【宝丽金】【WAV+CUE】
https://blog.sina.com.cn/s/blog_6943970c0102zhn1.html	1990-THEBEST（精选）【宝丽金】【WAV+CUE】
https://blog.sina.com.cn/s/blog_6943970c0102zhmz.html	林子祥.1987-00-千亿个夜晚【华纳】【WAV+CUE】
https://blog.sina.com.cn/s/blog_6943970c0102zhmy.html	谭咏麟.2021-环球经典礼赞3in1-爱的根源【环球】【WAV+CUE】
https://blog.sina.com.cn/s/blog_6943970c0102zhms.html	韩宝仪.2004-寒冬望春风【皇星全音】【WAV+CUE】
https://blog.sina.com.cn/s/blog_6943970c0102zhmq.html	陈永淘.2003-水路（2014新版）【春水出版社】【WAV+CUE】
https://blog.sina.com.cn/s/blog_6943970c0102zhmp.html	梁静茹.1999-一夜长大【滚石】【WAV+CUE】
https://blog.sina.com.cn/s/blog_6943970c0102zhmo.html	何嘉莉.1999-非份之想（EP）【英皇娱乐】【WAV+CUE】
https://blog.sina.com.cn/s/blog_6943970c0102zhmn.html	刘汉乐.1991-陪著你凝望你仍是太优美【新艺宝】【WAV+CUE】
https://blog.sina.com.cn/s/blog_6943970c0102zhmm.html	赵传.1991-YOU.ARE.ALWAYS.ON.MY.MIND【滚石】【WAV+CUE】
https://blog.sina.com.cn/s/blog_6943970c0102zhmk.html	沈雁.1979-踏浪（2011红豆复刻版）【歌林】【WAV+CUE】
https://blog.sina.com.cn/s/blog_6943970c0102zhmf.html	王耐吾.1991-奇迹【飞碟】【WAV+CUE】
https://blog.sina.com.cn/s/blog_6943970c0102zhmd.html	陈洁灵.1987-ELISA.CHAN【华纳】【WAV+CUE】
https://blog.sina.com.cn/s/blog_6943970c0102zhmc.html	陈彼得.1988-归雁（TP引时版）【上海音像】【WAV+CUE】
https://blog.sina.com.cn/s/blog_6943970c0102zhmb.html	黄莺莺.1974-云河·我心深处电影主题曲（2006喜玛拉雅复刻版）【歌…
https://blog.sina.com.cn/s/blog_6943970c0102zhm9.html	麦浚龙.2014-柔弱的角【SILLYTHING】【WAV+CUE】
https://blog.sina.com.cn/s/blog_6943970c0102zhm8.html	红唇族.1988-浪漫主意（2013复刻版）【飞鹰】【WAV+CUE】
https://blog.sina.com.cn/s/blog_6943970c0102zhm7.html	梅艳芳.2021-情幻一生（ARM24K金碟限量版）【华星】【WAV+CUE】
https://blog.sina.com.cn/s/blog_6943970c0102zhm6.html	谢采妘.2000-热门金曲急转弯2CD【南方】【WAV+CUE】
https://blog.sina.com.cn/s/blog_6943970c0102zhm5.html	潘美辰.1994-谁让我流泪【艺能动音】【WAV+CUE】
https://blog.sina.com.cn/s/blog_6943970c0102zhm4.html	乐瞳.2013-爱的魔法【星焕国际】【FLAC分轨】
https://blog.sina.com.cn/s/blog_6943970c0102zhm2.html	李丽蕊.1985-告别李丽蕊（2005复黑版）【永恒】【WAV+CUE】
https://blog.sina.com.cn/s/blog_6943970c0102zhm1.html	郭妃丽.2001-郭妃丽同名专辑【海峡唱片】【FLAC分轨】
https://blog.sina.com.cn/s/blog_6943970c0102zhlz.html	SARA.2011-我的心好冷【天浩盛世】【WAV+CUE】
https://blog.sina.com.cn/s/blog_6943970c0102zhlx.html	张明敏.1981-爸爸的草鞋·望星星(2000年复黑限量版)【永恒】【WAV+C…
https://blog.sina.com.cn/s/blog_6943970c0102zhlv.html	于文文.2014-斗志【SONY】【FLAC分轨】
https://blog.sina.com.cn/s/blog_6943970c0102zhlu.html	于樱樱.1987-名曲精丫皇后唱片】【WAV+CUE】
https://blog.sina.com.cn/s/blog_6943970c0102zhlt.html	群星.1989-怀旧粤语金曲珍藏版【风行】【WAV+CUE】
https://blog.sina.com.cn/s/blog_6943970c0102zhls.html	陈慧琳.2016-And.Then（20周年纪念专辑）【正东】【FLAC分轨】
https://blog.sina.com.cn/s/blog_6943970c0102zhlr.html	彭健新.1986-新曲与精丫宝丽金】【WAV+CUE】
https://blog.sina.com.cn/s/blog_6943970c0102zhlp.html	刘瑞琦.2016-头号粉丝【FLAC分轨】
https://blog.sina.com.cn/s/blog_6943970c0102zhln.html	官恩娜.2008-Stages（EP）【东亚】【FLAC分轨】
https://blog.sina.com.cn/s/blog_6943970c0102zhlm.html	高明骏.1996-金碟珍藏版【风格】【WAV+CUE】
https://blog.sina.com.cn/s/blog_6943970c0102zhll.html	Crazy.Angel.1992-疯狂的年纪【瑞星】【WAV+CUE】
https://blog.sina.com.cn/s/blog_6943970c0102zhlk.html	甄妮.2005-真情电影金曲2CD【南方唱片】【WAV+CUE】
https://blog.sina.com.cn/s/blog_6943970c0102zhlj.html	侯志坚.1995-自由【波丽佳音】【WAV+CUE】
https://blog.sina.com.cn/s/blog_6943970c0102zhli.html	梅艳芳.2021-变（ARM24K金碟限量版）【华星】【WAV+CUE】
https://blog.sina.com.cn/s/blog_6943970c0102zhlh.html	李治廷.2014-治爱【Amusic】【FLAC分轨】
https://blog.sina.com.cn/s/blog_6943970c0102zhlf.html	王诗安.2016-DianaWang（EP）【FLAC分轨】
https://blog.sina.com.cn/s/blog_6943970c0102zhle.html	陈永淘.2000-阿淘和孩子一起下课啦（2014新版）【春水出版社】【WA…
https://blog.sina.com.cn/s/blog_6943970c0102zhlc.html	杨庆煌.1988-拿第一（LP版）【天下唱片】【WAV+CUE】
https://blog.sina.com.cn/s/blog_6943970c0102zhla.html	陈百强.2015-Danny.Chan.Greatest.Hits.New.XRCD+SHMCD【华纳】【W…
https://blog.sina.com.cn/s/blog_6943970c0102zhl6.html	韩汝王希华.1992-真心话（柔情拍档）【千里马唱片】【WAV+CUE】
https://blog.sina.com.cn/s/blog_6943970c0102zhl5.html	卫兰.2017-卫兰（国专）【华纳】【WAV+CUE】
https://blog.sina.com.cn/s/blog_6943970c0102zhl4.html	白雪.1999-女人心女人梦【天星文化】【WAV+CUE】
https://blog.sina.com.cn/s/blog_6943970c0102zhl1.html	糖兄妹.2013-谢谢您2CD【维高文化】【FLAC分轨】
https://blog.sina.com.cn/s/blog_6943970c0102zhkz.html	郭采洁.2010-烟火【华纳】【WAV+CUE】
https://blog.sina.com.cn/s/blog_6943970c0102zhky.html	2002-爱情大舞台2CD【华纳】【WAV+CUE】
https://blog.sina.com.cn/s/blog_6943970c0102zhkw.html	刘德华.1997-爱如此神奇（2014年谢谢您的爱复刻版）【东亚】【WAV+…
https://blog.sina.com.cn/s/blog_6943970c0102zhku.html	张学友.2000-ONLYLOVE当我想起你（EP）【上华】【WAV+CUE】
https://blog.sina.com.cn/s/blog_6943970c0102zhks.html	罗文.1979-好歌献给你（百代珍藏套装8CD）【WAV+CUE】
https://blog.sina.com.cn/s/blog_6943970c0102zhkr.html	张明敏.1989-民族歌曲献中华【永恒唱片】【WAV+CUE】
https://blog.sina.com.cn/s/blog_6943970c0102zhkq.html	汪明荃.1982-万水千山总是情【娱乐唱片】【WAV+CUE】
https://blog.sina.com.cn/s/blog_6943970c0102zhko.html	杨大为.1995-心灰意冷·找个快乐的理由【歌林】【WAV+CUE】
https://blog.sina.com.cn/s/blog_6943970c0102zhkm.html	张蔷.2006-我希望在你的爱情里【WAV+CUE】
https://blog.sina.com.cn/s/blog_6943970c0102zhkj.html	郑希怡.2003-One.2.Three（美卡引进版）【英皇娱乐】【WAV+CUE】
https://blog.sina.com.cn/s/blog_6943970c0102zhkh.html	洪卓立.2010-PRECIOUSMOMENT【英皇娱乐】【WAV+CUE】
https://blog.sina.com.cn/s/blog_6943970c0102zhkg.html	殷正洋.1986-雨中的歉意【上扬】【WAV+CUE】
https://blog.sina.com.cn/s/blog_6943970c0102zhke.html	唐韦琪.1992-Vikki.Tong（2022蜚声环球限量版）【环球】【WAV+CUE…
https://blog.sina.com.cn/s/blog_6943970c0102zhka.html	关诗敏.2012-关在家【种子音乐】【FLAC分轨】
https://blog.sina.com.cn/s/blog_6943970c0102zhk9.html	张南雁.1984-武则天（2005复黑版）【永恒】【WAV+CUE】
https://blog.sina.com.cn/s/blog_6943970c0102zhk8.html	王柏森.1996-乘虚而入【点将】【WAV+CUE】
https://blog.sina.com.cn/s/blog_6943970c0102zhk7.html	林欣彤.2011-Vocalist【英皇娱乐】【WAV+CUE】
https://blog.sina.com.cn/s/blog_6943970c0102zhk6.html	陈永淘.2000.01-阿淘的歌离开台湾八百米【春水出版社】【WAV+CUE】
https://blog.sina.com.cn/s/blog_6943970c0102zhk2.html	蔡旻佑.2012-超级右脑【环球】【WAV+CUE】
https://blog.sina.com.cn/s/blog_6943970c0102zhk1.html	伊能静.1990-紧紧拥抱我【飞鹰唱片】【WAV+CUE】
https://blog.sina.com.cn/s/blog_6943970c0102zhk0.html	裘海正.1988-裘海正的恋爱哲学【飞鹰唱片】【WAV+CUE】
https://blog.sina.com.cn/s/blog_6943970c0102zhjz.html	方文琳.1988-送我回家（2012梦田复刻版）【飞鹰】【WAV+CUE】
https://blog.sina.com.cn/s/blog_6943970c0102zhjy.html	松柏兄弟.2008-偶像组合·松柏兄弟2CD【EQ】【WAV+CUE】
https://blog.sina.com.cn/s/blog_6943970c0102zhjw.html	侧田.2007-港乐·侧田音乐会【金牌大风】【WAV+CUE】
https://blog.sina.com.cn/s/blog_6943970c0102zhjs.html	刘文正.2005-闪亮岁月·刘文正全集6CD【东尼机构】【WAV+CUE】
https://blog.sina.com.cn/s/blog_6943970c0102zhjq.html	曹兰.1992-MAGIC.GIRL【飞宇】【WAV+CUE】
https://blog.sina.com.cn/s/blog_6943970c0102zhjo.html	群星.2004-两只蝴蝶·281封信歌曲全集【鸟人文化】【WAV+CUE】
https://blog.sina.com.cn/s/blog_6943970c0102zhjm.html	薛艾华.1991-走过来时不该走的路【上格】【WAV+CUE】
https://blog.sina.com.cn/s/blog_6943970c0102zhjk.html	蓝心湄.1989-无色彩（TP版）【飞羚】【WAV+CUE】
https://blog.sina.com.cn/s/blog_6943970c0102zhjj.html	张继聪.2009-B.C（EP）【维高文化】【WAV+CUE】
https://blog.sina.com.cn/s/blog_6943970c0102zhjh.html	草东没有派对.2016-丑奴儿【FLAC分轨】
https://blog.sina.com.cn/s/blog_6943970c0102zhjg.html	乐瞳.2009-短罪【东亚】【FLAC分轨】
https://blog.sina.com.cn/s/blog_6943970c0102zhjf.html	安又琪.2004-Angela【天娱传媒】【FLAC分轨】
https://blog.sina.com.cn/s/blog_6943970c0102zhjd.html	辛隆.1991-更爱你【歌林】【WAV+CUE】
https://blog.sina.com.cn/s/blog_6943970c0102zhja.html	黄凯芹.1992-Stay.With.Me【宝丽金】【WAV+CUE】
https://blog.sina.com.cn/s/blog_6943970c0102zhj9.html	张国荣.1985-为你钟情《DAYSOFBEINGLESLIE7CD》【华星】【WAV+CUE…
https://blog.sina.com.cn/s/blog_6943970c0102zhj8.html	林子祥.1985-85特辑（2015华纳XRCD版）【华纳】【WAV+CUE】
https://blog.sina.com.cn/s/blog_6943970c0102zhj7.html	陈奕迅.2005-U87(5周年24KGold金碟)【新艺宝】【WAV+CUE】
https://blog.sina.com.cn/s/blog_6943970c0102zhj6.html	谭咏麟.1988-拥抱【宝丽金】【WAV+CUE】
https://blog.sina.com.cn/s/blog_6943970c0102zhj4.html	洪卓立.2008-GO【英皇娱乐】【WAV+CUE】
https://blog.sina.com.cn/s/blog_6943970c0102zhiw.html	陈百祥.1996-全港至叻星【银星】【WAV+CUE】
https://blog.sina.com.cn/s/blog_6943970c0102zhiu.html	薛凯琪.2004-FDEBUT【华纳】【WAV+CUE】
https://blog.sina.com.cn/s/blog_6943970c0102zhit.html	李丽蕊.1985-不（2006复黑版）【永恒】【WAV+CUE】
https://blog.sina.com.cn/s/blog_6943970c0102zhis.html	陈圣芬.1987-演唱精选辑【乡城】【WAV+CUE】
https://blog.sina.com.cn/s/blog_6943970c0102zhja.html	黄凯芹.1992-Stay.With.Me【宝丽金】【WAV+CUE】
https://blog.sina.com.cn/s/blog_6943970c0102zhj9.html	张国荣.1985-为你钟情《DAYSOFBEINGLESLIE7CD》【华星】【WAV+CUE…
https://blog.sina.com.cn/s/blog_6943970c0102zhj8.html	林子祥.1985-85特辑（2015华纳XRCD版）【华纳】【WAV+CUE】
https://blog.sina.com.cn/s/blog_6943970c0102zhj7.html	陈奕迅.2005-U87(5周年24KGold金碟)【新艺宝】【WAV+CUE】
https://blog.sina.com.cn/s/blog_6943970c0102zhj6.html	谭咏麟.1988-拥抱【宝丽金】【WAV+CUE】
https://blog.sina.com.cn/s/blog_6943970c0102zhj4.html	洪卓立.2008-GO【英皇娱乐】【WAV+CUE】
https://blog.sina.com.cn/s/blog_6943970c0102zhiw.html	陈百祥.1996-全港至叻星【银星】【WAV+CUE】
https://blog.sina.com.cn/s/blog_6943970c0102zhiu.html	薛凯琪.2004-FDEBUT【华纳】【WAV+CUE】
https://blog.sina.com.cn/s/blog_6943970c0102zhit.html	李丽蕊.1985-不（2006复黑版）【永恒】【WAV+CUE】
https://blog.sina.com.cn/s/blog_6943970c0102zhis.html	陈圣芬.1987-演唱精选辑【乡城】【WAV+CUE】
https://blog.sina.com.cn/s/blog_6943970c0102zhi7.html	纪炎炎.1997-寻找爱情【华纳】【WAV+CUE】
https://blog.sina.com.cn/s/blog_6943970c0102zhi6.html	李泉.2001-岛中央【BMG】【WAV+CUE】
https://blog.sina.com.cn/s/blog_6943970c0102zhi5.html	王翔.1993-沉默者之歌【歌林】【WAV+CUE】
https://blog.sina.com.cn/s/blog_6943970c0102zhi1.html	郭静.2015-这一切还是迷人的（EP）【福茂】【WAV+CUE】
https://blog.sina.com.cn/s/blog_6943970c0102zhhy.html	李明德.1992-坚持【全美】【WAV+CUE】
https://blog.sina.com.cn/s/blog_6943970c0102zhhx.html	爱戴.2003-Edell.Love【国际文化】【WAV+CUE】
https://blog.sina.com.cn/s/blog_6943970c0102zhhw.html	傅佩嘉.2001-少女革命【嘉禾】【WAV+CUE】
https://blog.sina.com.cn/s/blog_6943970c0102zhhv.html	潘美辰.2004-傻小孩【步升音乐】【WAV+CUE】
https://blog.sina.com.cn/s/blog_6943970c0102zhhs.html	苏醒.2014-三十未满【SONY】【WAV+CUE】
https://blog.sina.com.cn/s/blog_6943970c0102zhhq.html	彭健新.1981-二等良民（2010环球复黑王）【宝丽金】【WAV+CUE】
https://blog.sina.com.cn/s/blog_6943970c0102zhho.html	自由发挥.2013-跨出界【环球】【FLAC分轨】
https://blog.sina.com.cn/s/blog_6943970c0102zhhn.html	金池.2015-大女人【美妙音乐】【WAV+CUE】
https://blog.sina.com.cn/s/blog_6943970c0102zhhm.html	周华健.2015-奇幻游乐园（中国好歌曲导师原创专辑）【梦想当然】【…
https://blog.sina.com.cn/s/blog_6943970c0102zhhl.html	黄敏华.1988-EXTENDDISCOREMIX（LP版）【EMI百代】【WAV+CUE】
https://blog.sina.com.cn/s/blog_6943970c0102zhhk.html	侯志坚.1994-深情到永远【波丽佳音】【WAV+CUE】
https://blog.sina.com.cn/s/blog_6943970c0102zhhj.html	李谷一.2012-从艺50年特别珍藏版5CD【太平洋影音】【WAV+CUE】
https://blog.sina.com.cn/s/blog_6943970c0102zhhi.html	周柏豪.2012-GET.WELL.SOON（EP）【华纳】【WAV+CUE】
https://blog.sina.com.cn/s/blog_6943970c0102zhhh.html	朱仪玲.1995-山地情【瑞华】【WAV+CUE】
https://blog.sina.com.cn/s/blog_6943970c0102zhhb.html	甄妮.1986-留下我美梦（SONYBMG经典系列复刻版）【SONY】【WAV+CUE…
https://blog.sina.com.cn/s/blog_6943970c0102zhha.html	郑秀文.2007-极品精选.LPCD.Mastering.2CD【华纳】【WAV+CUE】
https://blog.sina.com.cn/s/blog_6943970c0102zhh9.html	吴若希.2014-越难越爱LoveCollection精丫星梦娱乐】【WAV+CUE】
https://blog.sina.com.cn/s/blog_6943970c0102zhh8.html	蔡卓妍.2010-BeautyRemains（EP）【英皇娱乐】【WAV+CUE】
https://blog.sina.com.cn/s/blog_6943970c0102zhh7.html	李蕙敏.1997-公主复仇记【乐意唱片】【WAV+CUE】
https://blog.sina.com.cn/s/blog_6943970c0102zhh5.html	付辛博.2011-我一个人【金牌大风】【WAV+CUE】
https://blog.sina.com.cn/s/blog_6943970c0102zhh2.html	曾路得.2016-Embrace拥我入怀【FLAC分轨】
https://blog.sina.com.cn/s/blog_6943970c0102zhh0.html	殷正洋.1992-变数【上扬】【WAV+CUE】
https://blog.sina.com.cn/s/blog_6943970c0102zhgz.html	刘德华.2020-宝丽金伍拾·刘德华24KGOLD.5CD【环球】【WAV+CUE】
https://blog.sina.com.cn/s/blog_6943970c0102zhgw.html	蔡琴黄耀明.2000-花天走地（音乐剧原声唱片）【WAV+CUE】
https://blog.sina.com.cn/s/blog_6943970c0102zhgv.html	刘浩龙.2002-PastPresent【环球】【WAV+CUE】
https://blog.sina.com.cn/s/blog_6943970c0102zhgt.html	苏运莹.2015-冥明【梦响当然】【WAV+CUE】
https://blog.sina.com.cn/s/blog_6943970c0102zhgs.html	关正杰.2016-2018-环球萃取K2HD升级精选3辑【环球】【WAV+CUE】.
https://blog.sina.com.cn/s/blog_6943970c0102zhgr.html	许冠英.1980-钱作怪（2008环球复黑王）【宝丽金】【WAV+CUE】
https://blog.sina.com.cn/s/blog_6943970c0102zhgq.html	黄小琥.2015-爱情原来没什么【华纳】【WAV+CUE】
https://blog.sina.com.cn/s/blog_6943970c0102zhgp.html	宝丽金群星.1987-宝丽金十五周年演唱会（2004环球复黑王）【宝丽金…
https://blog.sina.com.cn/s/blog_6943970c0102zhgo.html	群星.2006-微笑PASTA电视原声带【EMI百代】【WAV+CUE】
https://blog.sina.com.cn/s/blog_6943970c0102zhgn.html	陈慧敏.2016-小人物（EP）【FLAC分轨】
https://blog.sina.com.cn/s/blog_6943970c0102zhgm.html	陈山葱.1996-爱是全意【艺能动音】【WAV+CUE】
https://blog.sina.com.cn/s/blog_6943970c0102zhgl.html	曹西平.1984-曾来入梦（LP版）【耶鲁唱片】【WAV+CUE】
https://blog.sina.com.cn/s/blog_6943970c0102zhgi.html	女生宿舍.2004-Life.is.Beautiful【MusicNation】【WAV+CUE】.rar:…
https://blog.sina.com.cn/s/blog_6943970c0102zhgh.html	梁靖琪.2005-Bear.In.Mind【大国文化】【FLAC分轨】
https://blog.sina.com.cn/s/blog_6943970c0102zhg8.html	贝心瑜.1985-寻找思念·港边纯情曲【金声】【WAV+CUE】
https://blog.sina.com.cn/s/blog_6943970c0102zhg7.html	赵传.1989-我终于失去了你【滚石】【WAV+CUE】
https://blog.sina.com.cn/s/blog_6943970c0102zhg6.html	周艳泓.2011-我的心好累【新京文】【WAV+CUE】
https://blog.sina.com.cn/s/blog_6943970c0102zhg5.html	柳重言.2012-唱作抒情专辑【醇音乐】【WAV+CUE】
https://blog.sina.com.cn/s/blog_6943970c0102zhg4.html	华纳群星.1999-华纳我爱经典剧场篇【华纳】【WAV+CUE】
https://blog.sina.com.cn/s/blog_6943970c0102zhg2.html	裘海正.1995-放弃也会有快乐【上华】【WAV+CUE】
https://blog.sina.com.cn/s/blog_6943970c0102zhg1.html	张玉珊.1994-星空梦里人（EP）【BMG】【WAV+CUE】
https://blog.sina.com.cn/s/blog_6943970c0102zhfx.html	白子正.1990-我真的好想回家【名冠】【WAV+CUE】
https://blog.sina.com.cn/s/blog_6943970c0102zhfw.html	阿悄.2013-莎话【极韵文化】【WAV+CUE】
https://blog.sina.com.cn/s/blog_6943970c0102zhfv.html	ECHO.1991-不再纠缠【Forte】【WAV+CUE】
https://blog.sina.com.cn/s/blog_6943970c0102zhfu.html	张信哲.1994-等待【巨石】【WAV+CUE】
https://blog.sina.com.cn/s/blog_6943970c0102zhft.html	飞鹰三姝.1988-青春缤纷集【飞鹰】【WAV+CUE】
https://blog.sina.com.cn/s/blog_6943970c0102zhfs.html	方文琳.1996-脱轨【上华】【WAV+CUE】
https://blog.sina.com.cn/s/blog_6943970c0102zhfr.html	古巨基.2000-寻宝（国）【千禧年代】【WAV+CUE】
https://blog.sina.com.cn/s/blog_6943970c0102zhfq.html	蔡国权.2017-环球萃取K2HD升级精丫环球】【WAV+CUE】
https://blog.sina.com.cn/s/blog_6943970c0102zhfo.html	冯宝宝.2014-荒老的庭园（新世纪复刻版）【丽风】【WAV+CUE】
https://blog.sina.com.cn/s/blog_6943970c0102zhfk.html	郑俊弘.2014-熊貓的故事【星梦娱乐】【WAV+CUE】
https://blog.sina.com.cn/s/blog_6943970c0102zhfj.html	爱戴.2004-爱·警戒【国际文化】【FLAC分轨】
https://blog.sina.com.cn/s/blog_6943970c0102zhfi.html	华纳群星.1996-星岛基金（华纳群星金曲精选）【华纳】【WAV+CUE】
https://blog.sina.com.cn/s/blog_6943970c0102zhfh.html	王翔.1991-无言以对【歌林】【WAV+CUE】
https://blog.sina.com.cn/s/blog_6943970c0102zhfg.html	阿雅.2001-福气新歌+精丫环球】【FLAC分轨】
https://blog.sina.com.cn/s/blog_6943970c0102zhf9.html	陈慧娴.1986-反叛（2011年25周年环球24KGOLD限量版）【环球】【WAV…
https://blog.sina.com.cn/s/blog_6943970c0102zhf6.html	黄敏华.1988-挑战【EMI百代】【WAV+CUE】
https://blog.sina.com.cn/s/blog_6943970c0102zhf3.html	徐小凤.1985-每一步（从头认识徐小凤.CD01）【宝丽金】【WAV+CUE】
https://blog.sina.com.cn/s/blog_6943970c0102zhez.html	范玮琪.2012-爱,在一起【福茂】【WAV+CUE】
https://blog.sina.com.cn/s/blog_6943970c0102zhey.html	薰妮冯伟棠.1977-每当变幻时·飘零梦（1998年永恒真存版）【永恒】…
https://blog.sina.com.cn/s/blog_6943970c0102zhex.html	纪如璟.2000-值得一辈子去爱【BMG】【WAV+CUE】
https://blog.sina.com.cn/s/blog_6943970c0102zhev.html	李国祥.1996-离爱出走（国专）【奇花音乐】【WAV+CUE】
https://blog.sina.com.cn/s/blog_6943970c0102zheu.html	群星.1984-长江的水依旧在流（喜玛拉雅复刻版）【歌林】【WAV+CUE…
https://blog.sina.com.cn/s/blog_6943970c0102zhet.html	喻方君.2005-飞跃舞台2CD（南方金典系列）【南方】【WAV+CUE】
https://blog.sina.com.cn/s/blog_6943970c0102zheo.html	徐仲薇.1992-国语精选辑（未曾拥有何曾失去）【宝丽金】【WAV+CUE…
https://blog.sina.com.cn/s/blog_6943970c0102zhen.html	黎允文.1992-鯨的寓言【ALSONGS】【WAV+CUE】
https://blog.sina.com.cn/s/blog_6943970c0102zhem.html	仇云峰.1988-半真半假【华纳】【WAV+CUE】
https://blog.sina.com.cn/s/blog_6943970c0102zhek.html	张柏芝.2005-C1【环球】【WAV+CUE】
https://blog.sina.com.cn/s/blog_6943970c0102zhej.html	吴卓羲.2000-FastForward【BMA】【FLAC分轨】
https://blog.sina.com.cn/s/blog_6943970c0102zhed.html	关之琳.1994-相约到永久【巨石唱片】【WAV+CUE】
https://blog.sina.com.cn/s/blog_6943970c0102zhec.html	东城卫D.C.W.2010-东城卫D.C.W.同名迷你专辑【华纳】【WAV+CUE】
https://blog.sina.com.cn/s/blog_6943970c0102zhea.html	周柏豪.2010-REMEMBRANCE（EP）【华纳】【WAV+CUE】
https://blog.sina.com.cn/s/blog_6943970c0102zhe9.html	吴巧玲.1981-爱你不是谎言（回音黑胶复刻系列）【海山】【WAV+CUE…
https://blog.sina.com.cn/s/blog_6943970c0102zhe8.html	孙子涵.2013-最近还好么【简单快乐文化】【WAV+CUE】
https://blog.sina.com.cn/s/blog_6943970c0102zhe7.html	BEYOND.2016-环球萃取K2HD升级精选2辑【环球】【WAV+CUE】
https://blog.sina.com.cn/s/blog_6943970c0102zhe6.html	张小英.2004-金嗓名曲2CD【南方】【WAV+CUE】
https://blog.sina.com.cn/s/blog_6943970c0102zhe5.html	群星.2002-天作之合6CD【滚石】【WAV+CUE】
https://blog.sina.com.cn/s/blog_6943970c0102zhe3.html	蔡依林.2003-纯真年代（1999-2001全纪录）CD1【环球】【WAV+CUE】
https://blog.sina.com.cn/s/blog_6943970c0102zhe1.html	Cookies.2002-MerryXmas【EMI百代】【FLAC分轨】
https://blog.sina.com.cn/s/blog_6943970c0102zhe0.html	袁培华美林.1994-重续前缘是心伤【天将唱片】【WAV+CUE】
https://blog.sina.com.cn/s/blog_6943970c0102zhdz.html	群星.1985-新格名曲精选3辑【新格】【WAV+CUE】
https://blog.sina.com.cn/s/blog_6943970c0102zhdy.html	曾沛慈.2017-我爱你…以上【福茂】【FLAC分轨】
https://blog.sina.com.cn/s/blog_6943970c0102zhdx.html	李彩桦.2002-After.The.Rain（新曲+精选）【正东】【WAV+CUE】
https://blog.sina.com.cn/s/blog_6943970c0102zhdw.html	奚秀兰.1971-奚秀兰之歌（2021新世纪精选24首）【丽风】【WAV+CUE…
https://blog.sina.com.cn/s/blog_6943970c0102zhdv.html	群星.1997-辉煌郭峰1981-1996珍藏版【国际广播】【WAV+CUE】
https://blog.sina.com.cn/s/blog_6943970c0102zhdu.html	黄鸿升.2009-爱英雄【滚石】【WAV+CUE】
https://blog.sina.com.cn/s/blog_6943970c0102zhdt.html	宝丽金群星.1986-STAR.REMIX（EP）（2009环球复黑王）【宝丽金】【…
https://blog.sina.com.cn/s/blog_6943970c0102zhdo.html	曾路得.2002-RUTH【ACM】【WAV+CUE】
https://blog.sina.com.cn/s/blog_6943970c0102zhdn.html	陈圣芬.1987-陈圣芬金选（2012喜玛拉雅复刻版）【乡城】【WAV+CUE…
https://blog.sina.com.cn/s/blog_6943970c0102zhdl.html	陈美龄.1997-精选2CD【娱乐唱片】【WAV+CUE】
https://blog.sina.com.cn/s/blog_6943970c0102zhdj.html	陈洁灵.1982-星夜星尘（2005年复黑王限量版）【喜韵唱片】【WAV+CU…
https://blog.sina.com.cn/s/blog_6943970c0102zhdi.html	黄大军.1993-纠缠一辈子【蓝与白】【WAV+CUE】
https://blog.sina.com.cn/s/blog_6943970c0102zhdh.html	张亚东.2009-潜流（张亚东作品）【东乐】【FLAC分轨】
https://blog.sina.com.cn/s/blog_6943970c0102zhdg.html	蒋雅文.2007-WinterStory【英皇娱乐】【FLAC分轨】
https://blog.sina.com.cn/s/blog_6943970c0102zhde.html	李治廷.2011-Everything【Amusic】【FLAC分轨】
https://blog.sina.com.cn/s/blog_6943970c0102zhdc.html	林玉英.2010-皇牌难忘名典2CD【南方】【WAV+CUE】
https://blog.sina.com.cn/s/blog_6943970c0102zhdb.html	张继聪.2005-To.Be.Or.Not.To.Be【艾回】【WAV+CUE】
https://blog.sina.com.cn/s/blog_6943970c0102zhda.html	蓝心湄.1984-周末夜天使（TP版）【飞羚】【WAV+CUE】
https://blog.sina.com.cn/s/blog_6943970c0102zhd9.html	甄妮.1989-皆因你的愛（华星40经典金唱片）【WAV+CUE】
https://blog.sina.com.cn/s/blog_6943970c0102zhd5.html	梅艳芳.1985-梅艳芳（2004年华星DSD复刻版）【华星】【WAV+CUE】
https://blog.sina.com.cn/s/blog_6943970c0102zhd3.html	林子祥.1980-07-摩登土佬[百代珍藏套装之5]【WAV+CUE】
https://blog.sina.com.cn/s/blog_6943970c0102zhcz.html	林志美.1987-因你别离【SONY】【WAV+CUE】
https://blog.sina.com.cn/s/blog_6943970c0102zhcy.html	翁素英.1985-人在旅途（TP版）【新丽声】【WAV+CUE】
https://blog.sina.com.cn/s/blog_6943970c0102zhcx.html	滚石群星.1991-美丽新世界大风吹【滚石】【WAV+CUE】
https://blog.sina.com.cn/s/blog_6943970c0102zhcw.html	滚石群星.1989-美丽新世界【滚石】【WAV+CUE】
https://blog.sina.com.cn/s/blog_6943970c0102zhcv.html	滚石群星.1989-美丽新世界【滚石】【WAV+CUE】
https://blog.sina.com.cn/s/blog_6943970c0102zhcu.html	黄伊汶.2002-香薰【环球】【FLAC分轨】
https://blog.sina.com.cn/s/blog_6943970c0102zhcs.html	黄瑞文.2007-黄瑞文金选寄语当爱情走远（喜玛拉雅复刻版）【乡城】…
https://blog.sina.com.cn/s/blog_6943970c0102zhco.html	谭维维.2010-谭某某【天娱传媒】【WAV+CUE】
https://blog.sina.com.cn/s/blog_6943970c0102zhcm.html	胡杏儿.2009-LOVEHOLIC【星娱乐】【WAV+CUE】
https://blog.sina.com.cn/s/blog_6943970c0102zhcl.html	阿雅.1999-壁花小姐【环球】【WAV+CUE】
https://blog.sina.com.cn/s/blog_6943970c0102zhcj.html	郭采洁.2009-爱异想【华纳】【WAV+CUE】
https://blog.sina.com.cn/s/blog_6943970c0102zhci.html	张蔷.2013-别再问我什么是迪斯科【摩登天空】【WAV+CUE】
https://blog.sina.com.cn/s/blog_6943970c0102zhch.html	薛凯琪.2008-Itt.My.Day（国专）【华纳】【WAV+CUE】
https://blog.sina.com.cn/s/blog_6943970c0102zhcg.html	王心凌.2014-第十个【环球】【WAV+CUE】
https://blog.sina.com.cn/s/blog_6943970c0102zhcf.html	群星.1989-国语畅销金榜2集【兴来唱片】【WAV+CUE】
https://blog.sina.com.cn/s/blog_6943970c0102zhce.html	陈逸达.1992-我的忧伤不让你看出来【巨石】【WAV+CUE】
https://blog.sina.com.cn/s/blog_6943970c0102zhcd.html	苏运莹.2017-野子肆意瘋長的力量（LIVE专辑）【梦响当然】【WAV分…
https://blog.sina.com.cn/s/blog_6943970c0102zhcc.html	陈星翰.2016-Welcome.To.The.Next.Level【禾广娱乐】【WAV+CUE】
https://blog.sina.com.cn/s/blog_6943970c0102zhcb.html	张清芳.1986.00-精选集【点将】【WAV+CUE】
https://blog.sina.com.cn/s/blog_6943970c0102zhc9.html	叶子楣.1992-十分坦白【EMI百代】【WAV+CUE】
https://blog.sina.com.cn/s/blog_6943970c0102zhc7.html	王诗安.2013-你好吗？【华纳】【WAV+CUE】
https://blog.sina.com.cn/s/blog_6943970c0102zhc6.html	沈庆.1997-这么多年以来（2013再版）【京文】【WAV+CUE】
https://blog.sina.com.cn/s/blog_6943970c0102zhc5.html	曾一鸣.2005-七月【先之唱片】【WAV+CUE】
https://blog.sina.com.cn/s/blog_6943970c0102zhc4.html	童孔.1994-童孔同名专辑（宣传碟）【飞碟】【WAV+CUE】
https://blog.sina.com.cn/s/blog_6943970c0102zhc3.html	本多RURU.2001-美丽心情【维京】【WAV+CUE】
https://blog.sina.com.cn/s/blog_6943970c0102zhc1.html	萨顶顶.2015-庄周梦蝶集【环球】【WAV+CUE】
https://blog.sina.com.cn/s/blog_6943970c0102zhbz.html	谢安琪.2009-YELLING【新艺宝】【WAV+CUE】
https://blog.sina.com.cn/s/blog_6943970c0102zhby.html	群星.1988-快乐巨星百万畅销曲2辑4CD【快乐唱片】【WAV+CUE】
https://blog.sina.com.cn/s/blog_6943970c0102zhbx.html	Swing.2001-For.Sale【英皇娱乐】【FLAC分轨】
https://blog.sina.com.cn/s/blog_6943970c0102zhbw.html	甄妮.1990-超级金装珍藏版（纸盒金碟版）【SONY】【WAV+CUE】
https://blog.sina.com.cn/s/blog_6943970c0102zhbv.html	薛之谦.2006-薛之谦【上腾娱乐】【WAV+CUE】
https://blog.sina.com.cn/s/blog_6943970c0102zhbu.html	美林.1993-让心情晒晒太阳【歌林唱片】【WAV+CUE】
https://blog.sina.com.cn/s/blog_6943970c0102zhbt.html	李克勤.1992-只想您会意（2022蜚声环球限量版）【环球】【WAV+CUE…
https://blog.sina.com.cn/s/blog_6943970c0102zhbr.html	陈淑桦.2012-爱上陈淑桦InLoveWithSarah2CD【滚石】【WAV+CUE】
https://blog.sina.com.cn/s/blog_6943970c0102zhbq.html	指南针乐队.2000-无法逃脱（台首版）【骏麟】【WAV+CUE】
https://blog.sina.com.cn/s/blog_6943970c0102zhbp.html	艾怡良.2012-如果你爱我【SONY】【WAV+CUE】
https://blog.sina.com.cn/s/blog_6943970c0102zhbo.html	陈美龄刘家昌.1976-爱人那里去寻找（2014年新世纪复黑限量版）【丽…
https://blog.sina.com.cn/s/blog_6943970c0102zhbn.html	李明德.1991-其实我不想放弃【全美】【WAV+CUE】
https://blog.sina.com.cn/s/blog_6943970c0102zhbm.html	甄楚倩.1991-Hold。Me。Tight【新艺宝】【WAV+CUE】
https://blog.sina.com.cn/s/blog_6943970c0102zhbl.html	滚石群星.1995-齐天周大圣之西游双记【滚石】【WAV+CUE】
https://blog.sina.com.cn/s/blog_6943970c0102zhbg.html	林子祥.1984-04-爱到发烧（2015华纳DSD版）【华纳】【WAV+CUE】
https://blog.sina.com.cn/s/blog_6943970c0102zhbf.html	王菲.2001-梦中人GreatestHits(来日纪念盘)【环球】【WAV+CUE】
https://blog.sina.com.cn/s/blog_6943970c0102zhbc.html	王心凌.2004-爱你【艾回唱片】【WAV+CUE】
https://blog.sina.com.cn/s/blog_6943970c0102zhbb.html	群星.1990-好歌大家唱【新格】【WAV+CUE】
https://blog.sina.com.cn/s/blog_6943970c0102zhba.html	金武林.1995-严肃音乐·失乐园【大地】【WAV+CUE】
https://blog.sina.com.cn/s/blog_6943970c0102zhb9.html	张国荣.2020-2021-极品珍藏ARM24K金碟（2辑）【华星】【WAV+CUE】
https://blog.sina.com.cn/s/blog_6943970c0102zhb7.html	费玉清.2011-费玉清GREATEST.HITS（XRCD2+SHMCD）【华纳】【WAV+CU…
https://blog.sina.com.cn/s/blog_6943970c0102zhb6.html	飞碟群星.1988-电视墙（飞碟1988电视主题曲，广告曲精选）【飞碟】…
https://blog.sina.com.cn/s/blog_6943970c0102zhb5.html	陈松龄.1987-鬼马校园（LP版）【娱乐唱片】【WAV+CUE】
https://blog.sina.com.cn/s/blog_6943970c0102zhb4.html	汤正川黄绮加.1982-寻知己（2019娱乐宝典原音系列）【娱乐唱片】【…
https://blog.sina.com.cn/s/blog_6943970c0102zhb2.html	凤飞飞.1991-秋鸾【真善美】【WAV+CUE】
https://blog.sina.com.cn/s/blog_6943970c0102zhaz.html	曹西平.1981-狂热（2006喜玛拉雅复刻版）【乡城】【WAV+CUE】
https://blog.sina.com.cn/s/blog_6943970c0102zhax.html	萧蔷.2005-Bella【全员集合】【WAV+CUE】
https://blog.sina.com.cn/s/blog_6943970c0102zhav.html	韦绮姗.1991-Remix【永高创意】【WAV+CUE】
https://blog.sina.com.cn/s/blog_6943970c0102zhau.html	张瑶.2002-爱情的房子（EP）【太格艺星】【WAV+CUE】
https://blog.sina.com.cn/s/blog_6943970c0102zhap.html	蔡幸娟.2001-国语原声精选2CD【乡城】【WAV+CUE】
https://blog.sina.com.cn/s/blog_6943970c0102zhan.html	何家劲.1990-是寂寞吧!我想（国专）【宝丽金】【WAV+CUE】
https://blog.sina.com.cn/s/blog_6943970c0102zham.html	郑怡.1992-苏醒【可登】【WAV+CUE】
https://blog.sina.com.cn/s/blog_6943970c0102zhaj.html	骆雨乔.1990-19岁【钻石音乐】【WAV+CUE】
https://blog.sina.com.cn/s/blog_6943970c0102zhai.html	纪炎炎.1997-原来我可以【华纳】【WAV+CUE】
https://blog.sina.com.cn/s/blog_6943970c0102zhah.html	陈百祥.2008-男人心事（EP）【国际娱乐】【WAV+CUE】
https://blog.sina.com.cn/s/blog_6943970c0102zhae.html	黄致列.2017-致列·爱【国韵文化】【WAV分轨】
https://blog.sina.com.cn/s/blog_6943970c0102zhab.html	梅艳芳.2021-皇者之风（ARM24K金碟限量版）【华星】【WAV+CUE】
https://blog.sina.com.cn/s/blog_6943970c0102zhaa.html	刘浩龙.2006-ALL.THE.BEST【正东】【WAV+CUE】
https://blog.sina.com.cn/s/blog_6943970c0102zha9.html	同恩.2005-做自己【丰华】【WAV+CUE】
https://blog.sina.com.cn/s/blog_6943970c0102zha8.html	群星.2005-神话音乐剧-白蛇青蛇原声大碟【EMI百代】【WAV+CUE】
https://blog.sina.com.cn/s/blog_6943970c0102zha7.html	洪安妮.2017-我喜欢你【禾广娱乐】【WAV+CUE】
https://blog.sina.com.cn/s/blog_6943970c0102zha5.html	钟舒漫.2009-给自己的信【英皇娱乐】【FLAC分轨】
https://blog.sina.com.cn/s/blog_6943970c0102zha4.html	晆澔平.1993-飞梦天涯【歌林】【WAV+CUE】
https://blog.sina.com.cn/s/blog_6943970c0102zha3.html	李美凤.1991-深爱你【EMI百代】【WAV+CUE】
https://blog.sina.com.cn/s/blog_6943970c0102zha1.html	江家荣.1992-心里像个孩子【飞碟】【WAV+CUE】
https://blog.sina.com.cn/s/blog_6943970c0102zha0.html	陈艾湄.1988-现代灰姑娘的初恋故事（LP版）【歌林】【WAV+CUE】
https://blog.sina.com.cn/s/blog_6943970c0102zh9z.html	林奕匡.2015-有人共鸣【SONY】【WAV+CUE】
https://blog.sina.com.cn/s/blog_6943970c0102zh9y.html	林奕匡.2014-3【SONY】【WAV+CUE】
https://blog.sina.com.cn/s/blog_6943970c0102zh9x.html	黎明.1993-夏日倾情【宝丽金】【WAV+CUE】
https://blog.sina.com.cn/s/blog_6943970c0102zh9v.html	黄磊.1998-我想我是海【丰华】【WAV+CUE】
https://blog.sina.com.cn/s/blog_6943970c0102zh9u.html	陈雅伦.1995-只喜欢一个人【SONY】【WAV+CUE】
https://blog.sina.com.cn/s/blog_6943970c0102zh9p.html	范玮琪.2008-FACES.OF.FANFAN新歌+精选全记录【福茂】【WAV+CUE】
https://blog.sina.com.cn/s/blog_6943970c0102zh9o.html	群星.1989-原版精绚热舞【现代】【WAV+CUE】
https://blog.sina.com.cn/s/blog_6943970c0102zh9n.html	群星.1989-原版精绚美乐【现代】【WAV+CUE】
https://blog.sina.com.cn/s/blog_6943970c0102zh9m.html	群星.1989-原版精绚着迷【现代】【WAV+CUE】
https://blog.sina.com.cn/s/blog_6943970c0102zh9k.html	蔡卓妍.2009-AnotherMe（EP）【英皇娱乐】【WAV+CUE】
https://blog.sina.com.cn/s/blog_6943970c0102zh9h.html	群星.1990-大学城·永远记得你的爱【飞碟】【WAV+CUE】
https://blog.sina.com.cn/s/blog_6943970c0102zh9e.html	潘仪君.1994-你给我一片天【滚石】【WAV+CUE】
https://blog.sina.com.cn/s/blog_6943970c0102zh9d.html	潘劲东.1995-你的明天会很美（TP版）【大地】【WAV+CUE】
https://blog.sina.com.cn/s/blog_6943970c0102zh97.html	蓝心湄.1992-我的温柔只有你看得见【宝丽金】【WAV+CUE】
https://blog.sina.com.cn/s/blog_6943970c0102zh95.html	徐仲薇.1993-是不是我对你太好【EMI百代】【WAV+CUE】
https://blog.sina.com.cn/s/blog_6943970c0102zh8y.html	FACE.TO.FACE.2013-一些从前现在精选集【丰华】【WAV+CUE】
https://blog.sina.com.cn/s/blog_6943970c0102zh8w.html	陈妤.1991-天天改变天天不变【腾祥】【WAV+CUE】
https://blog.sina.com.cn/s/blog_6943970c0102zh8u.html	薛之谦.2007-你过得好吗【上腾娱乐】【WAV+CUE】
https://blog.sina.com.cn/s/blog_6943970c0102zh8t.html	江欣燕.1988-BABY.BABY（2014华星40金碟限量版）【WAV+CUE】
https://blog.sina.com.cn/s/blog_6943970c0102zh8r.html	毛宁.1998-等待毛宁【SONY】【WAV+CUE】
https://blog.sina.com.cn/s/blog_6943970c0102zh8m.html	郭子.1995-鸽子与海【东达唱片】【WAV+CUE】
https://blog.sina.com.cn/s/blog_6943970c0102zh8k.html	群星.1990-民歌珍藏版【新格】【WAV+CUE】
https://blog.sina.com.cn/s/blog_6943970c0102zh8j.html	钟镇涛.1987-听涛（环球复黑王）【宝丽金】【WAV+CUE】
https://blog.sina.com.cn/s/blog_6943970c0102zh8i.html	许冠杰.1978-卖身契（复刻版）【宝丽金】【WAV+CUE】
https://blog.sina.com.cn/s/blog_6943970c0102zh8h.html	周慧敏.1992-冬日浪漫(首版)【宝丽金】【WAV+CUE】
https://blog.sina.com.cn/s/blog_6943970c0102zh8g.html	Swing.2000-Swing【英皇娱乐】【WAV+CUE】
https://blog.sina.com.cn/s/blog_6943970c0102zh8e.html	陈文媛.2003-Phase.1.The.Retrospect.2CD【EMI百代】【WAV+CUE】
https://blog.sina.com.cn/s/blog_6943970c0102zh8d.html	张镐哲.1992-世间缠绵·张镐哲的电影情结【宝丽金】【WAV+CUE】
https://blog.sina.com.cn/s/blog_6943970c0102zh8a.html	戴辛尉（威葳）.1999-月光戏院【BMG】【FLAC分轨】
https://blog.sina.com.cn/s/blog_6943970c0102zh89.html	黄义达.2007-完整演出（新索引进版）【SONYBMG】【WAV+CUE】
https://blog.sina.com.cn/s/blog_6943970c0102zh88.html	陈志朋.2016-他和她·爱【诚利千代】【WAV+CUE】
https://blog.sina.com.cn/s/blog_6943970c0102zh87.html	小松小柏.2007-舞菌舞力名典（南方金点系列）【南方】【WAV+CUE】
https://blog.sina.com.cn/s/blog_6943970c0102zh85.html	张柏芝.2000-张柏芝（国专）【上华】【WAV+CUE】
https://blog.sina.com.cn/s/blog_6943970c0102zh84.html	泰迪罗宾.1994-凡夫赤子【滚石】【WAV+CUE】
https://blog.sina.com.cn/s/blog_6943970c0102zh83.html	欧阳菲菲.1994-烈火【飞碟】【WAV+CUE】
https://blog.sina.com.cn/s/blog_6943970c0102zh82.html	李龙基.1983-豹子胆（2014环球复黑王限量版）【EMI百代】【WAV+CUE…
https://blog.sina.com.cn/s/blog_6943970c0102zh7w.html	罗大佑.1991-昨日情歌【音乐工厂】【WAV+CUE】
https://blog.sina.com.cn/s/blog_6943970c0102zh7u.html	群星.2009-最爱情歌80（6CD）【福茂】【WAV+CUE】
https://blog.sina.com.cn/s/blog_6943970c0102zh7r.html	甄楚倩.1992-YOURS.YOLINDA（2022蜚声环球系列）【环球】【WAV+CUE…
https://blog.sina.com.cn/s/blog_6943970c0102zh7o.html	群星.2014-我最喜爱的ERICKWOK作品展4CD【环球】【WAV+CUE】
https://blog.sina.com.cn/s/blog_6943970c0102zh7d.html	At17.2007-Threesome+At17.2002-2007（新曲+精选）【东亚】【WAV+C…
https://blog.sina.com.cn/s/blog_6943970c0102zh7b.html	叶文辉.2003-MyMemory【正东】【FLAC分轨】
https://blog.sina.com.cn/s/blog_6943970c0102zh79.html	群星.2001-妙手仁心原声大碟【新艺宝】【WAV+CUE】
https://blog.sina.com.cn/s/blog_6943970c0102zh78.html	威利.1980-天使危机【宝丽金】【WAV+CUE】
https://blog.sina.com.cn/s/blog_6943970c0102zh77.html	张靓颖.2005-JEAN·爱（EP）【华谊兄弟】【WAV+CUE】
https://blog.sina.com.cn/s/blog_6943970c0102zh75.html	群星.1987-地球大合唱（LP版）【WAV+CUE】
https://blog.sina.com.cn/s/blog_6943970c0102zh70.html	叶倩文.1988-祝福（2009年LPCD1630雨果限量版）【华纳】【WAV+CUE…
https://blog.sina.com.cn/s/blog_6943970c0102zh6y.html	群星.2011-我可能不会爱你·电视原声带【福茂】【FLAC分轨】
https://blog.sina.com.cn/s/blog_6943970c0102zh6w.html	江蕙.2000-晚婚（国语EP）【大信唱片】【WAV+CUE】
https://blog.sina.com.cn/s/blog_6943970c0102zh6v.html	姚黛玮.1997-声音【现代派】【WAV+CUE】
https://blog.sina.com.cn/s/blog_6943970c0102zh6t.html	王祖蓝.2008-处处祖蓝【英皇娱乐】【FLAC分轨】
https://blog.sina.com.cn/s/blog_6943970c0102zh6r.html	黄莺莺.1983-天龙八部·冲击·怒海萍踪（2015环球复刻版）【宝丽金】…
https://blog.sina.com.cn/s/blog_6943970c0102zh6m.html	刘彩玉.1992-NICENEASY【新艺宝】【WAV+CUE】
https://blog.sina.com.cn/s/blog_6943970c0102zh6j.html	中国娃娃.2002-万岁万岁万万岁新歌+精丫歌莱美】【WAV+CUE】
https://blog.sina.com.cn/s/blog_6943970c0102zh6i.html	陈彼得.1981-也是情歌（LP版）【东尼机构】【WAV+CUE】
https://blog.sina.com.cn/s/blog_6943970c0102zh6h.html	林欣彤.2012-LoveIsLight【英皇娱乐】【FLAC分轨】
https://blog.sina.com.cn/s/blog_6943970c0102zh6g.html	邓丽君.2006-花样年华4CD【环球】【WAV+CUE】
https://blog.sina.com.cn/s/blog_6943970c0102zh6f.html	群星.2010-卡通王国4CD【环球】【WAV+CUE】
https://blog.sina.com.cn/s/blog_6943970c0102zh6b.html	群星.1990-绿色新一代【WAV+CUE】
https://blog.sina.com.cn/s/blog_6943970c0102zh6a.html	信.2007-我就是我【艾回】【WAV+CUE】
https://blog.sina.com.cn/s/blog_6943970c0102zh68.html	黎明.1992-倾城之最（2022蜚声环球系列）【环球】【WAV+CUE】
https://blog.sina.com.cn/s/blog_6943970c0102zh67.html	刘畊宏.2007-天使之城·迦南美地【新力博德曼】【FLAC分轨】
https://blog.sina.com.cn/s/blog_6943970c0102zh66.html	林依晨.2009-幸福遇见【艾回】【WAV+CUE】
https://blog.sina.com.cn/s/blog_6943970c0102zh65.html	卓义峰.2008-贩卖温柔【环球】【FLAC分轨】
https://blog.sina.com.cn/s/blog_6943970c0102zh5z.html	余文乐.2005-TheSurvivor生还者【环球】【WAV+CUE】
https://blog.sina.com.cn/s/blog_6943970c0102zh5x.html	林子祥.1997-好气连祥2CD【EMI百代】【WAV+CUE】
https://blog.sina.com.cn/s/blog_6943970c0102zh5w.html	杨林.1990-纵容美丽【宝丽金】【WAV+CUE】
https://blog.sina.com.cn/s/blog_6943970c0102zh5v.html	钟欣潼.2014-完整爱（EP）【英皇娱乐】【WAV+CUE】
https://blog.sina.com.cn/s/blog_6943970c0102zh5u.html	滚石群星.1993-情歌纪念日【滚石】【WAV+CUE】
https://blog.sina.com.cn/s/blog_6943970c0102zh5s.html	A2A.2013-PairofAces（EP）【金牌大风】【FLAC分轨】
https://blog.sina.com.cn/s/blog_6943970c0102zh5p.html	群星.1988-金曲拼盘·原味珍藏版【胜利】【WAV+CUE】
https://blog.sina.com.cn/s/blog_6943970c0102zh5o.html	林志美.1986-雨夜钢琴粉蓝色的精选（重混）【SONY】【WAV+CUE】
https://blog.sina.com.cn/s/blog_6943970c0102zh5n.html	群星.1990-将世界的心拥在一起【蓝与白】【WAV+CUE】
https://blog.sina.com.cn/s/blog_6943970c0102zh5l.html	郭静.2014-艳遇【福茂】【WAV+CUE】
https://blog.sina.com.cn/s/blog_6943970c0102zh5k.html	All The Best全集 CD1 Crazy Love【WAV+CUE】
https://blog.sina.com.cn/s/blog_6943970c0102zh5i.html	关楚耀.2007-你当我什么【环球】【WAV+CUE】
https://blog.sina.com.cn/s/blog_6943970c0102zh5h.html	许美静.1998-完美静丫上华】【WAV+CUE】
https://blog.sina.com.cn/s/blog_6943970c0102zh5f.html	蒋志光.1987-拯救行动（EP）（2009环球复黑版）【宝丽金】【WAV+CU…
https://blog.sina.com.cn/s/blog_6943970c0102zh58.html	夏韶声.1983-烦恼丝·夜徘徊（2014新世纪复刻版）【金音符】【WAV+C…
https://blog.sina.com.cn/s/blog_6943970c0102zh56.html	周丽淇.2010-FLY（EP）【BMA】【WAV+CUE】
https://blog.sina.com.cn/s/blog_6943970c0102zh55.html	黄凯芹.1992-STAY.WITH.ME（2022蜚声环球系列）【环球】【WAV+CUE…
https://blog.sina.com.cn/s/blog_6943970c0102zh53.html	张韶涵.2014-ANGELAZHANG【美妙音乐】【WAV+CUE】
https://blog.sina.com.cn/s/blog_6943970c0102zh52.html	叶振棠.2020-百代DIVO叶振棠50周年5CD【环球】【FLAC分轨】
https://blog.sina.com.cn/s/blog_6943970c0102zh4u.html	万芳.2015-一半·万芳的小剧场（EP）【滚石】【WAV+CUE】
https://blog.sina.com.cn/s/blog_6943970c0102zh4t.html	孙耀威.2011-没有说再见【环球】【WAV+CUE】
https://blog.sina.com.cn/s/blog_6943970c0102zh4s.html	李蕙敏.1994-DEBUT【乐意唱片】【WAV+CUE】
https://blog.sina.com.cn/s/blog_6943970c0102zh4n.html	李圣杰.2014-FACE【综艺音乐】【FLAC分轨】
https://blog.sina.com.cn/s/blog_6943970c0102zh4k.html	翁虹.1996-爱太伤【金点】【WAV+CUE】
https://blog.sina.com.cn/s/blog_6943970c0102zh4i.html	群星.1993-大话西游精丫银星】【WAV+CUE】
https://blog.sina.com.cn/s/blog_6943970c0102zh4h.html	彭羚.2011.01-靓声经典（LPCDM2·HQCD）【华纳】【WAV+CUE】
https://blog.sina.com.cn/s/blog_6943970c0102zh4f.html	林佳仪.1998-没有你的我【宝丽金】【WAV+CUE】
https://blog.sina.com.cn/s/blog_6943970c0102zh4e.html	黄贝玲.1987-明天是否爱我【快乐唱片】【WAV+CUE】
https://blog.sina.com.cn/s/blog_6943970c0102zh4c.html	李克勤.2017-环球萃取K2HD升级精丫环球】【WAV+CUE】
https://blog.sina.com.cn/s/blog_6943970c0102zh4b.html	李克勤.2016-环球萃取K2HD升级精丫环球】【WAV+CUE】
https://blog.sina.com.cn/s/blog_6943970c0102zh49.html	李国祥.1992-摘星的晚上【嘉音】【WAV+CUE】
https://blog.sina.com.cn/s/blog_6943970c0102zh48.html	杨峻荣.1990-乡间小路·杨峻荣年轻的老歌【乡城】【WAV+CUE】
https://blog.sina.com.cn/s/blog_6943970c0102zh47.html	刘凤屏.1984-蝴蝶血（2014复黑限量版）【风行】【WAV+CUE】
https://blog.sina.com.cn/s/blog_6943970c0102zh44.html	黄宝欣.1991-新曲与精丫HOMERUN】【WAV+CUE】
https://blog.sina.com.cn/s/blog_6943970c0102zh43.html	林峰.2011-第一次（国）【英皇娱乐】【WAV+CUE】
https://blog.sina.com.cn/s/blog_6943970c0102zh40.html	群星.1981-青春的激荡（2001喜玛拉雅复刻版）【银河】【WAV+CUE】
https://blog.sina.com.cn/s/blog_6943970c0102zh3z.html	陈慧娴.2016-Super.Voice.Super.Hits（UPM24K金碟版）【环球】【WA…
https://blog.sina.com.cn/s/blog_6943970c0102zh3y.html	胡慧中.1993-回眸【歌林】【WAV+CUE】
https://blog.sina.com.cn/s/blog_6943970c0102zh3x.html	胡灵.2012-致，亲爱的女孩【新鲜音乐】【WAV+CUE】
https://blog.sina.com.cn/s/blog_6943970c0102zh3t.html	刘雅丽.1996-预感【EMI百代】【WAV+CUE】
https://blog.sina.com.cn/s/blog_6943970c0102zh3s.html	陈汝佳.2005-记。念。2CD【星彩文化】【WAV+CUE】
https://blog.sina.com.cn/s/blog_6943970c0102zh3r.html	李玖哲.2010-好玖【麻吉娱乐】【WAV+CUE】
https://blog.sina.com.cn/s/blog_6943970c0102zh3l.html	胡杏儿.2009-LOVEHOLIC【星娱乐】【WAV+CUE】
https://blog.sina.com.cn/s/blog_6943970c0102zh3k.html	蔡依林.2007-绝版公主·梦绮地精绚3CD【SONY】【WAV+CUE】
https://blog.sina.com.cn/s/blog_6943970c0102zh3j.html	邓健泓.2003-超合金CHOGOKIN新曲+精丫正东】【WAV+CUE】
https://blog.sina.com.cn/s/blog_6943970c0102zh3h.html	群星.2007-斗牛，要不要·电视原声带【华研】【FLAC分轨】
https://blog.sina.com.cn/s/blog_6943970c0102zh3f.html	叶德娴.1997-星照夜空精选2CD（永恒真存20系列）【永恒】【WAV+CUE…
https://blog.sina.com.cn/s/blog_6943970c0102zh37.html	宝丽金群星.1988-超白金影视新曲+精选（2005环球复黑版）【宝丽金…
https://blog.sina.com.cn/s/blog_6943970c0102zh36.html	李泉.2003-2046【BMG】【WAV+CUE】
https://blog.sina.com.cn/s/blog_6943970c0102zh35.html	林保怡.1992-流水飘（2005年复刻版）【SONYBMG】【WAV+CUE】
https://blog.sina.com.cn/s/blog_6943970c0102zh34.html	BOYZ.2011-Ready.To.Go新曲+精选2CD【英皇娱乐】【WAV+CUE】
https://blog.sina.com.cn/s/blog_6943970c0102zh32.html	姚匡玉.1995-是谁伤了谁的心【创音社】【WAV+CUE】
https://blog.sina.com.cn/s/blog_6943970c0102zh31.html	张伟文.1996-离别的叮咛精丫永恒】【WAV+CUE】
https://blog.sina.com.cn/s/blog_6943970c0102zh30.html	群星.2014-广东经典101Vol2-最爱恋曲6CD【环球】【WAV+CUE】
https://blog.sina.com.cn/s/blog_6943970c0102zh2z.html	群星.2009-广东经典101.VOL.1最爱恋曲6CD【环球】【WAV+CUE】
https://blog.sina.com.cn/s/blog_6943970c0102zh2y.html	容祖儿.2016-第一百个我（国语新曲+精选2CD）【英皇娱乐】【WAV+CU…
https://blog.sina.com.cn/s/blog_6943970c0102zh2r.html	冯允谦.2015-Odyssey（EP）【英皇娱乐】【FLAC分轨】
https://blog.sina.com.cn/s/blog_6943970c0102zh2q.html	邓妙华.1988-邓妙华金曲精丫东尼机构】【WAV+CUE】
https://blog.sina.com.cn/s/blog_6943970c0102zh2p.html	苏来.1983-让我与你相遇（2006喜玛拉雅复刻版）【拍谱】【WAV+CUE…
https://blog.sina.com.cn/s/blog_6943970c0102zh2o.html	倪安东.2010-第一课【华研】【WAV+CUE】
https://blog.sina.com.cn/s/blog_6943970c0102zh2m.html	林忆莲.2006-City.Rhythm.Take.Two(3single)（真空管混音版）【华…
https://blog.sina.com.cn/s/blog_6943970c0102zh2l.html	纵贯线.2010-南[下]专线【滚石】【WAV+CUE】
https://blog.sina.com.cn/s/blog_6943970c0102zh2k.html	纵贯线.2009-北[上]列车【滚石】【WAV+CUE】
https://blog.sina.com.cn/s/blog_6943970c0102zh2b.html	郑雪儿.2000-别装傻【SONY】【WAV+CUE】
https://blog.sina.com.cn/s/blog_6943970c0102zh2a.html	黄靖伦.2008-伦语录【华纳】【FLAC分轨】
https://blog.sina.com.cn/s/blog_6943970c0102zh29.html	郝蕾.2011-关于TA的伤心事【中唱】【WAV+CUE】
https://blog.sina.com.cn/s/blog_6943970c0102zh26.html	刘美君.1987-点解（2008复刻版）【SONYBMG】【WAV+CUE】
https://blog.sina.com.cn/s/blog_6943970c0102zh25.html	郭富城.1997-华纳超极品音色系列·精选17首2CD（天龙版）【华纳】【…
https://blog.sina.com.cn/s/blog_6943970c0102zh24.html	周兴哲.2014-学着爱【SONY】【WAV+CUE】
https://blog.sina.com.cn/s/blog_6943970c0102zh22.html	吴国敬.2002-星声传集【EMI百代】【WAV+CUE】
https://blog.sina.com.cn/s/blog_6943970c0102zh20.html	郑敬基.1987-偶像占士甸（2006新世纪复刻版）【TheForwardThinker…
https://blog.sina.com.cn/s/blog_6943970c0102zh1z.html	陈少伟.1990－容许我【CBS新力】【WAV+CUE】
https://blog.sina.com.cn/s/blog_6943970c0102zh1w.html	蔡枫华.1988-叛逆+精丫SONY】【WAV+CUE】
https://blog.sina.com.cn/s/blog_6943970c0102zh1s.html	滚石群星.2003-滚石唱作人小虫作品集【滚石】【WAV+CUE】
https://blog.sina.com.cn/s/blog_6943970c0102zh1r.html	郑融.2008-23【星娱乐】【WAV+CUE】
https://blog.sina.com.cn/s/blog_6943970c0102zh1q.html	张震岳.1993-就是喜欢你（1998魔岩版）【魔岩】【WAV+CUE】
https://blog.sina.com.cn/s/blog_6943970c0102zh1p.html	李翊君.2000-流金十载·李翊君全纪录（引进版）【上华】【WAV+CUE】…
https://blog.sina.com.cn/s/blog_6943970c0102zh1n.html	名洋.1990-精曲经典16首【天下】【WAV+CUE】
https://blog.sina.com.cn/s/blog_6943970c0102zh19.html	群星.1996-天若有情烽火佳人电影原声【EMI百代】【WAV+CUE】
https://blog.sina.com.cn/s/blog_6943970c0102zh18.html	卓依婷.1997-猜心2CD【WAV+CUE】
https://blog.sina.com.cn/s/blog_6943970c0102zh16.html	于湉.2016-公子簿天娱传媒】【WAV+CUE】
https://blog.sina.com.cn/s/blog_6943970c0102zh14.html	凤飞飞.2012-生命中的旋律（1953-2012）5CD【华纳】【WAV+CUE】
https://blog.sina.com.cn/s/blog_6943970c0102zh13.html	群星.2001-摇滚中国乐势力·十年精选2CD【魔岩】【WAV+CUE】
https://blog.sina.com.cn/s/blog_6943970c0102zh12.html	黄美珍.2012-途中【环球】【FLAC分轨】
https://blog.sina.com.cn/s/blog_6943970c0102zh0v.html	群星.2015-MY.AUGUST.9TH：50.WONDERFUL.YEARS【华纳】【WAV+CUE】
https://blog.sina.com.cn/s/blog_6943970c0102zh0t.html	王大文.2013-你好【环球】【WAV+CUE】
https://blog.sina.com.cn/s/blog_6943970c0102zh0s.html	孙自佑.2011-听我的72变（孙自佑音乐会LIVE）【华研】【FLAC分轨】
https://blog.sina.com.cn/s/blog_6943970c0102zh0r.html	吴倩莲.1995-内心戏·爱上一个人（国专）【EMI百代】【WAV+CUE】
https://blog.sina.com.cn/s/blog_6943970c0102zh0q.html	群星.1981-中文金曲龙虎榜（LP版）【宝丽金】【WAV+CUE】
https://blog.sina.com.cn/s/blog_6943970c0102zh0m.html	谢雨欣.1998-步步高【英事达】【FLAC+CUE】
https://blog.sina.com.cn/s/blog_6943970c0102zh0f.html	综一群星.1988-辉煌的日子【综一唱片】【WAV+CUE】
https://blog.sina.com.cn/s/blog_6943970c0102zh0c.html	陈晓东.2008-Best.Hits.In.Danieland精选2CD【环球】【WAV+CUE】
https://blog.sina.com.cn/s/blog_6943970c0102zh0b.html	Tension.2003-Gotta.Be.You.Man做你的男人【EMI百代】【FLAC分轨】
https://blog.sina.com.cn/s/blog_6943970c0102zh04.html	巧克力与牛奶.1992-雨中再拥有【健怡】【WAV+CUE】
https://blog.sina.com.cn/s/blog_6943970c0102zh03.html	满文军.1999-望乡【正大国际】【WAV+CUE】
https://blog.sina.com.cn/s/blog_6943970c0102zh01.html	黄雅珉.1992-亲爱的·爱你的心已难收【宝丽金】【WAV+CUE】
https://blog.sina.com.cn/s/blog_6943970c0102zh00.html	侯磊.2014-侯磊首张专辑【美妙音乐】【WAV+CUE】
https://blog.sina.com.cn/s/blog_6943970c0102zgzy.html	群星.1987-点唱盘【大联机构】【WAV+CUE】
https://blog.sina.com.cn/s/blog_6943970c0102zgzx.html	关智斌.2016-角色（新曲+精选）2CD【英皇娱乐】【WAV+CUE】
https://blog.sina.com.cn/s/blog_6943970c0102zgzn.html	朱茵.2003-迷恋【LARK】【WAV+CUE】
https://blog.sina.com.cn/s/blog_6943970c0102zgzj.html	房祖名.2004-Jaycee·2CD【太合麦田】【WAV+CUE】
https://blog.sina.com.cn/s/blog_6943970c0102zgzi.html	曹轩宾.2013-参宿七【海蝶】【FLAC分轨】
https://blog.sina.com.cn/s/blog_6943970c0102zgzh.html	罗时丰.2000-国语精选（2015环球复刻版）【环球】【FLAC分轨】
https://blog.sina.com.cn/s/blog_6943970c0102zgzg.html	林姗姗.1990-她与他（2021环球复黑版）【华纳】【WAV+CUE】
https://blog.sina.com.cn/s/blog_6943970c0102zgzf.html	群星.1990-永恒金曲4CD【永恒】【FLAC分轨】
https://blog.sina.com.cn/s/blog_6943970c0102zgze.html	季中平.1997-孤叶【上华】【WAV+CUE】
https://blog.sina.com.cn/s/blog_6943970c0102zgzd.html	杨钰莹.2000-故事【世纪星辰】【WAV+CUE】
https://blog.sina.com.cn/s/blog_6943970c0102zgz5.html	古巨基.2016-让时间说爱（国语EP）【英皇娱乐】【WAV+CUE】
https://blog.sina.com.cn/s/blog_6943970c0102zgz4.html	男人帮.2015-男人帮【华纳】【FLAC分轨】
https://blog.sina.com.cn/s/blog_6943970c0102zgz0.html	柯有伦.2007-美味关系（EP）【SONY】【WAV+CUE】
https://blog.sina.com.cn/s/blog_6943970c0102zgyy.html	郭嘉欣.1996-找回你的心【飞碟】【WAV+CUE】
https://blog.sina.com.cn/s/blog_6943970c0102zgyr.html	李龙基.1997-人生曲【EMI百代】【WAV+CUE】
https://blog.sina.com.cn/s/blog_6943970c0102zgyq.html	秦海璐.2005-幸福回味【SONYBMG】【FLAC+CUE】
https://blog.sina.com.cn/s/blog_6943970c0102zgyo.html	褚乔.2013-New.Day【星外星】【WAV+CUE】
https://blog.sina.com.cn/s/blog_6943970c0102zgyn.html	3T.2002-少女碟【英皇娱乐】【WAV+CUE】
https://blog.sina.com.cn/s/blog_6943970c0102zgyk.html	莫少聪.1992-半个情人【可登】【WAV+CUE】
https://blog.sina.com.cn/s/blog_6943970c0102zgyj.html	吴倩莲.1996-三个星期新歌+精丫EMI百代】【WAV+CUE】
https://blog.sina.com.cn/s/blog_6943970c0102zgyc.html	霍正奇杨大为.1989-情敌（2018梦田复黑版）【飞鹰】【WAV+CUE】
https://blog.sina.com.cn/s/blog_6943970c0102zgy9.html	魏如萱.2008-泡泡（EP）【亚神音乐】【FLAC分轨】
https://blog.sina.com.cn/s/blog_6943970c0102zgy6.html	群星.2006-我唱我爱的歌2CD（翻唱专辑）【华纳】【WAV+CUE】
https://blog.sina.com.cn/s/blog_6943970c0102zgy5.html	高林生.1994-我的心不会改变【白天鹅】【WAV+CUE】
https://blog.sina.com.cn/s/blog_6943970c0102zgxp.html	陈文嫒.2002-Bounce【EMI】【WAV+CUE】
https://blog.sina.com.cn/s/blog_6943970c0102zgxo.html	蔡琴.1999-精选蔡琴NEW.XRCD.2CD【华纳】【WAV+CUE】
https://blog.sina.com.cn/s/blog_6943970c0102zgxn.html	包娜娜.1977-相思河畔（2016梦田复刻版）【凯联机构】【WAV+CUE】
https://blog.sina.com.cn/s/blog_6943970c0102zgxm.html	周渝民.2006-记得我爱你【SONY】【WAV+CUE】
https://blog.sina.com.cn/s/blog_6943970c0102zgxl.html	温碧霞.1991-IRENE【Homerun】【WAV+CUE】
https://blog.sina.com.cn/s/blog_6943970c0102zgxk.html	潘丽莉.1990-花戒指（大地之爱3新格世界民谣精华）【新格】【WAV+C…
https://blog.sina.com.cn/s/blog_6943970c0102zgxj.html	群星.2002-EMI星光大道6-10【EMI百代】【WAV+CUE】
https://blog.sina.com.cn/s/blog_6943970c0102zgxi.html	群星.2002-EMI星光大道1-5【EMI百代】【WAV+CUE】
https://blog.sina.com.cn/s/blog_6943970c0102zgms.html	文佩玲.1989-文佩玲（2014年环球复黑王）【EMI百代】【WAV+CUE】
https://blog.sina.com.cn/s/blog_6943970c0102zgmq.html	田希仁.1993-谈星事忘了我很容易吗？【瑞星】【WAV+CUE】
https://blog.sina.com.cn/s/blog_6943970c0102zgme.html	邓丽欣.2009-MUSIC.CAFE（精选2CD）【金牌大风】【WAV+CUE】
https://blog.sina.com.cn/s/blog_6943970c0102zgmd.html	金城武.1994-可依靠的好朋友【新艺宝】【WAV+CUE】
https://blog.sina.com.cn/s/blog_6943970c0102zgm9.html	刘璇.2011-美丽的样子【星娱乐】【WAV+CUE】
https://blog.sina.com.cn/s/blog_6943970c0102zglv.html	邓丽君.1980-势不两立（2001年环球XRCD限量版）【环球】【WAV+CUE…
https://blog.sina.com.cn/s/blog_6943970c0102zgkx.html	费玉清.1994-晚安曲【飞碟】【WAV+CUE】
https://blog.sina.com.cn/s/blog_6943970c0102zgkq.html	谭又铭.1991-终于找到LOVE【JVC】【WAV+CUE】
https://blog.sina.com.cn/s/blog_6943970c0102zgko.html	徐小凤.1985-1991-从头认识徐小凤9CD（宝记时期经典）【宝丽金】【…
https://blog.sina.com.cn/s/blog_6943970c0102zgkn.html	朴树.2017-猎户星座【WAV+CUE】
https://blog.sina.com.cn/s/blog_6943970c0102zgkk.html	吴岱融.1992-缘回【EGO异果】【WAV+CUE】
https://blog.sina.com.cn/s/blog_6943970c0102zgk6.html	黄雅莉.2010-前任女友【福茂】【WAV+CUE】
https://blog.sina.com.cn/s/blog_6943970c0102zgk5.html	黄翊.2017-环球经典礼赞3in1【环球】【WAV+CUE】
https://blog.sina.com.cn/s/blog_6943970c0102zgjs.html	余文乐.2003-一直等待（新歌+精选）【环球】【WAV+CUE】
https://blog.sina.com.cn/s/blog_6943970c0102zgjp.html	海俊杰.1994-微风中的海【华星】【WAV+CUE】
https://blog.sina.com.cn/s/blog_6943970c0102zgjo.html	吴婉芳.1991-没有想到会梦见你（国）【宝艺星】【WAV+CUE】
https://blog.sina.com.cn/s/blog_6943970c0102zgjd.html	车婉婉.1999-Individual（EP）【环球】【FLAC分轨】
https://blog.sina.com.cn/s/blog_6943970c0102zgjc.html	林立洋.1994-爱自由【贺得唱片】【WAV+CUE】
https://blog.sina.com.cn/s/blog_6943970c0102zgj9.html	忧忧（蔡雨伦）.1992-用最傻的方式爱你【飞碟】【WAV+CUE】
https://blog.sina.com.cn/s/blog_6943970c0102zgj7.html	王晰.2021-B面图景【乐华圆娱】【FLAC分轨】
https://blog.sina.com.cn/s/blog_6943970c0102zgj5.html	杨耀东.2002-经典金曲珍藏版2CD【东尼机构】【WAV+CUE】
https://blog.sina.com.cn/s/blog_6943970c0102zgiz.html	林萍.1995-为我们的今天喝彩【中唱】【WAV+CUE】
https://blog.sina.com.cn/s/blog_6943970c0102zgii.html	潘劲东.1995-天上的玫瑰（TP版）【大地】【WAV+CUE】
https://blog.sina.com.cn/s/blog_6943970c0102zgib.html	张敬轩.2002-My.Way【几何文化】【WAV+CUE】
https://blog.sina.com.cn/s/blog_6943970c0102zgi9.html	潘美辰.1991-不懂爱的人【蓝与白】【WAV+CUE】
https://blog.sina.com.cn/s/blog_6943970c0102zghw.html	罗嘉良.2000-十优一良【英皇娱乐】【WAV+CUE】
https://blog.sina.com.cn/s/blog_6943970c0102zghv.html	陈洁灵.1993-ONCE.UPON.A.TIME【华纳】【WAV+CUE】
https://blog.sina.com.cn/s/blog_6943970c0102zgho.html	迪玛希Dimash.2019-iD【黑金音乐】【FLAC分轨】
https://blog.sina.com.cn/s/blog_6943970c0102zgha.html	信.2012-我记得【艾回】【WAV+CUE】
https://blog.sina.com.cn/s/blog_6943970c0102zgh2.html	张艺兴.2021-东（EP）【FLAC分轨】
https://blog.sina.com.cn/s/blog_6943970c0102zgh0.html	JC陈泳彤.2019-Album.1【Amusic】【WAV+CUE】
https://blog.sina.com.cn/s/blog_6943970c0102zggj.html	魏如萱.2016-末路狂花【SONY】【WAV+CUE】
https://blog.sina.com.cn/s/blog_6943970c0102zggf.html	容祖儿.2021-薛丁格的猫【英皇娱乐】【FLAC分轨】
https://blog.sina.com.cn/s/blog_6943970c0102zgge.html	耿斯汉.2021-躯壳人生【华研国际】【FLAC分轨】
https://blog.sina.com.cn/s/blog_6943970c0102zgg0.html	张杰.2012-OneChance新歌+精选.2CD【天娱传媒】【WAV+CUE】
https://blog.sina.com.cn/s/blog_6943970c0102zgfr.html	林立洋.1992-负心【飞碟】【WAV+CUE】
https://blog.sina.com.cn/s/blog_6943970c0102zgfm.html	林子祥.1985-亚LAM拉20【华纳】【WAV+CUE】
https://blog.sina.com.cn/s/blog_6943970c0102zgf1.html	郑欣宜.2011-有故事的人【星焕国际】【WAV+CUE】
https://blog.sina.com.cn/s/blog_6943970c0102zgez.html	周传雄.2012-打扰爱情【种子音乐】【WAV+CUE】
https://blog.sina.com.cn/s/blog_6943970c0102zgew.html	黄宝欣.1989-仍是衷心祝福你（2006年新世纪复刻版）【新世纪】【WA…
https://blog.sina.com.cn/s/blog_6943970c0102zgej.html	谭咏麟.2017-环球经典礼赞.3in1【环球】【WAV+CUE】
https://blog.sina.com.cn/s/blog_6943970c0102zgee.html	吴思贤.2014-最好的【美妙音乐】【FLAC分轨】
https://blog.sina.com.cn/s/blog_6943970c0102zgdq.html	林立洋.1991-当我懂得【飞碟】【WAV+CUE】
https://blog.sina.com.cn/s/blog_6943970c0102zgct.html	冯博娟.1994-爱得太天真【飞图】【WAV+CUE】
https://blog.sina.com.cn/s/blog_6943970c0102zgcs.html	叶丽仪.2020-叶丽仪50周年6CD【环球】【WAV+CUE】
https://blog.sina.com.cn/s/blog_6943970c0102zgch.html	陈洁灵.1985-再见SAYONARA【华星】【WAV+CUE】
https://blog.sina.com.cn/s/blog_6943970c0102zgcg.html	杨丽珍.2000-珍爱金曲24KGOLD【瑞华】【WAV+CUE】
https://blog.sina.com.cn/s/blog_6943970c0102zgc5.html	梁文音.2008-爱的诗篇【环球】【WAV+CUE】
https://blog.sina.com.cn/s/blog_6943970c0102zgay.html	关心妍.2012-Pause【星娱乐】【WAV+CUE】
https://blog.sina.com.cn/s/blog_6943970c0102zgas.html	钟嘉欣.2018-一人晚餐二人世界Reloaded【星娱乐】【WAV+CUE】
https://blog.sina.com.cn/s/blog_6943970c0102zgam.html	周美茵.1990-没有忘掉的面容【EPIC】【WAV+CUE】
https://blog.sina.com.cn/s/blog_6943970c0102zgaj.html	姜昕.2020-岁月如歌【星外星】【FLAC分轨】
https://blog.sina.com.cn/s/blog_6943970c0102zga5.html	张艺兴.2021-Producer【个人工作室】【FLAC+CUE】
https://blog.sina.com.cn/s/blog_6943970c0102zga3.html	黄圣依.2013-Facing.Love【宇乐乐文化】【WAV+CUE】
https://blog.sina.com.cn/s/blog_6943970c0102zg9y.html	吕珊.1991-3650夜【现代唱片】【WAV+CUE】
https://blog.sina.com.cn/s/blog_6943970c0102zg9f.html	萧正楠.2002-EDWIN【大国文化】【WAV+CUE】
https://blog.sina.com.cn/s/blog_6943970c0102zg9c.html	林忆莲.2015-Sandy.Lam.Greatest.Hits.New.XRCD+SHMCD【华纳】【WA…
https://blog.sina.com.cn/s/blog_6943970c0102zg8s.html	杨芸晴.2021-秘ME【环球】【FLAC分轨】
https://blog.sina.com.cn/s/blog_6943970c0102zg8l.html	5566.2002-FIRSTALBUM【艾回】【WAV+CUE】
https://blog.sina.com.cn/s/blog_6943970c0102zg8c.html	DRY.1997-ONE【正东】【WAV+CUE】
https://blog.sina.com.cn/s/blog_6943970c0102zg8b.html	陈晓娟.1995-出走【EMI百代】【WAV+CUE】
https://blog.sina.com.cn/s/blog_6943970c0102zg8a.html	陈筱娟.1991-是你决定我的伤心【福茂】【WAV+CUE】
https://blog.sina.com.cn/s/blog_6943970c0102zg89.html	林欣彤.2015-我们都是这样长大的（EP）【英皇娱乐】【FLAC分轨】
https://blog.sina.com.cn/s/blog_6943970c0102zg87.html	杨千嬅.2018-One.On.One新歌+精选2CD【寰亚】【WAV+CUE】
https://blog.sina.com.cn/s/blog_6943970c0102zg7y.html	刘锡明.1997-一炮而红精选辑【现代派】【WAV+CUE】
https://blog.sina.com.cn/s/blog_6943970c0102zg7w.html	杨昕曦.1992-你在我梦里的样子【点将】【WAV+CUE】
https://blog.sina.com.cn/s/blog_6943970c0102zg7v.html	杨昕曦.1991-别在上课偷看我的心【点将】【WAV+CUE】
https://blog.sina.com.cn/s/blog_6943970c0102zg78.html	邓丽君.2001-小城经典2CD【环球】【WAV整轨】
https://blog.sina.com.cn/s/blog_6943970c0102zg76.html	陈洁灵.1984-倾出我心事（2012年华星40金碟限量版）【华星】【WAV+…
https://blog.sina.com.cn/s/blog_6943970c0102zg73.html	鱼丁糸.2021-池堂怪谈【鱼丁糸】【WAV+CUE】
https://blog.sina.com.cn/s/blog_6943970c0102zg6r.html	孟慧圆.2021-能不能别问了【心喜文化】【WAV+CUE】
https://blog.sina.com.cn/s/blog_6943970c0102zg6p.html	林珊珊杜丽莎.1999-华纳我爱经典系列2CD【华纳】【WAV+CUE】
https://blog.sina.com.cn/s/blog_6943970c0102zg6o.html	孙耀威.1993-认识你真好【金点】【WAV+CUE】
https://blog.sina.com.cn/s/blog_6943970c0102zg6l.html	薰妮.1984-淡·小巷头（2000年永恒真存版）【永恒】【WAV+CUE】
https://blog.sina.com.cn/s/blog_6943970c0102zg6k.html	关淑怡.1995-世途上.新曲+精选（2013年K2HD限量版）【环球】【WAV+…
https://blog.sina.com.cn/s/blog_6943970c0102zg6a.html	黄凯芹.2016-环球萃取K2HD升级精选3CD【环球】【WAV+CUE】
https://blog.sina.com.cn/s/blog_6943970c0102zg68.html	连诗雅.2014-Once.Said（EP）【华纳】【WAV+CUE】
https://blog.sina.com.cn/s/blog_6943970c0102zg60.html	刘宇宁.2020-十【智慧大狗】【FLAC+CUE】
https://blog.sina.com.cn/s/blog_6943970c0102zg5y.html	张含韵.2005-我很张含韵【天中文化】【WAV+CUE】
https://blog.sina.com.cn/s/blog_6943970c0102zg5p.html	袁惟仁.2000-原來都是90年代創作精華【福茂】【WAV+CUE】
https://blog.sina.com.cn/s/blog_6943970c0102zg5k.html	叶良俊.1994-最真【SONY】【WAV+CUE】
https://blog.sina.com.cn/s/blog_6943970c0102zg5j.html	陈洁灵.2011-A.GLIMPSE.OF.THOUGHTS随想（AMCD限量版）【新世纪】…
https://blog.sina.com.cn/s/blog_6943970c0102zg5i.html	陈洁灵.2006-A.GLIMPSE.OF.THOUGHTS.随想2CD【新世纪】【WAV+CUE】
https://blog.sina.com.cn/s/blog_6943970c0102zg5d.html	尚雯婕.2012-ODE.TO.THEDOOM最后的赞歌2CD【华谊兄弟】【WAV+CUE】
https://blog.sina.com.cn/s/blog_6943970c0102zg59.html	陈百强.1987-痴心眼内藏（2012年华纳LPCD45II雨果限量版)【DMI】【…
https://blog.sina.com.cn/s/blog_6943970c0102zg4l.html	卢冠廷.1990-愿【EMI百代】【WAV+CUE】
https://blog.sina.com.cn/s/blog_6943970c0102zg4g.html	邓丽君.1985-我只在乎你（2015年蜚声环球系列）【环球】【WAV+CUE…
https://blog.sina.com.cn/s/blog_6943970c0102zg47.html	何嘉丽.1991-更能消几番风雨【EMI百代】【WAV+CUE】
https://blog.sina.com.cn/s/blog_6943970c0102zg3v.html	孙燕姿.2002-Start自选集(翻唱辑)【华纳】【WAV+CUE】
https://blog.sina.com.cn/s/blog_6943970c0102zg3l.html	胡夏.2018-念·旧【星火映画】【FLAC分轨】
https://blog.sina.com.cn/s/blog_6943970c0102zg3h.html	齐秦.1995-痛并快乐着【东方】【WAV+CUE】
https://blog.sina.com.cn/s/blog_6943970c0102zg3g.html	林子祥.1987.千亿个夜晚（2002年DSD复黑版）【华纳】【WAV+CUE】
https://blog.sina.com.cn/s/blog_6943970c0102zg2y.html	姚安娜.2021-信望ART（EP）【天浩盛世】【FLAC分轨】
https://blog.sina.com.cn/s/blog_6943970c0102zg2r.html	谭咏麟.1985-暴风女神LORELEI【宝丽金】【WAV整轨】
https://blog.sina.com.cn/s/blog_6943970c0102zg2a.html	关智斌.2021-前面是新的岁月记得走下去【英皇娱乐】【FLACCUE】
https://blog.sina.com.cn/s/blog_6943970c0102zg2b.html	戴荃.2019-过客归人（EP）【海蝶】【WAVCUE】
https://blog.sina.com.cn/s/blog_6943970c0102zg28.html	罗时丰.2017-是不是老了【海蝶】【WAVCUE】
https://blog.sina.com.cn/s/blog_6943970c0102zg27.html	何欣穗.2013-SheMe【风和日丽】【WAVCUE】
https://blog.sina.com.cn/s/blog_6943970c0102zg1y.html	叶倩文.1989-面对面.(2013年LPCD45限量版)【华纳】【WAVCUE】
https://blog.sina.com.cn/s/blog_6943970c0102zg1w.html	周渝民-2007-我不是F4【新力博德曼】【WAVCUE】
https://blog.sina.com.cn/s/blog_6943970c0102zg1s.html	陈浩民.2001-A.Day.With.Benny【环球】【FLAC+CUE】
https://blog.sina.com.cn/s/blog_6943970c0102zg1m.html	光良.2020-绝类【星娱音乐】【WAV+CUE】
https://blog.sina.com.cn/s/blog_6943970c0102zg1l.html	蔡健雅.2021-DEPART【环球】【FLAC分轨】（24BIT）
https://blog.sina.com.cn/s/blog_6943970c0102zg1f.html	华星群星-华星金曲精装集88+89.2辑【华星】【WAV+CUE】
https://blog.sina.com.cn/s/blog_6943970c0102zg19.html	林子祥.1985-85创作精选（2002年华纳DSD复刻版）【华纳】【WAV+CUE…
https://blog.sina.com.cn/s/blog_6943970c0102zg18.html	梅艳芳.2020-极品珍藏2CD（ARM.24K金碟限量版）【华星】【WAV+CUE…
https://blog.sina.com.cn/s/blog_6943970c0102zg11.html	刘美麟.2020-美麟制造【少城时代】【FLAC+CUE】
https://blog.sina.com.cn/s/blog_6943970c0102zg0y.html	王源.2021-夏野了【时代峰峻】【WAV分轨】
https://blog.sina.com.cn/s/blog_6943970c0102zg0o.html	陈逸璇.2021-Tasting【环球】【FLAC分轨】
https://blog.sina.com.cn/s/blog_6943970c0102zg0m.html	李丽珊.2021-Popcorn.Memories【新世纪】【WAV+CUE】
https://blog.sina.com.cn/s/blog_6943970c0102zg0k.html	姜昕.2004-纯粹【摩登天空】【WAV+CUE】
https://blog.sina.com.cn/s/blog_6943970c0102zg06.html	蔡枫华.1983-蔡枫华（2006年经典复黑版）【SONY】【WAV+CUE】
https://blog.sina.com.cn/s/blog_6943970c0102zg05.html	龚琳娜.2015-唐宋·东西【中唱】【FLAC分轨】
https://blog.sina.com.cn/s/blog_6943970c0102zg03.html	张智霖.2014-Crazy.Hours疯狂有时【星娱乐】【WAV+CUE】
https://blog.sina.com.cn/s/blog_6943970c0102zfzq.html	阿云嘎.2020-不朽的The.Art【AYG剧团】【FLAC分轨】
https://blog.sina.com.cn/s/blog_6943970c0102zfzd.html	林忆莲.1987-忆莲(2011年K2HD限量版)【SONY】【WAV+CUE】
https://blog.sina.com.cn/s/blog_6943970c0102zfz0.html	刘锡明.1991-你怎么舍得我难过【华纳】【WAV+CUE】
https://blog.sina.com.cn/s/blog_6943970c0102zfyw.html	陈粒.2021-悠长假期【有此山文化】【FLAC分轨】
https://blog.sina.com.cn/s/blog_6943970c0102zfy9.html	黄宵云.2020-Neverland【梦响强音】【FLAC分轨】
https://blog.sina.com.cn/s/blog_6943970c0102zfy4.html	马浚伟.2002-新曲+好精丫正东】【WAV+CUE】
https://blog.sina.com.cn/s/blog_6943970c0102zfy3.html	马浚伟.2003-我的主题曲【建星唱片】【WAV+CUE】
https://blog.sina.com.cn/s/blog_6943970c0102zfxz.html	郑少秋.1983-夹心人.火烧圆明园（2020年娱乐唱片60周年金碟版）【…
https://blog.sina.com.cn/s/blog_6943970c0102zfxq.html	欧阳娜娜.2021-NANA.III（EP）【孟驮文化】【FLAC分轨】
https://blog.sina.com.cn/s/blog_6943970c0102zfxl.html	梅艳芳.2021-极品珍藏II（ARM24K金碟限量版）【华星】【WAV+CUE】
https://blog.sina.com.cn/s/blog_6943970c0102zfxf.html	蔡诗芸.2021-SKY(Explicit)【FLAC分轨】
https://blog.sina.com.cn/s/blog_6943970c0102zfwz.html	郑秀文.1995-是时候新旧对照18首【华星】【WAV+CUE】
https://blog.sina.com.cn/s/blog_6943970c0102zfwx.html	张栋梁.2009-沉默的瞬间【华纳】【WAV+CUE】
https://blog.sina.com.cn/s/blog_6943970c0102zfwo.html	马浚伟.2001-给我3‘07‘’【建星唱片】【WAV+CUE】
https://blog.sina.com.cn/s/blog_6943970c0102zfwf.html	于文文.2018-尚未界定【WAV+CUE】
https://blog.sina.com.cn/s/blog_6943970c0102zfwd.html	于文文.2014-斗志【SONY】【FLAC分轨】
https://blog.sina.com.cn/s/blog_6943970c0102zfw6.html	周汤豪.2012-S.N.G【金牌大风】【FLAC+CUE】
https://blog.sina.com.cn/s/blog_6943970c0102zfw5.html	张磊.2016-张磊的【梦响当然】【WAV+CUE】
https://blog.sina.com.cn/s/blog_6943970c0102zfvx.html	梁洛施.2006-雪，再见【英皇娱乐】【WAV+CUE】
https://blog.sina.com.cn/s/blog_6943970c0102zfvq.html	李代沫.2020-不完整的故事【梦想当然】【FLAC分轨】
https://blog.sina.com.cn/s/blog_6943970c0102zfvf.html	曾轶可.2020-情绪禁区【摩登天空】【FLAC分轨】
https://blog.sina.com.cn/s/blog_6943970c0102zfv0.html	刘晓庆.1983-慈禧（1988年CD版）【H唱片】【WAV+CUE】
https://blog.sina.com.cn/s/blog_6943970c0102zfus.html	连诗雅.2012-MovinOn（EP）【华纳】【FLAC分轨】
https://blog.sina.com.cn/s/blog_6943970c0102zfun.html	郭采洁.2021-Vol.13-1986数羊【StreeVoice】【FLAC分轨】
https://blog.sina.com.cn/s/blog_6943970c0102zftx.html	邓丽君.2002-襟听2CD【环球】【WAV+CUE】
https://blog.sina.com.cn/s/blog_6943970c0102zftp.html	苏妙玲.2014-漫步，失物招领处【天娱传媒】【FLAC分轨】
https://blog.sina.com.cn/s/blog_6943970c0102zfto.html	张菲.2005-Romance【华纳】【WAV+CUE】
https://blog.sina.com.cn/s/blog_6943970c0102zftf.html	李霄云.2021-浪漫簿FLAC分轨】
https://blog.sina.com.cn/s/blog_6943970c0102zftb.html	罗文.2003-罗文的光辉舞台ConcertLive【华星】【WAV+CUE】
https://blog.sina.com.cn/s/blog_6943970c0102zft6.html	林小宝.2019-细水长流HQII【乐意唱片】【WAV+CUE】
https://blog.sina.com.cn/s/blog_6943970c0102zft5.html	华星群星.1986-华星新秀新节奏（2013年华星40金碟版）【华星】【WA…
https://blog.sina.com.cn/s/blog_6943970c0102zft3.html	梁洛施.2005-I.Am.Isabella【英皇娱乐】【WAV+CUE】
https://blog.sina.com.cn/s/blog_6943970c0102zfsq.html	蓝心湄.1993-一见钟情【宝丽金】【WAV+CUE】
https://blog.sina.com.cn/s/blog_6943970c0102zfsc.html	黄翠珊.2001-BestSelection16【WAV+CUE】
https://blog.sina.com.cn/s/blog_6943970c0102zfrm.html	林心如.2001-双面林心如·投怀送抱【BMG】【WAV+CUE】
https://blog.sina.com.cn/s/blog_6943970c0102zfrl.html	林心如.1999-心跳EP【稻草人】【FLAC分轨】
https://blog.sina.com.cn/s/blog_6943970c0102zfrk.html	胡鸿钧.2015-明知故犯【星梦娱乐】【FLAC分轨】
https://blog.sina.com.cn/s/blog_6943970c0102zfrj.html	BEYOND.1993-遥望·黄家驹·不死音乐精神特别纪念集92-93（2019年K2H…
https://blog.sina.com.cn/s/blog_6943970c0102zfre.html	黄子华.2000-我有小小强【华纳】【WAV+CUE】
https://blog.sina.com.cn/s/blog_6943970c0102zfr6.html	卓文萱.2007-幸福氧气【滚石】【WAV+CUE】
https://blog.sina.com.cn/s/blog_6943970c0102zfqy.html	尚雯婕.2020-咏（EP）【黑金音乐】【FLAC分轨】
https://blog.sina.com.cn/s/blog_6943970c0102zfqt.html	梁珈瑜（如梦）.2018-岁月留霑.灰飞不灭【TIS】【WAV+CUE】
https://blog.sina.com.cn/s/blog_6943970c0102zfqh.html	吴业坤.2019-小句号新曲+精丫星娱乐】【WAV+CUE】
https://blog.sina.com.cn/s/blog_6943970c0102zfq9.html	李健.2021-无时无刻【完美坚持】【FLAC分轨】
https://blog.sina.com.cn/s/blog_6943970c0102zfpw.html	何润东.1999-没有我你怎么办【环球】【FLAC分轨】
https://blog.sina.com.cn/s/blog_6943970c0102zfpt.html	余天.2001-旷世巨星余天3CD【丽歌】【WAV+CUE】
https://blog.sina.com.cn/s/blog_6943970c0102zfpq.html	周俊伟.1998-我爱你【BMG】【WAV+CUE】
https://blog.sina.com.cn/s/blog_6943970c0102zfpi.html	谭咏麟.2021-环球经典礼赞3CD【环球】【WAV+CUE】
https://blog.sina.com.cn/s/blog_6943970c0102zfph.html	张国荣.2021-环球经典礼赞3CD【环球】【WAV+CUE】.
https://blog.sina.com.cn/s/blog_6943970c0102zfpb.html	罗中旭.2021-影子（EP）【种子音乐】【FLAC分轨】
https://blog.sina.com.cn/s/blog_6943970c0102zfot.html	邓丽君.1986-時の流れに身をまかせ（2011年环球再生版）【环球】【…
https://blog.sina.com.cn/s/blog_6943970c0102zfog.html	钟镇涛.2018-钟镇涛45周年全纪录5CD【环球】【WAV+CUE】
https://blog.sina.com.cn/s/blog_6943970c0102zfod.html	刘柏辛.2021-上线了.Gone.Gold【泥鞋文化】【FLAC+CUE】
https://blog.sina.com.cn/s/blog_6943970c0102zfo9.html	梁洛施.2004-Isabella【英皇娱乐】【WAV+CUE】
https://blog.sina.com.cn/s/blog_6943970c0102zfo0.html	刘心.2011-隔壁家的孩子【天娱传媒】【WAV+CUE】
https://blog.sina.com.cn/s/blog_6943970c0102zfny.html	吴雨霏.2018-Best.Of.Kary新曲+精丫新艺宝】【FLAC分轨】
https://blog.sina.com.cn/s/blog_6943970c0102zfnn.html	华纳群星.2006-After10黄伟文十年选2CD【华纳】【WAV+CUE】
https://blog.sina.com.cn/s/blog_6943970c0102zfnk.html	翁倩玉.1997-翁倩玉精选特辑【SONY】【WAV+CUE】
https://blog.sina.com.cn/s/blog_6943970c0102zfnj.html	吴若希.2010-恋爱日记【星焕国际】【WAV+CUE】
https://blog.sina.com.cn/s/blog_6943970c0102zfni.html	周俊伟.1999-抢救爱情【BMG】【WAV+CUE】
https://blog.sina.com.cn/s/blog_6943970c0102zfmw.html	周华健.1997-滚石珍藏版（2021年24K金碟系列）【滚石】【WAV+CUE】
https://blog.sina.com.cn/s/blog_6943970c0102zfmv.html	潘美辰.1990-你就是我唯一的爱（2013年新世纪K2HD限量版）【新世纪…
https://blog.sina.com.cn/s/blog_6943970c0102zfmp.html	孟庭苇.1996-月亮说话精选辑（2020年环球24KGOLD限量版）【上华】…
https://blog.sina.com.cn/s/blog_6943970c0102zfmi.html	R1SE.2021-我们，破晓星辰（告别EP）【FLAC分轨】
https://blog.sina.com.cn/s/blog_6943970c0102zfmd.html	方志耀.1991-留一些空间【飞碟】【WAV+CUE】
https://blog.sina.com.cn/s/blog_6943970c0102zfm7.html	郑绪岚.2012-隽永留声歌坛辉煌系列.金碟珍藏版【WAV+CUE】
https://blog.sina.com.cn/s/blog_6943970c0102zfm4.html	曹杨.2020-规定情境【阿尔发】【FLAC分轨】
https://blog.sina.com.cn/s/blog_6943970c0102zflz.html	满江.2016-Mr.Man【易柏文化】【FLAC分轨】
https://blog.sina.com.cn/s/blog_6943970c0102zfll.html	严淑明.2003-刮目相看【全员集合】【WAV+CUE】
https://blog.sina.com.cn/s/blog_6943970c0102zflm.html	丁薇.2017-松绑【Cooking.Vinyl】【WAV+CUE】
https://blog.sina.com.cn/s/blog_6943970c0102zfl8.html	彭健新.1985-24小时（2009年环球复黑王）【宝丽金】【WAV+CUE】
https://blog.sina.com.cn/s/blog_6943970c0102zfl7.html	本多RURU.2003-SWEET.TALK跟我说【维京】【WAV+CUE】
https://blog.sina.com.cn/s/blog_6943970c0102zfl5.html	郑欣宜.2013-The.Voice.Of.Love【环球】【WAV+CUE】
https://blog.sina.com.cn/s/blog_6943970c0102zfkx.html	黄品源.1992-面对品源【友善的狗】【WAV+CUE】
https://blog.sina.com.cn/s/blog_6943970c0102zfkv.html	刘思涵.2020-爱,未满【SONY】【WAV+CUE】
https://blog.sina.com.cn/s/blog_6943970c0102zfku.html	许嵩.2021-呼吸之野【太合音乐】【WAV+CUE】
https://blog.sina.com.cn/s/blog_6943970c0102zfk9.html	吴雨霏.2018-BestofKary新曲+精丫新艺宝】【FLAC分轨】
https://blog.sina.com.cn/s/blog_6943970c0102zfjx.html	秦勇.2013-一起长大【竹书】【WAV+CUE】
https://blog.sina.com.cn/s/blog_6943970c0102zfjt.html	黄翊.1990-DANCE.AND.ROMANCE【新艺宝】【WAV+CUE】
https://blog.sina.com.cn/s/blog_6943970c0102zfjs.html	张国荣.2016-精选16首GREATEST.HITS.UPM.24K金碟【华星】【WAV+CUE…
https://blog.sina.com.cn/s/blog_6943970c0102zfjr.html	鞠红川（小川）.2011-穿越【天圆唱片】【WAV+CUE】
https://blog.sina.com.cn/s/blog_6943970c0102zfjp.html	金志文.2021-再打开便是青春之门【奔跑怪物】【FLAC分轨】
https://blog.sina.com.cn/s/blog_6943970c0102zfjn.html	王菲.2020-环球24K金碟系列18CD（11-15）【环球】【WAV+CUE】
https://blog.sina.com.cn/s/blog_6943970c0102zfjl.html	王菲.2020-环球24K金碟系列18CD（1-5）【环球】【WAV+CUE】
https://blog.sina.com.cn/s/blog_6943970c0102zfjk.html	萧蔷.2005-Bella【全员集合】【WAV+CUE】
https://blog.sina.com.cn/s/blog_6943970c0102zfiq.html	李克勤.1988-夏日之神话（2013年环球25周年24KGold金碟版）【环球…
https://blog.sina.com.cn/s/blog_6943970c0102zfip.html	张蔷.2021-与众不同的男人【力群芬芳】【WAV+CUE】
https://blog.sina.com.cn/s/blog_6943970c0102zfij.html	刘子千.2009-MR.Why【华纳】【WAV+CUE】
https://blog.sina.com.cn/s/blog_6943970c0102zfig.html	邓丽君-日本宝丽多全集9-11（日本环球首度复刻版11CD）【WAV+CUE】
https://blog.sina.com.cn/s/blog_6943970c0102zfif.html	邓丽君-日本宝丽多全集5-8（日本环球首度复刻版11CD）【WAV+CUE】
https://blog.sina.com.cn/s/blog_6943970c0102zfi8.html	萧煌奇.2021-舞台（台语）【环球】【FLAC分轨】
https://blog.sina.com.cn/s/blog_6943970c0102zfhk.html	温碧霞.1991-IRENE【Homerun】【WAV+CUE】
https://blog.sina.com.cn/s/blog_6943970c0102zfhb.html	李玖哲.2007-想太多【华纳】【WAV+CUE】
https://blog.sina.com.cn/s/blog_6943970c0102zfha.html	郑少秋.1996-旧曲情怀【风行】【WAV+CUE】
https://blog.sina.com.cn/s/blog_6943970c0102zfgf.html	汪明荃.1980-千王之王(2010年娱乐50周年金装系纪念列）【娱乐】【W…
https://blog.sina.com.cn/s/blog_6943970c0102zffv.html	蔡一杰.2018-ONE【寰亚】【WAV+CUE】
https://blog.sina.com.cn/s/blog_6943970c0102zff1.html	梅艳芳.1985-梅艳芳（2004年华星DSD复刻版）【华星】【WAV+CUE】
https://blog.sina.com.cn/s/blog_6943970c0102zfdw.html	许冠英.1993-一生渴望【新艺宝】【WAV+CUE】
https://blog.sina.com.cn/s/blog_6943970c0102zfd3.html	何洁.2006-发光体【艾回】【WAV+CUE】
https://blog.sina.com.cn/s/blog_6943970c0102zfcl.html	尚雯婕.2007-在梵高的星空下【华谊兄弟】【WAV+CUE】
https://blog.sina.com.cn/s/blog_6943970c0102zfc7.html	汪小敏.2020-怕水的鱼EP【盛华宣】【WAV分轨】
https://blog.sina.com.cn/s/blog_6943970c0102zfbs.html	何嘉文.1998-哇哈哈【歌莱美】【WAV+CUE】
https://blog.sina.com.cn/s/blog_6943970c0102zfb6.html	山口百恵.1991-超级精选（澳洲版金碟）【CBSSONY】【WAV+CUE】
https://blog.sina.com.cn/s/blog_6943970c0102zfb4.html	温兆伦.2004-国语大碟全记录2CD【娱乐唱片】【WAV+CUE】
https://blog.sina.com.cn/s/blog_6943970c0102zfb1.html	李湘.2001-同名专辑【瀚影文化】【WAV+CUE】
https://blog.sina.com.cn/s/blog_6943970c0102zfay.html	周润发.1988-12分十分寸EP【华纳】【FLAC+CUE】
https://blog.sina.com.cn/s/blog_6943970c0102zfaz.html	许廷铿.2011-出走三部曲【星焕国际】【WAV+CUE】
https://blog.sina.com.cn/s/blog_6943970c0102zf5v.html	郑嘉颖.1993-KEVIN【宝丽金】【WAV+CUE】
https://blog.sina.com.cn/s/blog_6943970c0102zf59.html	郑秀文.1994-失忆（2013年华星40金唱片系列）【华星】【WAV+CUE】
https://blog.sina.com.cn/s/blog_6943970c0102zf56.html	周传雄.2005-星空下的传说【环球】【WAV+CUE】
https://blog.sina.com.cn/s/blog_6943970c0102zf4u.html	许志安.1994-Unique（2013年华星40金唱片系列）【华星】【WAV+CUE…
https://blog.sina.com.cn/s/blog_6943970c0102zf4o.html	张镐哲.2004-我依然期待明天DSD（引进版）【环球】【WAV+CUE】
https://blog.sina.com.cn/s/blog_6943970c0102zf4k.html	吴莫愁.2015-接近无限【SONY】【WAV+CUE】
https://blog.sina.com.cn/s/blog_6943970c0102zf4j.html	吴莫愁.2014-无所不在【梦想强音】【WAV+CUE】
https://blog.sina.com.cn/s/blog_6943970c0102zf48.html	邓丽君.1980-势不两立（2013环球K2HD限量版）【环球】【WAV+CYE】
https://blog.sina.com.cn/s/blog_6943970c0102zf46.html	郭品超.2007-同行【华纳】【WAV+CUE】
https://blog.sina.com.cn/s/blog_6943970c0102zf41.html	陈势安.2016-亲爱的偏执狂【华纳】【FLAC分轨】
https://blog.sina.com.cn/s/blog_6943970c0102zf3r.html	林忆莲.2007.02-华纳最出色系列3CD【华纳】【WAV+CUE】
https://blog.sina.com.cn/s/blog_6943970c0102zf3q.html	尚雯婕.2016-BlackGolden黑金【黑金时尚】【FLAC分轨】
https://blog.sina.com.cn/s/blog_6943970c0102zf2t.html	张震岳.2004-97-04岳慢岳快【滚石】【WAV+CUE】
https://blog.sina.com.cn/s/blog_6943970c0102zeyd.html	叶世荣.2003-Remember.You【步升】【WAV+CUE】
https://blog.sina.com.cn/s/blog_6943970c0102zey5.html	蔡程昱.2021-蔡程昱（EP）【FLAC分轨】（24BIT）
https://blog.sina.com.cn/s/blog_6943970c0102zexm.html	陈慧琳.2000-Kelly.Chen.Collection.1995-2000（10周年24K金碟版2C…
https://blog.sina.com.cn/s/blog_6943970c0102zexk.html	胡彦斌.2018-覅忒好【华宇世博】【WAV+CUE】
https://blog.sina.com.cn/s/blog_6943970c0102zex9.html	王菲.1994-迷（2010年K2HD限量版）【新艺宝】【WAV+CUE】
https://blog.sina.com.cn/s/blog_6943970c0102zex5.html	刘美君.2007-PRUDENCE.LIEW.LPCD45（雨果限量版）【SONY】【WAV+CU…
https://blog.sina.com.cn/s/blog_6943970c0102zetw.html	刘德华.2003-环球DSD视听之王【环球】【WAV+CUE】
https://blog.sina.com.cn/s/blog_6943970c0102zetg.html	谭咏麟.2008-不一样的谭咏麟-完全篇（环保版）【环球】【WAV+CUE】
https://blog.sina.com.cn/s/blog_6943970c0102zeta.html	郑少秋.2001-世纪之丫娱乐唱片】【WAV+CUE】
https://blog.sina.com.cn/s/blog_6943970c0102zesy.html	邝美云.1987-精装歌集（2011年环球24KGOLD限量版）【环球】【WAV+C…
https://blog.sina.com.cn/s/blog_6943970c0102zesx.html	沙宝亮.2009-无名指【太合麦田】【FLAC分轨】
https://blog.sina.com.cn/s/blog_6943970c0102zepg.html	关正杰.2013-100％IN.GOLD.百分百关正杰（K2HD限量版）【新世纪】…
https://blog.sina.com.cn/s/blog_6943970c0102zep6.html	萧亚轩.2020-NakedTruth赤裸真相【轩亚娱乐】【FLAC分轨】
https://blog.sina.com.cn/s/blog_6943970c0102zenz.html	古巨基.2012-The.Very.Best.of.Leo.Collection.4CD【金牌大风】【W…
https://blog.sina.com.cn/s/blog_6943970c0102zenv.html	潘美辰.2003-最好的金选集【瑞华】【WAV+CUE】
https://blog.sina.com.cn/s/blog_6943970c0102zenr.html	梁朝伟.1993-难以忘记的你（2013年华星40金唱片限量版）【华星】【…
https://blog.sina.com.cn/s/blog_6943970c0102zek6.html	张学友.1994-24K.GOLD金藏集4CD【宝丽金】【WAV+CUE】
https://blog.sina.com.cn/s/blog_6943970c0102zek5.html	阿朵.2008-宝藏【太合麦田】【FLAC分轨】
https://blog.sina.com.cn/s/blog_6943970c0102zegu.html	关心妍.2014-说（新歌+精选）【星娱乐】【WAV+CUE】
https://blog.sina.com.cn/s/blog_6943970c0102zef3.html	侧田.2007-JTV【金牌大风】【WAV+CUE】
https://blog.sina.com.cn/s/blog_6943970c0102zeev.html	周蕙.2020-豁然律Dawned.on.Me【华研国际】【FLAC分轨】
https://blog.sina.com.cn/s/blog_6943970c0102ze50.html	胡杏儿.2008-Evolve【NewayStar】【WAV+CUE】
https://blog.sina.com.cn/s/blog_6943970c0102ze36.html	林忆莲.1988-06-READY(2011年K2HD限量版)【SONY】【WAV+CUE】
https://blog.sina.com.cn/s/blog_6943970c0102ze2u.html	张学友.1994-饿狼传说（2014年环球20周年24K金碟限量版)【环球】【…
https://blog.sina.com.cn/s/blog_6943970c0102ze2r.html	张韶涵.2013-有形的翅膀【美妙音乐】【WAV+CUE】
https://blog.sina.com.cn/s/blog_6943970c0102ze1t.html	成龙.1988-午夜吻别前（2014年华星40金碟）【华星】【WAV+CUE】
https://blog.sina.com.cn/s/blog_6943970c0102ze1u.html	许景淳.1997-硕果景淳金奖全记录荣耀十五首【滚石】【WAV+CUE】
https://blog.sina.com.cn/s/blog_6943970c0102ze06.html	华纳群星.1993-四星汇聚4CD【华纳】【WAV+CUE】
https://blog.sina.com.cn/s/blog_6943970c0102ze04.html	莫文蔚.2010-宝贝【环球】【WAV+CUE】
https://blog.sina.com.cn/s/blog_6943970c0102zdzp.html	张学友.2004-活出生命LIVE演唱会2CD（2012环球K2HD限量版）【环球…
https://blog.sina.com.cn/s/blog_6943970c0102zdzk.html	甄妮.1988-88演唱会【华星】【WAV+CUE】
https://blog.sina.com.cn/s/blog_6943970c0102zdwx.html	林慧萍.2001-细说从头4CD【歌林】【WAV+CUE】
https://blog.sina.com.cn/s/blog_6943970c0102zdw7.html	刘德华.1991-一起走过的日子（2009年环球LPCD雨果限量版）【环球】…
https://blog.sina.com.cn/s/blog_6943970c0102zdmf.html	林志颖.1999-华纳我爱经典系列2CD【华纳】【WAV+CUE】
https://blog.sina.com.cn/s/blog_6943970c0102zdlw.html	郑秀文.2014-Sammi.Miracle.Best.Collection.2CD【寰亚唱片】【WAV…
https://blog.sina.com.cn/s/blog_6943970c0102zdhx.html	环球群星.2014-Best.Works.of.Mark.Lui雷颂德作品4CD【环球】【WAV…
https://blog.sina.com.cn/s/blog_6943970c0102zdhh.html	谢霆锋.2001-Senses来日纪念盘（日版）【英皇娱乐】【WAV+CUE】
https://blog.sina.com.cn/s/blog_6943970c0102zdhf.html	林忆莲.1991-02-梦了、疯了、倦了(2013年LPCD45雨果限量版）【华纳…
https://blog.sina.com.cn/s/blog_6943970c0102zdd9.html	伊能静.1995-藏爱经典2CD（瑞华版）【飞鹰】【WAV+CUE】
https://blog.sina.com.cn/s/blog_6943970c0102zdd2.html	刘文正.2005-闪亮岁月·刘文正全集2-3CD【东尼】【WAV+CUE】
https://blog.sina.com.cn/s/blog_6943970c0102zdd1.html	刘文正.2005-闪亮岁月·刘文正全集1-3CD【东尼】【WAV+CUE】
https://blog.sina.com.cn/s/blog_6943970c0102zd8a.html	钟镇涛.1989-人潮內....我像独行【Epic】【WAV+CUE】
https://blog.sina.com.cn/s/blog_6943970c0102zd3o.html	齐秦.1998-全盛时期精丫宝丽金】【WAV+CUE】
https://blog.sina.com.cn/s/blog_6943970c0102zcjc.html	黄敏华.1988-挑战【EMI百代】【WAV+CUE】
https://blog.sina.com.cn/s/blog_6943970c0102zcee.html	蔡国权.1998-创作我的歌32首.2CD【宝丽金】【WAV+CUE】
https://blog.sina.com.cn/s/blog_6943970c0102zcdu.html	陈楚生.2020-忘不了（致敬宝丽金50周年EP）【环球】【FLAC分轨】
https://blog.sina.com.cn/s/blog_6943970c0102zcdo.html	梁朝伟.2002-风沙精选4CD【环球】【WAV+CUE】
https://blog.sina.com.cn/s/blog_6943970c0102zcai.html	张惠妹孙燕姿.2009-2Her遇见…我要快乐【华纳】【WAV+CUE】
https://blog.sina.com.cn/s/blog_6943970c0102zc8i.html	张楚.1997-造飞机的工厂【魔岩】【WAV+CUE】
https://blog.sina.com.cn/s/blog_6943970c0102zc5x.html	黄品源.1990-男配角心声【滚石】【WAV+CUE】
https://blog.sina.com.cn/s/blog_6943970c0102zc58.html	张卫健.2005-张卫健的主题曲【全员集合】【WAV+CUE】
https://blog.sina.com.cn/s/blog_6943970c0102zc23.html	蔡蓝钦.1987-这个世界纪念专辑（百佳唱片NO.27）【飞碟】【WAV+CUE…
https://blog.sina.com.cn/s/blog_6943970c0102zc1n.html	费玉清.1990-40，50.60年代名曲经典3CD【南方唱片】【WAV+CUE】
https://blog.sina.com.cn/s/blog_6943970c0102zc07.html	林志颖.1998-黎明破晓前【丰华】【WAV+CUE】
https://blog.sina.com.cn/s/blog_6943970c0102zbq4.html	梁咏琪.2020-Preludio【环球】【FLAC分轨】
https://blog.sina.com.cn/s/blog_6943970c0102zb9j.html	朱哲琴.2013-月出2CD【达达娃文化】【WAV+CUE】
https://blog.sina.com.cn/s/blog_6943970c0102zb6x.html	刘柏辛.2019-无限意识MetaEgo【泥鞋文化】【WAV分轨】
https://blog.sina.com.cn/s/blog_6943970c0102zarb.html	谭耀文.1999-精精精选【华星】【WAV+CUE】
https://blog.sina.com.cn/s/blog_6943970c0102zahu.html	韩磊.2012-影视金曲精选集帝王之声K2HD【新时代】【WAV+CUE】
https://blog.sina.com.cn/s/blog_6943970c0102za8d.html	叶玉卿.1994-打喷嚏新歌+精丫飞图】【WAV+CUE】
https://blog.sina.com.cn/s/blog_6943970c0102za7i.html	周冰倩.1997-周冰倩珍藏精选【WAV+CUE】
https://blog.sina.com.cn/s/blog_6943970c0102z9si.html	林子祥.2011-GEORGE.LAM.祥情35(6CD)【WAV+CUE】
https://blog.sina.com.cn/s/blog_6943970c0102z5hk.html	陈粒.2015-如也【WAV+CUE】
https://blog.sina.com.cn/s/blog_6943970c0102z44e.html	李健.2015-李健第六张创作专辑【海蝶】【WAV+CUE】
https://blog.sina.com.cn/s/blog_6943970c0102ytm3.html	林俊杰.2014-同名精选K2HD【NEWCENTURY】【WAV+CUE】
https://blog.sina.com.cn/s/blog_6943970c0102ymu5.html	张惠妹.2007-爱的力量(10年情歌最精选)2CD【丰华】【WAV+CUE】
https://blog.sina.com.cn/s/blog_6943970c0102ykld.html	张也-名人独唱专辑人间第一情【WAV+CUE】
https://blog.sina.com.cn/s/blog_6943970c0102yhhe.html	毛不易.2018-平凡的一天2CD【智慧大狗】【WAV+CUE】
